bet_id,sportsbook,type,status,odds,closing_line,ev,amount,profit,time_placed,time_settled,time_placed_iso,time_settled_iso,bet_info,tags,sports,leagues
639255489746534812,Draftkings Sportsbook,straight,SETTLED_WIN,1.8695652173913042,,,55,47.82,09/21/2026 00:56:15 GMT,09/21/2026 03:55:08 GMT,2026-09-21T00:56:15.335Z,2026-09-21T03:55:08.725Z,Over 58.5 Live Josh Downs Receiving Yards O/U IND Colts @ KC Chiefs,,American Football,NFL
1778641203,PrizePicks,round_robin_2,SETTLED_WIN,2,,,25,25.00,09/20/2026 04:10:13 GMT,09/21/2026 03:23:00 GMT,2026-09-20T04:10:13.632Z,2026-09-21T03:23:00.000Z,Over 0.5 Patrick Mahomes Pass Yards KC vs. IND | Over 4.5 Robert Spillane Tackles+Ast NE vs. PIT,,American Football,NFL
639255459278353176,Draftkings Sportsbook,parlay,SETTLED_WIN,5.02,,,20,80.40,09/21/2026 00:05:28 GMT,09/21/2026 03:22:43 GMT,2026-09-21T00:05:28.746Z,2026-09-21T03:22:43.000Z,15+ Patrick Mahomes Rushing Yards IND Colts @ KC Chiefs | 4+ Tyler Warren Receptions IND Colts @ KC Chiefs | 80+ Kenneth Walker III Rushing Yards IND Colts @ KC Chiefs,,American Football,NFL
639255315816952489,Draftkings Sportsbook,parlay,SETTLED_WIN,1.9090909090909092,,,55,50.00,09/20/2026 20:06:22 GMT,09/20/2026 23:25:00 GMT,2026-09-20T20:06:22.545Z,2026-09-20T23:25:00.000Z,220+ Dak Prescott Passing Yards WAS Commanders @ DAL Cowboys | DAL Cowboys -2.5 Spread Alternate WAS Commanders @ DAL Cowboys,,American Football,NFL
639255331923258623,Draftkings Sportsbook,straight,SETTLED_LOSS,5.16,,,20,-20.00,09/20/2026 20:33:13 GMT,09/20/2026 23:21:19 GMT,2026-09-20T20:33:13.578Z,2026-09-20T23:21:19.438Z,20+ Live Drew Lock Rushing Yards SEA Seahawks @ ARI Cardinals,,American Football,NFL
639255316118310972,Draftkings Sportsbook,straight,SETTLED_LOSS,5.95,,,20,-20.00,09/20/2026 20:06:52 GMT,09/20/2026 23:00:26 GMT,2026-09-20T20:06:52.726Z,2026-09-20T23:00:26.443Z,Trevor Lawrence Live Anytime TD Scorer JAX Jaguars @ DEN Broncos,,American Football,NFL
639254733481782987,Draftkings Sportsbook,straight,SETTLED_LOSS,1.8849557522123894,2.0174794616325817,-0.0657,55,-55.00,09/20/2026 03:55:49 GMT,09/20/2026 20:05:00 GMT,2026-09-20T03:55:49.437Z,2026-09-20T20:05:00.000Z,Over 27.5 Drake Maye Rushing Yards O/U PIT Steelers @ NE Patriots,,American Football,NFL
639255200341396306,Draftkings Sportsbook,parlay,SETTLED_LOSS,118.55,,,5,-5.00,09/20/2026 16:53:54 GMT,09/20/2026 20:03:00 GMT,2026-09-20T16:53:54.692Z,2026-09-20T20:03:00.000Z,PHI Eagles -6.5 Spread Alternate PHI Eagles @ TEN Titans | Over 61.5 Christian McCaffrey Rushing Yards O/U MIA Dolphins @ SF 49ers | GB Packers -2.5 Spread Alternate GB Packers @ NY Jets | 60+ Trey McBride Receiving Yards SEA Seahawks @ ARI Cardinals | Over 45.5 Total Alternate MIN Vikings @ CHI Bears | 25+ Caleb Williams Rushing Yards MIN Vikings @ CHI Bears | 40+ Mack Hollins Receiving Yards PIT Steelers @ NE Patriots | 25+ Drake Maye Rushing Yards PIT Steelers @ NE Patriots,,American Football,NFL
639255152372626905,Draftkings Sportsbook,straight,SETTLED_LOSS,1.925925925925926,,,55,-55.00,09/20/2026 15:33:57 GMT,09/20/2026 20:03:00 GMT,2026-09-20T15:33:57.875Z,2026-09-20T20:03:00.000Z,230+ Caleb Williams Passing Yards MIN Vikings @ CHI Bears,,American Football,NFL
639254774502119419,Draftkings Sportsbook,straight,SETTLED_WIN,1.9174311926605505,1.9714871237764917,-0.0274,55,50.45,09/20/2026 05:04:10 GMT,09/20/2026 20:03:00 GMT,2026-09-20T05:04:10.922Z,2026-09-20T20:03:00.000Z,31+ Dontayvion Wicks Receiving Yards PHI Eagles @ TEN Titans,,American Football,NFL
1776605630,PrizePicks,round_robin_2,SETTLED_WIN,3,,,15,30.00,09/19/2026 01:08:20 GMT,09/20/2026 20:03:00 GMT,2026-09-19T01:08:20.962Z,2026-09-20T20:03:00.000Z,Over 0.5 Derrick Henry Rush Yards BAL vs. NO | Over 60.5 Aymeric Laporte Passes Attempted Athletic vs. Alavés,,American Football | Soccer,NFL | La Liga
639255151484229188,Draftkings Sportsbook,parlay,SETTLED_LOSS,20.55,,,20,-20.00,09/20/2026 15:32:29 GMT,09/20/2026 20:00:00 GMT,2026-09-20T15:32:29.843Z,2026-09-20T20:00:00.000Z,Saquon Barkley Anytime TD Scorer PHI Eagles @ TEN Titans | David Montgomery Anytime TD Scorer CIN Bengals @ HOU Texans | Trevor Lawrence Anytime TD Scorer JAX Jaguars @ DEN Broncos,,American Football,NFL
639254733112961660,Draftkings Sportsbook,straight,SETTLED_WIN,1.7407407407407407,1.7077486712022112,0.0193,55,40.74,09/20/2026 03:55:11 GMT,09/20/2026 20:00:00 GMT,2026-09-20T03:55:11.339Z,2026-09-20T20:00:00.000Z,Over 2.5 Xavier Hutchinson Receptions O/U CIN Bengals @ HOU Texans,,American Football,NFL
639254776295365268,Draftkings Sportsbook,parlay,SETTLED_WIN,4.15,3.7525022543889492,0.1059,25,78.75,09/20/2026 05:07:10 GMT,09/20/2026 19:56:37 GMT,2026-09-20T05:07:10.725Z,2026-09-20T19:56:37.433Z,Over 2.5 Kalif Raymond Receptions O/U MIN Vikings @ CHI Bears | NE Patriots Moneyline PIT Steelers @ NE Patriots,,American Football,NFL
c0b30f14-2ff3-455f-962e-fb1e83a93c30,Onyx,straight,SETTLED_WIN,1.9090909090909092,,,50,45.45,09/19/2026 20:26:02 GMT,09/20/2026 18:13:40 GMT,2026-09-19T20:26:02.002Z,2026-09-20T18:13:40.889Z,Rashod Bateman Over 37.5 Player Receiving Yards New Orleans Saints @ Baltimore Ravens,,American Football,NFL
639254594732325714,Draftkings Sportsbook,straight,SETTLED_LOSS,2.67,,,25,-25.00,09/20/2026 00:04:34 GMT,09/20/2026 03:04:34 GMT,2026-09-20T00:04:34.676Z,2026-09-20T03:04:34.676Z,Under 55.5 Live Total LSU @ Ole Miss,,American Football,NCAAFB
639254554047615854,Draftkings Sportsbook,straight,SETTLED_LOSS,2.02,1.744932105763278,0.1576,25,-25.00,09/19/2026 22:56:44 GMT,09/20/2026 02:49:51 GMT,2026-09-19T22:56:44.798Z,2026-09-20T02:49:51.000Z,LSU Moneyline LSU @ Ole Miss,,American Football,NCAAFB
639254283349376525,Draftkings Sportsbook,parlay,SETTLED_LOSS,7.31,,,25,-25.00,09/19/2026 15:25:35 GMT,09/20/2026 02:00:00 GMT,2026-09-19T15:25:35.561Z,2026-09-20T02:00:00.000Z,450+ Georgia Total Yards Georgia @ Arkansas | 400+ Oklahoma Total Yards New Mexico @ Oklahoma | Missouri -27.5 Spread Troy @ Missouri,,American Football,NCAAFB
4219e131-31a8-454d-b77d-1af9cc87848d,Onyx,parlay,SETTLED_WIN,1.925925925925926,2.1551332652738053,-0.1064,50,46.30,09/19/2026 03:50:24 GMT,09/20/2026 01:19:17 GMT,2026-09-19T03:50:24.753Z,2026-09-20T01:19:17.431Z,Alabama Moneyline Florida State @ Alabama | Dallas Wilson Over 51.5 Player Receiving Yards Florida @ Auburn,,American Football,NCAAFB
639253483277633396,Draftkings Sportsbook,parlay,SETTLED_LOSS,2.0300000000000002,2.3025279001514383,-0.1184,30,-30.00,09/18/2026 17:12:07 GMT,09/19/2026 23:15:00 GMT,2026-09-18T17:12:07.837Z,2026-09-19T23:15:00.000Z,South Carolina Moneyline Mississippi State @ South Carolina | Texas Tech Moneyline Houston @ Texas Tech,,American Football,NCAAFB
639254431557835371,Draftkings Sportsbook,parlay,SETTLED_WIN,1.8130081300813008,,,23,18.74,09/19/2026 19:32:36 GMT,09/19/2026 23:00:00 GMT,2026-09-19T19:32:36.622Z,2026-09-19T23:00:00.000Z,400+ SMU Total Yards SMU @ Louisville | Alabama Moneyline Florida State @ Alabama,,American Football,NCAAFB
195956bf-fbf5-4fb5-968b-f25536ce20df,Onyx,straight,SETTLED_LOSS,2.01,2.141033392511618,-0.0612,50,-50.00,09/19/2026 15:14:06 GMT,09/19/2026 19:14:54 GMT,2026-09-19T15:14:06.640Z,2026-09-19T19:14:54.676Z,Brandon White Over 2.5 Player Receptions Tulane @ Kansas State,,American Football,NCAAFB
639254293111409112,Draftkings Sportsbook,straight,SETTLED_WIN,1.925925925925926,2.009476866458376,-0.0416,10.4,9.62,09/19/2026 15:41:51 GMT,09/19/2026 19:00:00 GMT,2026-09-19T15:41:51.245Z,2026-09-19T19:00:00.000Z,Over 62.5 Total North Texas @ Texas State,,American Football,NCAAFB
639254298901553379,Draftkings Sportsbook,straight,SETTLED_LOSS,2.24,2.363196587876066,-0.0521,10,-10.00,09/19/2026 15:51:30 GMT,09/19/2026 19:00:00 GMT,2026-09-19T15:51:30.221Z,2026-09-19T19:00:00.000Z,North Carolina Moneyline North Carolina @ Clemson,,American Football,NCAAFB
f8af226c-3a54-4c30-85a3-65c5354f3308,Onyx,straight,SETTLED_WIN,1.8928571428571428,2,-0.0536,50,44.64,09/18/2026 22:57:12 GMT,09/19/2026 01:33:14 GMT,2026-09-18T22:57:12.027Z,2026-09-19T01:33:14.978Z,Mark Fletcher Jr. Over 77.5 Player Rushing Yards Miami Florida @ Wake Forest,,American Football,NCAAFB
639253686466391228,Draftkings Sportsbook,straight,SETTLED_CASH_OUT,2.12,,,25,-6.63,09/18/2026 22:50:47 GMT,09/19/2026 00:46:59 GMT,2026-09-18T22:50:47.893Z,2026-09-19T00:46:59.119Z,400+ Texas Tech Total Yards Houston @ Texas Tech,,American Football,NCAAFB
1774330637,PrizePicks,round_robin_2,SETTLED_VOID,2.9,,,25,0.00,09/17/2026 16:38:24 GMT,09/18/2026 03:18:00 GMT,2026-09-17T16:38:24.228Z,2026-09-18T03:18:00.000Z,Over 34.5 DJ Moore Receiving Yards BUF vs. DET | Over 17.5 Jared Goff Fantasy Score DET vs. BUF,,American Football,NFL
1774993708,PrizePicks,round_robin_2,SETTLED_LOSS,2.1,,,25,-25.00,09/17/2026 23:20:25 GMT,09/18/2026 03:18:00 GMT,2026-09-17T23:20:25.768Z,2026-09-18T03:18:00.000Z,Over 1.5 James Cook III Receptions BUF vs. DET | Over 0.5 Jahmyr Gibbs Rush Yards DET vs. BUF,,American Football,NFL
639249413475697314,Draftkings Sportsbook,straight,SETTLED_WIN,2,,,50,50.00,09/14/2026 00:09:08 GMT,09/14/2026 03:20:00 GMT,2026-09-14T00:09:08.049Z,2026-09-14T03:20:00.000Z,1+ CeeDee Lamb or George Pickens - Either Player to Score X TD's DAL Cowboys @ NY Giants,,American Football,NFL
639249414751757353,Draftkings Sportsbook,parlay,SETTLED_LOSS,7.98,,,20,-20.00,09/14/2026 00:11:15 GMT,09/14/2026 03:20:00 GMT,2026-09-14T00:11:15.383Z,2026-09-14T03:20:00.000Z,Over 14.5 Theo Johnson Receiving Yards O/U DAL Cowboys @ NY Giants | Javonte Williams Anytime TD Scorer DAL Cowboys @ NY Giants | Over 67.5 George Pickens Receiving Yards O/U DAL Cowboys @ NY Giants,,American Football,NFL
639249118399452723,Draftkings Sportsbook,parlay,SETTLED_CASH_OUT,49.27,,,10,470.74,09/13/2026 15:57:21 GMT,09/14/2026 02:03:06 GMT,2026-09-13T15:57:21.057Z,2026-09-14T02:03:06.828Z,MIN Vikings Moneyline GB Packers @ MIN Vikings | Over 76.5 Saquon Barkley Rushing Yards O/U WAS Commanders @ PHI Eagles | 30+ Jaxson Dart Rushing Yards DAL Cowboys @ NY Giants | Over 47.5 Total CHI Bears @ CAR Panthers | Over 59.5 D'Andre Swift Rushing Yards O/U CHI Bears @ CAR Panthers | CIN Bengals -2.5 Spread Alternate TB Buccaneers @ CIN Bengals | Chase Brown Anytime TD Scorer TB Buccaneers @ CIN Bengals,,American Football,NFL
639249058435587558,Draftkings Sportsbook,straight,SETTLED_WIN,1.8771929824561404,2.0081798071843635,-0.0652,50,43.85,09/13/2026 14:17:24 GMT,09/13/2026 23:25:00 GMT,2026-09-13T14:17:24.435Z,2026-09-13T23:25:00.000Z,Over 13.5 Ashton Jeanty Longest Rush O/U MIA Dolphins @ LV Raiders,,American Football,NFL
639249070230008288,Draftkings Sportsbook,parlay,SETTLED_LOSS,10.78,8.538314970748702,0.2625,20,-20.00,09/13/2026 14:37:04 GMT,09/13/2026 23:25:00 GMT,2026-09-13T14:37:04.464Z,2026-09-13T23:25:00.000Z,80+ Omarion Hampton Rushing Yards ARI Cardinals @ LA Chargers | 80+ Ashton Jeanty Rushing Yards MIA Dolphins @ LV Raiders,,American Football,NFL
639249061807818230,Draftkings Sportsbook,parlay,SETTLED_LOSS,10.91,12.035720835480648,-0.0935,50,-50.00,09/13/2026 14:23:00 GMT,09/13/2026 20:00:00 GMT,2026-09-13T14:23:00.809Z,2026-09-13T20:00:00.000Z,30+ Jaxson Dart Rushing Yards DAL Cowboys @ NY Giants | 50+ Colston Loveland Receiving Yards CHI Bears @ CAR Panthers | 40+ Parker Washington Receiving Yards CLE Browns @ JAX Jaguars | 70+ Justin Jefferson Receiving Yards GB Packers @ MIN Vikings,,American Football,NFL
639249097458545660,Draftkings Sportsbook,parlay,SETTLED_LOSS,10.58,,,25,-25.00,09/13/2026 15:22:26 GMT,09/13/2026 20:00:00 GMT,2026-09-13T15:22:26.375Z,2026-09-13T20:00:00.000Z,Ja'Marr Chase Anytime TD Scorer TB Buccaneers @ CIN Bengals | Justin Jefferson Anytime TD Scorer GB Packers @ MIN Vikings | Javonte Williams Anytime TD Scorer DAL Cowboys @ NY Giants,,American Football,NFL
639249057932964068,Draftkings Sportsbook,straight,SETTLED_WIN,1.8771929824561404,1.9972709285665549,-0.0601,50,43.85,09/13/2026 14:16:34 GMT,09/13/2026 19:33:52 GMT,2026-09-13T14:16:34.683Z,2026-09-13T19:33:52.652Z,Over 76.5 Chris Olave Receiving Yards O/U NO Saints @ DET Lions,,American Football,NFL
639249057414374738,Draftkings Sportsbook,straight,SETTLED_WIN,1.8695652173913042,2.0162559978370007,-0.0728,50,43.47,09/13/2026 14:15:41 GMT,09/13/2026 18:02:54 GMT,2026-09-13T14:15:41.238Z,2026-09-13T18:02:54.057Z,Over 40.5 Jalen Coker Receiving Yards O/U CHI Bears @ CAR Panthers,,American Football,NFL
639249060617261234,Draftkings Sportsbook,straight,SETTLED_LOSS,1.8620689655172413,,,50,-50.00,09/13/2026 14:21:03 GMT,09/13/2026 17:54:18 GMT,2026-09-13T14:21:03.144Z,2026-09-13T17:54:18.923Z,Over 5.5 Wan'Dale Robinson Receiving Yards O/U - 1st Quarter NY Jets @ TEN Titans,,American Football,NFL
639248498360966890,Draftkings Sportsbook,straight,SETTLED_LOSS,2.05,2.209216778422986,-0.0721,100,-100.00,09/12/2026 22:43:57 GMT,09/13/2026 02:30:00 GMT,2026-09-12T22:43:57.670Z,2026-09-13T02:30:00.000Z,Ohio State Moneyline Ohio State @ Texas,,American Football,NCAAFB
639247818484058714,Draftkings Sportsbook,straight,SETTLED_LOSS,2.5300000000000002,2.209216778422986,0.1452,50,-50.00,09/12/2026 03:50:48 GMT,09/13/2026 02:30:00 GMT,2026-09-12T03:50:48.660Z,2026-09-13T02:30:00.000Z,Ohio State Moneyline Ohio State @ Texas,,American Football,NCAAFB
639248194862634496,Draftkings Sportsbook,parlay,SETTLED_LOSS,9.25,,,25,-25.00,09/12/2026 14:18:07 GMT,09/12/2026 22:30:00 GMT,2026-09-12T14:18:07.755Z,2026-09-12T22:30:00.000Z,Over 46.5 Georgia: Team Total Points Western Kentucky @ Georgia | Georgia Tech +10.5 Spread Alternate Tennessee @ Georgia Tech | Illinois Moneyline Duke @ Illinois | 375+ BYU Total Yards Arizona @ BYU,,American Football,NCAAFB
639247818801416817,Draftkings Sportsbook,straight,SETTLED_WIN,2.34,1.9744974418621282,0.1851,25,33.50,09/12/2026 03:51:20 GMT,09/12/2026 19:00:00 GMT,2026-09-12T03:51:20.215Z,2026-09-12T19:00:00.000Z,Michigan +5.5 Spread Oklahoma @ Michigan,,American Football,NCAAFB
639248195719778434,Draftkings Sportsbook,straight,SETTLED_LOSS,1.9523809523809523,2.1550632969259174,-0.0940,27,-27.00,09/12/2026 14:19:32 GMT,09/12/2026 19:00:00 GMT,2026-09-12T14:19:32.283Z,2026-09-12T19:00:00.000Z,Over 49.5 Total Washington State @ Kansas State,,American Football,NCAAFB
639247652020449613,Draftkings Sportsbook,straight,SETTLED_LOSS,2.37,,,25,-25.00,09/11/2026 23:13:22 GMT,09/12/2026 03:00:00 GMT,2026-09-11T23:13:22.585Z,2026-09-12T03:00:00.000Z,375+ Kansas Total Yards Missouri @ Kansas,,American Football,NCAAFB
639246884258537323,Draftkings Sportsbook,parlay,SETTLED_LOSS,2.3,,,25,-25.00,09/11/2026 01:53:46 GMT,09/11/2026 03:27:14 GMT,2026-09-11T01:53:46.309Z,2026-09-11T03:27:14.059Z,50+ Live Kaelon Black Rushing Yards SF 49ers @ LA Rams | 7+ Live Mike Evans Receptions SF 49ers @ LA Rams,,American Football,NFL
639246818176320658,Draftkings Sportsbook,straight,SETTLED_VOID,2.48,,,20,0.00,09/11/2026 00:03:37 GMT,09/11/2026 03:26:57 GMT,2026-09-11T00:03:37.697Z,2026-09-11T03:26:57.105Z,2+ Jake Tonges Receptions SF 49ers @ LA Rams,,American Football,NFL
639246791716331842,Draftkings Sportsbook,parlay,SETTLED_CASH_OUT,5.05,,,20,-11.98,09/10/2026 23:19:32 GMT,09/11/2026 03:26:37 GMT,2026-09-10T23:19:32.025Z,2026-09-11T03:26:37.881Z,40+ Mike Evans Receiving Yards SF 49ers @ LA Rams | 15+ Brock Purdy Rushing Yards SF 49ers @ LA Rams | 2+ Matthew Stafford Passing Touchdowns SF 49ers @ LA Rams,,American Football,NFL
639246732408699443,Draftkings Sportsbook,straight,SETTLED_WIN,2,,,50,50.00,09/10/2026 21:40:41 GMT,09/11/2026 01:11:28 GMT,2026-09-10T21:40:41.903Z,2026-09-11T01:11:28.125Z,1+ Christian McCaffrey Receptions - 1st Quarter SF 49ers @ LA Rams,,American Football,NFL
639245703428579622,Draftkings Sportsbook,parlay,SETTLED_LOSS,3.73,,,25,-25.00,09/09/2026 17:05:44 GMT,09/10/2026 03:20:00 GMT,2026-09-09T17:05:44.120Z,2026-09-10T03:20:00.000Z,20+ Drake Maye Rushing Yards NE Patriots @ SEA Seahawks | 15+ A.J. Barner Receiving Yards NE Patriots @ SEA Seahawks | 3+ Rhamondre Stevenson Receptions NE Patriots @ SEA Seahawks,,American Football,NFL
639245660964631611,Draftkings Sportsbook,straight,SETTLED_LOSS,2.56,2.128238671712243,0.2029,50,-50.00,09/09/2026 15:54:57 GMT,09/10/2026 03:20:00 GMT,2026-09-09T15:54:57.094Z,2026-09-10T03:20:00.000Z,40+ Romeo Doubs Receiving Yards NE Patriots @ SEA Seahawks,,American Football,NFL
639245723211182587,Draftkings Sportsbook,parlay,SETTLED_LOSS,2.38,,,50,-50.00,09/09/2026 17:38:41 GMT,09/10/2026 03:20:00 GMT,2026-09-09T17:38:41.594Z,2026-09-10T03:20:00.000Z,Over 1.5 George Holani Receptions O/U NE Patriots @ SEA Seahawks | Over 1.5 Demario Douglas Receptions O/U NE Patriots @ SEA Seahawks,,American Football,NFL
639244975282793416,Draftkings Sportsbook,parlay,SETTLED_WIN,1.8,1.989861839358992,-0.0954,50,40.01,09/08/2026 20:52:08 GMT,09/09/2026 03:10:00 GMT,2026-09-08T20:52:08.357Z,2026-09-09T03:10:00.000Z,Jessica Pegula Moneyline Jessica Pegula vs Emma Navarro | Ben Shelton +2.5 Sets Spread Ben Shelton vs Carlos Alcaraz,,Tennis,TENNIS
639244173313694557,Draftkings Sportsbook,straight,SETTLED_WIN,1.8928571428571428,,,55.36,47.65,09/07/2026 22:35:31 GMT,09/08/2026 02:30:00 GMT,2026-09-07T22:35:31.433Z,2026-09-08T02:30:00.000Z,400+ SMU Total Yards SMU @ Florida State,,American Football,NCAAFB
639244176049535379,Draftkings Sportsbook,straight,SETTLED_WIN,1.7407407407407407,,,30,21.32,09/07/2026 22:40:04 GMT,09/08/2026 01:37:24 GMT,2026-09-07T22:40:04.928Z,2026-09-08T01:37:24.396Z,Karen Khachanov Live Moneyline Karen Khachanov vs Learner Tien,,Tennis,TENNIS
58583e69-5bb2-42ef-9a1c-75d2a0d5a978,Onyx,parlay,SETTLED_LOSS,1.78125,,,100,-100.00,09/06/2026 22:29:41 GMT,09/07/2026 03:15:25 GMT,2026-09-06T22:29:41.151Z,2026-09-07T03:15:25.277Z,CJ Carr Over 0.5 Player Passing Touchdowns Wisconsin @ Notre Dame | Jaden Greathouse Over 29.5 Player Receiving Yards Wisconsin @ Notre Dame,,American Football,NCAAFB
639243298850318241,Draftkings Sportsbook,parlay,SETTLED_WIN,2.08,,,50,54.00,09/06/2026 22:18:06 GMT,09/07/2026 02:30:00 GMT,2026-09-06T22:18:06.550Z,2026-09-07T02:30:00.000Z,Ole Miss Moneyline Louisville @ Ole Miss | 120+ Ole Miss Total Rushing Yards Louisville @ Ole Miss,,American Football,NCAAFB
639242567231626739,Draftkings Sportsbook,straight,SETTLED_LOSS,1.8130081300813008,,,30,-30.00,09/06/2026 01:58:43 GMT,09/06/2026 02:56:08 GMT,2026-09-06T01:58:43.467Z,2026-09-06T02:56:08.560Z,Under 9.5 Live Western Michigan: Team Total Points Western Michigan @ Michigan,,American Football,NCAAFB
639242485675443093,Draftkings Sportsbook,straight,SETTLED_CASH_OUT,1.819672131147541,2.0880199003243374,-0.1285,55,-45.27,09/05/2026 23:42:47 GMT,09/06/2026 02:55:00 GMT,2026-09-05T23:42:47.578Z,2026-09-06T02:55:00.000Z,Under 49.5 Total Alternate Clemson @ LSU,,American Football,NCAAFB
639242321577721700,Draftkings Sportsbook,straight,SETTLED_WIN,2.05,2.1480169145117083,-0.0456,50,52.50,09/05/2026 19:09:18 GMT,09/05/2026 22:35:00 GMT,2026-09-05T19:09:18.863Z,2026-09-05T22:35:00.000Z,Over 38.5 Penn State: Team Total Points Marshall @ Penn State,,American Football,NCAAFB
639242330369328463,Draftkings Sportsbook,parlay,SETTLED_LOSS,1.9090909090909092,,,50,-50.00,09/05/2026 19:23:58 GMT,09/05/2026 22:35:00 GMT,2026-09-05T19:23:58.262Z,2026-09-05T22:35:00.000Z,400+ Auburn Total Yards Baylor @ Auburn | Auburn Moneyline Baylor @ Auburn,,American Football,NCAAFB
639242184289773514,Draftkings Sportsbook,parlay,SETTLED_LOSS,8.190000000000001,,,25,-25.00,09/05/2026 15:20:30 GMT,09/05/2026 19:00:00 GMT,2026-09-05T15:20:30.299Z,2026-09-05T19:00:00.000Z,North Texas +40.5 Spread North Texas @ Indiana | West Virginia -20.5 Spread Alternate Coastal Carolina @ West Virginia | 275+ Oregon State Total Yards Oregon State @ Houston,,American Football,NCAAFB
639241780412044540,Draftkings Sportsbook,straight,SETTLED_WIN,3.03,2.29,0.3231,50,101.50,09/05/2026 04:07:21 GMT,09/05/2026 19:00:00 GMT,2026-09-05T04:07:21.293Z,2026-09-05T19:00:00.000Z,Over 9.5 North Texas: Team Total Points North Texas @ Indiana,,American Football,NCAAFB
639241652669603724,Draftkings Sportsbook,straight,SETTLED_WIN,1.9523809523809523,,,55,52.38,09/05/2026 00:34:27 GMT,09/05/2026 03:57:15 GMT,2026-09-05T00:34:27.624Z,2026-09-05T03:57:15.808Z,270+ Miami FL Total Receiving Yards Miami FL @ Stanford,,American Football,NCAAFB
639241366718770765,Draftkings Sportsbook,straight,SETTLED_LOSS,1.9090909090909092,1.9975276216256055,-0.0443,50,-50.00,09/04/2026 16:37:51 GMT,09/05/2026 03:00:00 GMT,2026-09-04T16:37:51.976Z,2026-09-05T03:00:00.000Z,Over 51.5 Total UTEP @ Oklahoma,,American Football,NCAAFB
639240851339442639,Draftkings Sportsbook,straight,SETTLED_WIN,1.7692307692307692,,,53.84,41.41,09/04/2026 02:18:54 GMT,09/04/2026 03:45:53 GMT,2026-09-04T02:18:54.712Z,2026-09-04T03:45:53.437Z,300+ Live Colorado Total Yards Colorado @ Georgia Tech,,American Football,NCAAFB
639240756716286393,Draftkings Sportsbook,parlay,SETTLED_LOSS,2.04,,,50,-50.00,09/03/2026 23:41:12 GMT,09/04/2026 03:21:23 GMT,2026-09-03T23:41:12.483Z,2026-09-04T03:21:23.000Z,180+ Georgia Tech Total Rushing Yards Colorado @ Georgia Tech | Georgia Tech Moneyline Colorado @ Georgia Tech,,American Football,NCAAFB
639236971860096649,Draftkings Sportsbook,straight,SETTLED_WIN,1.819672131147541,,,25,20.49,08/30/2026 14:33:07 GMT,08/30/2026 18:02:00 GMT,2026-08-30T14:33:07.596Z,2026-08-30T18:02:00.000Z,Under 4.5 Patrick Cantlay vs Kristoffer Reitan Kristoffer Reitan Birdies or Better - Round 4 O/U Patrick Cantlay vs Kristoffer Reitan,,Golf,GOLF
639236511879694772,Draftkings Sportsbook,straight,SETTLED_WIN,2.09,,,25,27.25,08/30/2026 01:46:29 GMT,08/30/2026 05:00:00 GMT,2026-08-30T01:46:29.376Z,2026-08-30T05:00:00.000Z,180+ UNLV Total Receiving Yards Memphis @ UNLV,,American Football,NCAAFB
639236409741597990,Draftkings Sportsbook,parlay,SETTLED_WIN,1.9523809523809523,,,25,23.80,08/29/2026 22:56:15 GMT,08/30/2026 02:05:00 GMT,2026-08-29T22:56:15.557Z,2026-08-30T02:05:00.000Z,Stanford Moneyline Hawaii @ Stanford | 325+ Stanford Total Yards Hawaii @ Stanford,,American Football,NCAAFB
639091078549389917,Draftkings Sportsbook,straight,SETTLED_WIN,1.8333333333333335,,,5,4.16,03/14/2026 17:57:35 GMT,08/30/2026 01:55:09 GMT,2026-03-14T17:57:35.728Z,2026-08-30T01:55:09.320Z,Over 84.5 MLB 2026 - MIL Brewers Regular Season Wins MIL Brewers 2026,,Baseball,MLB
639236287064332209,Draftkings Sportsbook,straight,SETTLED_WIN,1.925925925925926,2.0299559977657604,-0.0512,25,23.14,08/29/2026 19:31:47 GMT,08/29/2026 22:35:00 GMT,2026-08-29T19:31:47.156Z,2026-08-29T22:35:00.000Z,Virginia -4 Spread NC State @ Virginia,,American Football,NCAAFB
639236164727627908,Draftkings Sportsbook,straight,SETTLED_LOSS,2.38,,,25,-25.00,08/29/2026 16:07:53 GMT,08/29/2026 21:55:00 GMT,2026-08-29T16:07:53.499Z,2026-08-29T21:55:00.000Z,Over 4.5 Ryan Gerard vs Viktor Hovland Ryan Gerard Birdies or Better - Round 3 O/U Ryan Gerard vs Viktor Hovland,,Golf,GOLF
639236127096655496,Draftkings Sportsbook,parlay,SETTLED_LOSS,2.5,,,50,-50.00,08/29/2026 15:05:09 GMT,08/29/2026 19:00:00 GMT,2026-08-29T15:05:09.630Z,2026-08-29T19:00:00.000Z,350+ TCU Total Yards North Carolina @ TCU | Virginia Moneyline NC State @ Virginia,,American Football,NCAAFB
a74a6616-276c-4888-bdc3-dc33e5e285b3,Underdog,parlay,SETTLED_LOSS,2.89,,,50,-50.00,08/28/2026 14:09:08 GMT,08/28/2026 18:48:00 GMT,2026-08-28T14:09:08.000Z,2026-08-28T18:48:00.000Z,Lower 67.5 Patrick Cantlay Round Strokes O/U TOUR Championship R2 | Lower 67.5 Sam Burns Round Strokes O/U TOUR Championship R2,,Golf,GOLF
639234370670054599,Draftkings Sportsbook,parlay,SETTLED_LOSS,20.2,,,50,-50.00,08/27/2026 14:17:48 GMT,08/27/2026 19:30:00 GMT,2026-08-27T14:17:48.510Z,2026-08-27T19:30:00.000Z,Over 4.5 Wyndham Clark vs Cameron Young Wyndham Clark Birdies or Better - Round 1 O/U Wyndham Clark vs Cameron Young | Over 4.5 Si Woo Kim vs Chris Gotterup Si Woo Kim Birdies or Better - Round 1 O/U Si Woo Kim vs Chris Gotterup | Over 4.5 Collin Morikawa vs Sam Burns Collin Morikawa Birdies or Better - Round 1 O/U Collin Morikawa vs Sam Burns | Over 7.5 Jacob Bridgeman vs Russell Henley Jacob Bridgeman Fairways Hit - Round 1 O/U Jacob Bridgeman vs Russell Henley | Hideki Matsuyama 2 Ball - Round 1 Akshay Bhatia vs Hideki Matsuyama | Over 4.5 Robert MacIntyre vs Viktor Hovland Viktor Hovland Birdies or Better - Round 1 O/U Robert MacIntyre vs Viktor Hovland,,Golf,GOLF
639227925670377936,Draftkings Sportsbook,parlay,SETTLED_LOSS,2.7,,,112.74,-112.74,08/20/2026 03:16:06 GMT,08/20/2026 21:22:00 GMT,2026-08-20T03:16:06.885Z,2026-08-20T21:22:00.000Z,Under 68.5 Chris Gotterup Round Score - Round 1 O/U Chris Gotterup vs Tommy Fleetwood | Under 68.5 Tommy Fleetwood Round Score - Round 1 O/U Chris Gotterup vs Tommy Fleetwood,,Golf,GOLF
639228367246661214,Draftkings Sportsbook,straight,SETTLED_LOSS,1.617283950617284,,,200,-200.00,08/20/2026 15:32:04 GMT,08/20/2026 20:09:00 GMT,2026-08-20T15:32:04.660Z,2026-08-20T20:09:00.000Z,Over 2.5 Robert MacIntyre vs Rickie Fowler Robert MacIntyre Bogeys or Worse - Round 1 O/U Robert MacIntyre vs Rickie Fowler,,Golf,GOLF
639227968249580835,Draftkings Sportsbook,parlay,SETTLED_LOSS,3.1,,,100,-100.00,08/20/2026 04:27:05 GMT,08/20/2026 18:05:00 GMT,2026-08-20T04:27:05.471Z,2026-08-20T18:05:00.000Z,Tom Kim 2 Ball - Round 1 Ryan Fox vs Tom Kim | Ryan Gerard 2 Ball - Round 1 Ryan Gerard vs Min Woo Lee,,Golf,GOLF
639224521976806316,Draftkings Sportsbook,parlay,SETTLED_LOSS,6.4,,,50,-50.00,08/16/2026 04:43:17 GMT,08/16/2026 18:35:00 GMT,2026-08-16T04:43:17.524Z,2026-08-16T18:35:00.000Z,Alex Fitzpatrick 2 Ball - Round 4 Alex Fitzpatrick vs Matt McCarty | Over 11.5 Scottie Scheffler vs Sam Burns Scottie Scheffler Pars - Round 4 O/U Scottie Scheffler vs Sam Burns | Under 69.5 Brian Harman Round Score - Round 4 O/U Brian Harman vs Tom Kim | Over 3.5 Xander Schauffele vs Jacob Bridgeman Jacob Bridgeman Birdies or Better - Round 4 O/U Xander Schauffele vs Jacob Bridgeman | Scottie Scheffler Live Top 5 (Including Ties) FedEx St. Jude Championship 2026,,Golf,GOLF
639224479748000237,Draftkings Sportsbook,straight,SETTLED_LOSS,2.5,4.5106815801022515,-0.4458,25,-25.00,08/16/2026 03:32:56 GMT,08/16/2026 04:21:37 GMT,2026-08-16T03:32:56.242Z,2026-08-16T04:21:37.061Z,Islam Makhachev to Win by KO/TKO/DQ or Submission Method of Victory Double Chance Islam Makhachev vs Ian Machado Garry,,MMA,UFC
639224318032298137,Draftkings Sportsbook,straight,SETTLED_LOSS,8.75,6.655495097860483,0.3147,10,-10.00,08/15/2026 23:03:23 GMT,08/16/2026 02:09:36 GMT,2026-08-15T23:03:23.942Z,2026-08-16T02:09:36.211Z,1+ Adley Rutschman Home Runs BOS Red Sox @ PIT Pirates,,Baseball,MLB
639224313167621564,Draftkings Sportsbook,parlay,SETTLED_LOSS,3.4,,,10,-10.00,08/15/2026 22:55:16 GMT,08/16/2026 02:09:33 GMT,2026-08-15T22:55:16.538Z,2026-08-16T02:09:33.771Z,Over 1.5 Adley Rutschman Hits + Runs + RBIs O/U BOS Red Sox @ PIT Pirates | BOS Red Sox Moneyline BOS Red Sox @ PIT Pirates,,Baseball,MLB
639224397202996818,Draftkings Sportsbook,straight,SETTLED_LOSS,2.8,,,5,-5.00,08/16/2026 01:15:20 GMT,08/16/2026 01:39:03 GMT,2026-08-16T01:15:20.380Z,2026-08-16T01:39:03.660Z,Esteban Ribovics to Win by Submission or Decision Method of Victory Double Chance Edson Barboza vs Esteban Ribovics,,MMA,UFC
639224376383483366,Draftkings Sportsbook,straight,SETTLED_WIN,3.6,,,3.54,9.20,08/16/2026 00:40:38 GMT,08/16/2026 01:01:59 GMT,2026-08-16T00:40:38.351Z,2026-08-16T01:01:59.726Z,Chidi Njokuani Live Moneyline Chidi Njokuani vs Joel Alvarez,,MMA,UFC
639223988662644887,Draftkings Sportsbook,straight,SETTLED_WIN,2.05,,,20,21.00,08/15/2026 13:54:27 GMT,08/15/2026 20:25:00 GMT,2026-08-15T13:54:27.244Z,2026-08-15T20:25:00.000Z,Under 68.5 Tommy Fleetwood Round Score - Round 3 O/U Nicolas Echavarria vs Tommy Fleetwood,,Golf,GOLF
3f0849e4-defa-4d9d-af54-d508a118343c,Underdog,parlay,SETTLED_LOSS,4.17,,,26.93,-26.93,08/15/2026 15:59:51 GMT,08/15/2026 19:45:00 GMT,2026-08-15T15:59:51.000Z,2026-08-15T19:45:00.000Z,Higher 3.5 Wyndham Clark Birdies or Better O/U FedEx St. Jude... R3 | Higher 3.5 Patrick Cantlay Birdies or Better O/U FedEx St. Jude... R3 | Higher 3.5 Viktor Hovland Birdies or Better O/U FedEx St. Jude... R3 | Higher 3.5 Sungjae Im Birdies or Better O/U FedEx St. Jude... R3,,Golf,GOLF
25c00fbc-3ff1-4819-abc4-e51743aab246,Underdog,parlay,SETTLED_LOSS,3.27,,,50,-50.00,08/15/2026 13:36:08 GMT,08/15/2026 19:45:00 GMT,2026-08-15T13:36:08.000Z,2026-08-15T19:45:00.000Z,Higher 10.5 Sam Burns Greens in Regulation O/U FedEx St. Jude... R3 | Higher 10.5 Wyndham Clark Greens in Regulation O/U FedEx St. Jude... R3,,Golf,GOLF
639223987303688955,Draftkings Sportsbook,straight,SETTLED_WIN,2,,,20,20.00,08/15/2026 13:52:11 GMT,08/15/2026 18:30:00 GMT,2026-08-15T13:52:11.036Z,2026-08-15T18:30:00.000Z,Bud Cauley 2 Ball - Round 3 Min Woo Lee vs Bud Cauley,,Golf,GOLF
0efee84d-bd52-488a-abec-1c4ea1e9a944,Underdog,parlay,SETTLED_LOSS,9.61,,,50,-50.00,08/15/2026 04:43:47 GMT,08/15/2026 15:30:00 GMT,2026-08-15T04:43:47.000Z,2026-08-15T15:30:00.000Z,Higher 3.5 Eric Cole Birdies or Better O/U FedEx St. Jude... R3 | Higher 3.5 Akshay Bhatia Birdies or Better O/U FedEx St. Jude... R3 | Higher 3.5 Rickie Fowler Birdies or Better O/U FedEx St. Jude... R3 | Higher 3.5 Pierceson Coody Birdies or Better O/U FedEx St. Jude... R3,,Golf,GOLF
7979c489-6aec-48c2-9c5b-9fb20a7631b6,Underdog,parlay,SETTLED_LOSS,4.61,,,50,-50.00,08/14/2026 13:07:38 GMT,08/14/2026 20:15:00 GMT,2026-08-14T13:07:38.000Z,2026-08-14T20:15:00.000Z,Higher 3.5 Wyndham Clark Birdies or Better O/U FedEx St. Jude... R2 | Higher 69.5 Nicolai Hojgaard Round Strokes O/U FedEx St. Jude... R2 | Higher 3.5 Kurt Kitayama Birdies or Better O/U FedEx St. Jude... R2,,Golf,GOLF
c4ecf515-ec57-4a1f-9de8-1b89f8f006cf,Underdog,parlay,SETTLED_LOSS,3.29,,,25,-25.00,08/14/2026 02:33:06 GMT,08/14/2026 16:10:00 GMT,2026-08-14T02:33:06.000Z,2026-08-14T16:10:00.000Z,Lower 7.5 Min Woo Lee Fairways Hit O/U FedEx St. Jude... R2 | Lower 7.5 Jordan Spieth Fairways Hit O/U FedEx St. Jude... R2,,Golf,GOLF
d50c47d8-ec78-4a0e-844a-e74724e8df12,Underdog,parlay,SETTLED_LOSS,3,,,25,-25.00,08/13/2026 16:42:11 GMT,08/13/2026 20:45:00 GMT,2026-08-13T16:42:11.000Z,2026-08-13T20:45:00.000Z,Lower 68.5 Sam Burns Round Strokes O/U FedEx St. Jude... R1 | Lower 68.5 Collin Morikawa Round Strokes O/U FedEx St. Jude... R1,,Golf,GOLF
1393480458188128256,Sleeper,parlay,SETTLED_LOSS,2.6799999999999997,,,10,-10.00,08/13/2026 04:09:00 GMT,08/13/2026 19:00:00 GMT,2026-08-13T04:09:00.149Z,2026-08-13T19:00:00.000Z,O 85.5 Fernando Mendoza Passing Yards ARI @ LV | O 3.5 J.J. Spaun Atleast Birdies FedEx St. Jude Championship,,American Football | Golf,NFL | GOLF
1393484839268655104,Sleeper,parlay,SETTLED_LOSS,3.16,,,90.01,-90.01,08/13/2026 04:26:24 GMT,08/13/2026 19:00:00 GMT,2026-08-13T04:26:24.680Z,2026-08-13T19:00:00.000Z,O 17.5 Carnell Tate Receiving Yards TEN @ SF | O 21.5 Efton Chism Receiving Yards IND @ NE,,American Football,NFL
8e5c8652-f5f4-4285-9dc8-e74856f6c618,Underdog,parlay,SETTLED_LOSS,2.43,,,50,-50.00,08/13/2026 03:27:05 GMT,08/13/2026 17:25:00 GMT,2026-08-13T03:27:05.000Z,2026-08-13T17:25:00.000Z,Higher 3.5 Tom Kim Birdies or Better O/U FedEx St. Jude... R1 | Higher 3.5 Russell Henley Birdies or Better O/U FedEx St. Jude... R1,,Golf,GOLF
8a732ef3-dd6f-4827-a435-00ca1cde3e4b,Underdog,parlay,SETTLED_LOSS,3.89,,,50,-50.00,08/13/2026 03:51:56 GMT,08/13/2026 16:30:00 GMT,2026-08-13T03:51:56.000Z,2026-08-13T16:30:00.000Z,Higher 4.5 Scottie Scheffler Birdies or Better O/U FedEx St. Jude... R1 | Higher 4.5 Hideki Matsuyama Birdies or Better O/U FedEx St. Jude... R1,,Golf,GOLF
8be3a545-ca0f-4def-a8f2-ca0592cd76b4,Underdog,parlay,SETTLED_LOSS,3.32,,,46.5,-46.50,08/13/2026 03:31:26 GMT,08/13/2026 16:10:00 GMT,2026-08-13T03:31:26.000Z,2026-08-13T16:10:00.000Z,Higher 11.5 Tommy Fleetwood Greens in Regulation O/U FedEx St. Jude... R1 | Higher 11.5 Si Woo Kim Greens in Regulation O/U FedEx St. Jude... R1,,Golf,GOLF
639219956408325016,Draftkings Sportsbook,parlay,SETTLED_LOSS,18.73,,,10,-10.00,08/10/2026 21:54:01 GMT,08/11/2026 04:38:00 GMT,2026-08-10T21:54:01.920Z,2026-08-11T04:38:00.000Z,Under 4.5 Bryce Elder Strikeouts Thrown O/U NY Mets @ ATL Braves | Under 0.5 Brett Bateman Runs O/U BOS Red Sox @ TOR Blue Jays | 1+ Cameron Cauley Hits + Runs + RBIs TEX Rangers @ LA Angels | 2+ Vaughn Grissom Total Bases TEX Rangers @ LA Angels,,Baseball,MLB
b1392f7d-23eb-4917-a247-21213bbf657c,Underdog,parlay,SETTLED_WIN,5.05,,,50,203.43,08/09/2026 05:26:47 GMT,08/09/2026 19:45:00 GMT,2026-08-09T05:26:47.000Z,2026-08-09T19:45:00.000Z,Higher 13.5 Justin Thomas Greens in Regulation O/U Wyndham Champi... R4 | Higher 13.5 Jackson Koivun Greens in Regulation O/U Wyndham Champi... R4,,Golf,GOLF
639218506606575143,Draftkings Sportsbook,parlay,SETTLED_LOSS,2.6,,,39.98,-39.98,08/09/2026 05:37:41 GMT,08/09/2026 19:45:00 GMT,2026-08-09T05:37:41.999Z,2026-08-09T19:45:00.000Z,Under 2.5 Alex Noren vs Davis Thompson Davis Thompson Bogeys or Worse - Round 4 O/U Alex Noren vs Davis Thompson | Under 2.5 Matt Wallace vs Jackson Koivun Jackson Koivun Bogeys or Worse - Round 4 O/U Matt Wallace vs Jackson Koivun,,Golf,GOLF
639218514525256779,Draftkings Sportsbook,parlay,SETTLED_WIN,2.6,,,50,80.00,08/09/2026 05:50:52 GMT,08/09/2026 19:00:00 GMT,2026-08-09T05:50:52.653Z,2026-08-09T19:00:00.000Z,Under 67.5 Cameron Young Round Score - Round 4 O/U Adrien Saddier vs Cameron Young | Over 8.5 Jordan Spieth vs Justin Thomas Justin Thomas Fairways Hit - Round 4 O/U Jordan Spieth vs Justin Thomas,,Golf,GOLF
639218506052825774,Draftkings Sportsbook,parlay,SETTLED_LOSS,2.5,,,39.98,-39.98,08/09/2026 05:36:45 GMT,08/09/2026 14:25:00 GMT,2026-08-09T05:36:45.155Z,2026-08-09T14:25:00.000Z,Under 2.5 Tom Kim vs Alex Smalley Tom Kim Bogeys or Worse - Round 4 O/U Tom Kim vs Alex Smalley | Over 8.5 Adrien Saddier vs Cameron Young Cameron Young Fairways Hit - Round 4 O/U Adrien Saddier vs Cameron Young,,Golf,GOLF
639218154534721771,Draftkings Sportsbook,straight,SETTLED_WIN,2.2,1.9627906976744187,0.1209,25,30.00,08/08/2026 19:50:53 GMT,08/08/2026 22:43:14 GMT,2026-08-08T19:50:53.513Z,2026-08-08T22:43:14.344Z,Over 25.5 Total Total Bases Athletics @ BOS Red Sox,,Baseball,MLB
1731710668,PrizePicks,round_robin_2,SETTLED_LOSS,3,,,30,-30.00,08/08/2026 15:31:40 GMT,08/08/2026 20:35:00 GMT,2026-08-08T15:31:40.033Z,2026-08-08T20:35:00.000Z,Over 0.5 Eric Cole Birdies or Better Matchup Eric Cole vs. Chad Ramey | Over 4 Max Greyserman Birdies Or Better Max Greyserman vs. Sedgefield Country Club,,Golf,GOLF
639217642243608688,Draftkings Sportsbook,straight,SETTLED_WIN,2.05,,,25,26.25,08/08/2026 05:37:05 GMT,08/08/2026 19:30:00 GMT,2026-08-08T05:37:05.608Z,2026-08-08T19:30:00.000Z,Under 67.5 Davis Thompson Round Score - Round 3 O/U Denny McCarthy vs Davis Thompson,,Golf,GOLF
1391692581372448768,Sleeper,parlay,SETTLED_LOSS,2.4299999999999997,,,29.19,-29.19,08/08/2026 05:44:37 GMT,08/08/2026 19:00:00 GMT,2026-08-08T05:44:37.099Z,2026-08-08T19:00:00.000Z,U 2.5 Brooks Koepka Bogeys Or Worse Wyndham Championship | U 2.5 Tom Kim Bogeys Or Worse Wyndham Championship,,Golf,GOLF
1731427052,PrizePicks,round_robin_2,SETTLED_LOSS,2.6,,,50.5,-50.50,08/08/2026 05:51:12 GMT,08/08/2026 14:55:00 GMT,2026-08-08T05:51:12.829Z,2026-08-08T14:55:00.000Z,Under 14 Aaron Rai Greens In Regulation Aaron Rai vs. Sedgefield Country Club | Under 4.5 Jordan Spieth Birdies Or Better Jordan Spieth vs. Sedgefield Country Club,,Golf,GOLF
639217583103338591,Draftkings Sportsbook,straight,SETTLED_LOSS,2.0300000000000002,,,10,-10.00,08/08/2026 03:58:31 GMT,08/08/2026 04:16:44 GMT,2026-08-08T03:58:31.762Z,2026-08-08T04:16:44.625Z,ATL Braves Live Moneyline ATL Braves @ NY Yankees,,Baseball,MLB
639217393403362059,Draftkings Sportsbook,straight,SETTLED_WIN,2.31,2.0098328416912485,0.1493,25,32.75,08/07/2026 22:42:21 GMT,08/08/2026 01:46:25 GMT,2026-08-07T22:42:21.232Z,2026-08-08T01:46:25.604Z,Yes Will Payton Tolle Record a Win? Athletics @ BOS Red Sox,,Baseball,MLB
1730576482,PrizePicks,round_robin_2,SETTLED_LOSS,3,,,60,-60.00,08/07/2026 17:09:13 GMT,08/07/2026 20:16:00 GMT,2026-08-07T17:09:13.883Z,2026-08-07T20:16:00.000Z,Under 8 Brooks Koepka Fairways Hit Brooks Koepka vs. Sedgefield Country Club | Under 2.5 Tom Kim Bogeys or Worse Tom Kim vs. Sedgefield Country Club - RD 2,,Golf,GOLF
639216712885993298,Draftkings Sportsbook,straight,SETTLED_WIN,2.04,,,100,104.00,08/07/2026 03:48:09 GMT,08/07/2026 15:29:00 GMT,2026-08-07T03:48:09.659Z,2026-08-07T15:29:00.000Z,Over 9.5 Benjamin James Fairways Hit - Round 2 O/U Adrien Dumont de Chassart v Benjamin James v Christo Lamprecht - R2,,Golf,GOLF
e96dbdbf-3259-4685-8e41-8e4fa5b5dfb1,Underdog,parlay,SETTLED_LOSS,8.81,,,7.5,-7.50,08/07/2026 05:14:04 GMT,08/07/2026 15:18:00 GMT,2026-08-07T05:14:04.000Z,2026-08-07T15:18:00.000Z,Lower 68.5 Rasmus Hojgaard Round Strokes O/U Wyndham Champi... R2 | Lower 68.5 Max Greyserman Round Strokes O/U Wyndham Champi... R2 | Lower 68.5 Michael Kim Round Strokes O/U Wyndham Champi... R2 | Lower 68.5 Andrew Novak Round Strokes O/U Wyndham Champi... R2 | Lower 68.5 Eric Cole Round Strokes O/U Wyndham Champi... R2,,Golf,GOLF
1730245217,PrizePicks,round_robin_2,SETTLED_WIN,2.7,,,115,195.50,08/07/2026 05:12:25 GMT,08/07/2026 14:45:00 GMT,2026-08-07T05:12:25.480Z,2026-08-07T14:45:00.000Z,Over 13.5 Jackson Koivun Greens In Regulation Jackson Koivun vs. Sedgefield Country Club | Over 13.5 Ryan Gerard Greens In Regulation Ryan Gerard vs. Sedgefield Country Club,,Golf,GOLF
fabede4b-6ccc-4b66-a37b-1692eae219fa,Underdog,parlay,SETTLED_LOSS,3.32,,,125,-125.00,08/07/2026 06:17:03 GMT,08/07/2026 13:50:00 GMT,2026-08-07T06:17:03.000Z,2026-08-07T13:50:00.000Z,Higher 9.5 Doug Ghim Fairways Hit O/U Wyndham Champi... R2 | Lower 68.5 Max Greyserman Round Strokes O/U Wyndham Champi... R2,,Golf,GOLF
639216510937989984,Draftkings Sportsbook,parlay,SETTLED_WIN,2.04,,,25,26.00,08/06/2026 22:11:35 GMT,08/07/2026 02:10:00 GMT,2026-08-06T22:11:35.081Z,2026-08-07T02:10:00.000Z,2+ Ceddanne Rafaela Hits + Runs + RBIs CHI White Sox @ BOS Red Sox | BOS Red Sox +2.5 Run Line Alternate CHI White Sox @ BOS Red Sox,,Baseball,MLB
1729343271,PrizePicks,round_robin_2,SETTLED_LOSS,2.92,,,25,-25.00,08/06/2026 13:58:52 GMT,08/06/2026 20:05:00 GMT,2026-08-06T13:58:52.613Z,2026-08-06T20:05:00.000Z,Over 2 Doug Ghim Bogeys or Worse Doug Ghim vs. Sedgefield Country Club | Over 2 Alex Noren Bogeys or Worse Alex Noren vs. Sedgefield Country Club,,Golf,GOLF
f24c3216-c41d-4b8a-b5da-58c89f16db12,Underdog,parlay,SETTLED_WIN,2.31,,,25,32.50,08/06/2026 04:51:31 GMT,08/06/2026 19:54:00 GMT,2026-08-06T04:51:31.000Z,2026-08-06T19:54:00.000Z,Higher 1.5 Aaron Rai Bogeys or Worse O/U Wyndham Champi... R1 | Higher 1.5 Hideki Matsuyama Bogeys or Worse O/U Wyndham Champi... R1,,Golf,GOLF
1391088526916853760,Sleeper,parlay,SETTLED_LOSS,1.94,,,50,-50.00,08/06/2026 13:44:19 GMT,08/06/2026 19:00:00 GMT,2026-08-06T13:44:19.293Z,2026-08-06T19:00:00.000Z,O 1.5 Ryan Gerard Bogeys Or Worse Wyndham Championship | O 1.5 Ben Griffin Bogeys Or Worse Wyndham Championship,,Golf,GOLF
639215879328742982,Draftkings Sportsbook,straight,SETTLED_LOSS,1.925925925925926,1.950961818711746,-0.0128,46,-46.00,08/06/2026 04:38:52 GMT,08/06/2026 14:01:00 GMT,2026-08-06T04:38:52.840Z,2026-08-06T14:01:00.000Z,Mac Meissner Matchup - Round 1 Maverick McNealy vs Mac Meissner,,Golf,GOLF
639215675082472325,Draftkings Sportsbook,straight,SETTLED_WIN,2.5,2.1361883056880457,0.1703,25,37.50,08/05/2026 22:58:28 GMT,08/06/2026 00:46:33 GMT,2026-08-05T22:58:28.666Z,2026-08-06T00:46:33.214Z,Under 17.5 Sean Burke Outs O/U CHI White Sox @ BOS Red Sox,,Baseball,MLB
639214896938212848,Draftkings Sportsbook,straight,SETTLED_LOSS,2.13,,,10,-10.00,08/05/2026 01:21:35 GMT,08/05/2026 01:50:57 GMT,2026-08-05T01:21:35.227Z,2026-08-05T01:50:57.683Z,Over 17.5 Live Total CHI White Sox @ BOS Red Sox,,Baseball,MLB
639214734601852915,Draftkings Sportsbook,straight,SETTLED_WIN,2.05,1.811941645758333,0.1314,25,26.25,08/04/2026 20:51:01 GMT,08/04/2026 23:28:12 GMT,2026-08-04T20:51:01.080Z,2026-08-04T23:28:12.687Z,2+ Willson Contreras Hits + Runs + RBIs CHI White Sox @ BOS Red Sox,,Baseball,MLB
639213943571596377,Draftkings Sportsbook,straight,SETTLED_WIN,1.970873786407767,1.9133788896709338,0.0300,25,24.25,08/03/2026 22:52:37 GMT,08/04/2026 00:23:36 GMT,2026-08-03T22:52:37.514Z,2026-08-04T00:23:36.971Z,Over 1.5 Cam Schlittler Earned Runs Allowed O/U STL Cardinals @ NY Yankees,,Baseball,MLB
639213067548933436,Draftkings Sportsbook,straight,SETTLED_WIN,1.900900900900901,1.7232410893024264,0.1031,25,22.50,08/02/2026 22:32:35 GMT,08/03/2026 00:19:06 GMT,2026-08-02T22:32:35.675Z,2026-08-03T00:19:06.468Z,Over 1.5 Emmet Sheehan Earned Runs Allowed O/U BOS Red Sox @ LA Dodgers,,Baseball,MLB
639213005995879439,Draftkings Sportsbook,straight,SETTLED_LOSS,12.75,,,5.95,-5.95,08/02/2026 20:49:59 GMT,08/02/2026 22:07:04 GMT,2026-08-02T20:49:59.983Z,2026-08-02T22:07:04.676Z,Xander Schauffele Live Winner Rocket Classic 2026,,Golf,GOLF
639212276472192506,Draftkings Sportsbook,straight,SETTLED_LOSS,7.8,7.533333333333332,0.0354,5,0.00,08/02/2026 00:34:08 GMT,08/02/2026 03:31:55 GMT,2026-08-02T00:34:08.522Z,2026-08-02T03:31:55.666Z,1+ Andruw Monasterio Home Runs BOS Red Sox @ LA Dodgers,,Baseball,MLB
639212279726977422,Draftkings Sportsbook,parlay,SETTLED_WIN,7.13,,,15,91.95,08/02/2026 00:39:32 GMT,08/02/2026 03:31:52 GMT,2026-08-02T00:39:32.379Z,2026-08-02T03:31:52.809Z,1+ Andruw Monasterio Hits BOS Red Sox @ LA Dodgers | 5+ Payton Tolle Strikeouts Thrown BOS Red Sox @ LA Dodgers | BOS Red Sox Moneyline BOS Red Sox @ LA Dodgers,,Baseball,MLB
639211454723199561,Draftkings Sportsbook,straight,SETTLED_LOSS,8.7,8.529411764705882,0.0200,5,-5.00,08/01/2026 01:44:32 GMT,08/01/2026 05:10:00 GMT,2026-08-01T01:44:32.403Z,2026-08-01T05:10:00.000Z,1+ Caleb Durbin Home Runs BOS Red Sox @ LA Dodgers,,Baseball,MLB
639211468212110391,Draftkings Sportsbook,straight,SETTLED_WIN,2.1399999999999997,2.242971442175792,-0.0459,100,114.00,08/01/2026 02:07:02 GMT,08/01/2026 05:04:00 GMT,2026-08-01T02:07:02.434Z,2026-08-01T05:04:00.150Z,BOS Red Sox Moneyline BOS Red Sox @ LA Dodgers,,Baseball,MLB
639209854211192320,Draftkings Sportsbook,straight,SETTLED_LOSS,47,,,1.8,-1.80,07/30/2026 05:17:01 GMT,07/30/2026 23:01:06 GMT,2026-07-30T05:17:01.690Z,2026-07-30T23:01:06.946Z,Jake Knapp Player Most Birdies or Better - Round 1 Rocket Classic 2026,,Golf,GOLF
1387958871456251904,Sleeper,parlay,SETTLED_LOSS,,,,100,-23.00,07/28/2026 22:28:11 GMT,07/30/2026 19:00:00 GMT,2026-07-28T22:28:11.286Z,2026-07-30T19:00:00.000Z,O 3.5 Chris Gotterup Atleast Birdies Rocket Classic | O 3.5 Wyndham Clark Atleast Birdies Rocket Classic | O 3.5 Xander Schauffele Atleast Birdies Rocket Classic | O 3.5 Si Woo Kim Atleast Birdies Rocket Classic,,Golf,GOLF
1387958607840051200,Sleeper,parlay,SETTLED_PUSH,4.15,,,25,0.00,07/28/2026 22:27:08 GMT,07/30/2026 19:00:00 GMT,2026-07-28T22:27:08.434Z,2026-07-30T19:00:00.000Z,O 3.5 Chris Gotterup Atleast Birdies Rocket Classic | O 3.5 Wyndham Clark Atleast Birdies Rocket Classic | O 3.5 Xander Schauffele Atleast Birdies Rocket Classic | O 3.5 Si Woo Kim Atleast Birdies Rocket Classic,,Golf,GOLF
1388400925202202624,Sleeper,parlay,SETTLED_LOSS,2.49,,,10,-10.00,07/30/2026 03:44:45 GMT,07/30/2026 19:00:00 GMT,2026-07-30T03:44:45.112Z,2026-07-30T19:00:00.000Z,O 3.5 Xander Schauffele Atleast Birdies Rocket Classic | O 3.5 Akshay Bhatia Atleast Birdies Rocket Classic,,Golf,GOLF
1721702947,PrizePicks,round_robin_2,SETTLED_WIN,2.6,,,25,40.00,07/30/2026 04:36:26 GMT,07/30/2026 15:06:00 GMT,2026-07-30T04:36:26.171Z,2026-07-30T15:06:00.000Z,Under 69 Ryan Gerard Strokes Ryan Gerard vs. North Course | Under 69 Akshay Bhatia Strokes Akshay Bhatia vs. North Course,,Golf,GOLF
1387231186476081152,Sleeper,parlay,SETTLED_LOSS,2.51,,,10,-10.00,07/26/2026 22:16:37 GMT,07/27/2026 01:16:37 GMT,2026-07-26T22:16:37.667Z,2026-07-27T01:16:37.667Z,O 6.5 Cristopher Sánchez Strike Outs NYY @ PHI | U 1.5 Anthony Volpe Hits Runs Rbis NYY @ PHI,,Baseball,MLB
639206411088146828,Draftkings Sportsbook,parlay,SETTLED_WIN,2.8,,,20,36.00,07/26/2026 05:38:28 GMT,07/26/2026 20:40:00 GMT,2026-07-26T05:38:28.967Z,2026-07-26T20:40:00.000Z,Over 10.5 Jackson Koivun vs Emiliano Grillo Emiliano Grillo Pars - Round 4 O/U Jackson Koivun vs Emiliano Grillo | Over 10.5 Ben Kohles vs Michael Brennan Ben Kohles Pars - Round 4 O/U Ben Kohles vs Michael Brennan,,Golf,GOLF
1386928730898706432,Sleeper,parlay,SETTLED_WIN,2.6399999999999997,,,20,32.80,07/26/2026 02:14:46 GMT,07/26/2026 19:00:00 GMT,2026-07-26T02:14:46.638Z,2026-07-26T19:00:00.000Z,U 5.5 Jordan L. Smith Atleast Birdies 3M Open | U 5.5 Rasmus Neergaard-Petersen Atleast Birdies 3M Open,,Golf,GOLF
639206398974365947,Draftkings Sportsbook,parlay,SETTLED_LOSS,3.5,,,30,-30.00,07/26/2026 05:18:18 GMT,07/26/2026 15:45:00 GMT,2026-07-26T05:18:18.276Z,2026-07-26T15:45:00.000Z,Emiliano Grillo 2 Ball - Round 4 Jackson Koivun vs Emiliano Grillo | Haotong Li 2 Ball - Round 4 Pontus Nyholm vs Haotong Li,,Golf,GOLF
1386434962604949504,Sleeper,parlay,SETTLED_WIN,2.7199999999999998,,,20,34.40,07/24/2026 17:32:43 GMT,07/24/2026 20:32:43 GMT,2026-07-24T17:32:43.102Z,2026-07-24T20:32:43.102Z,O 0.5 Matthew Boyd Outs CHC @ PIT | O 4.5 Hideki Matsuyama Atleast Birdies 3M Open,,Baseball | Golf,MLB | GOLF
639204669428595992,Draftkings Sportsbook,parlay,SETTLED_LOSS,16,,,50,-50.00,07/24/2026 05:15:44 GMT,07/24/2026 15:18:00 GMT,2026-07-24T05:15:44.432Z,2026-07-24T15:18:00.000Z,Over 2.5 Lucas Glover Bogeys or Worse - Round 2 O/U Steven Fisk v Brian Harman v Lucas Glover - R2 | Over 4.5 Tom Kim Birdies or Better - Round 2 O/U Tom Kim v Charley Hoffman v Casey Jarvis - R2 | Under 68.5 Kurt Kitayama Round Score - Round 2 O/U Kurt Kitayama v Billy Horschel v Jackson Koivun - R2 | Under 69.5 Ben Kohles Round Score - Round 2 O/U Patton Kizzire v Ben Kohles v Hank Lebioda - R2,,Golf,GOLF
639204664814735033,Draftkings Sportsbook,straight,SETTLED_LOSS,1.925925925925926,,,20,-20.00,07/24/2026 05:08:02 GMT,07/24/2026 15:18:00 GMT,2026-07-24T05:08:02.329Z,2026-07-24T15:18:00.000Z,Over 13.5 Kurt Kitayama Greens in Regulation - Round 2 O/U Kurt Kitayama v Billy Horschel v Jackson Koivun - R2,,Golf,GOLF
639204664763902477,Draftkings Sportsbook,straight,SETTLED_WIN,2.04,,,20,20.80,07/24/2026 05:07:57 GMT,07/24/2026 15:18:00 GMT,2026-07-24T05:07:57.332Z,2026-07-24T15:18:00.000Z,Over 12.5 Jackson Koivun Greens in Regulation - Round 2 O/U Kurt Kitayama v Billy Horschel v Jackson Koivun - R2,,Golf,GOLF
639204664714071679,Draftkings Sportsbook,straight,SETTLED_LOSS,2.1,,,20,-20.00,07/24/2026 05:07:52 GMT,07/24/2026 14:45:00 GMT,2026-07-24T05:07:52.929Z,2026-07-24T14:45:00.000Z,Over 13.5 Ben Kohles Greens in Regulation - Round 2 O/U Patton Kizzire v Ben Kohles v Hank Lebioda - R2,,Golf,GOLF
639203734551679392,Draftkings Sportsbook,parlay,SETTLED_LOSS,4.6,,,22,-22.00,07/23/2026 03:17:36 GMT,07/23/2026 20:33:00 GMT,2026-07-23T03:17:36.237Z,2026-07-23T20:33:00.000Z,John Keefer 3 Ball - Round 1 John Keefer v Gordon Sargent v Luke Clanton - R1 | Kurt Kitayama 3 Ball - Round 1 Kurt Kitayama v Billy Horschel v Jackson Koivun - R1,,Golf,GOLF
1386057816267046912,Sleeper,parlay,SETTLED_LOSS,2.51,,,25,-25.00,07/23/2026 16:34:04 GMT,07/23/2026 19:34:04 GMT,2026-07-23T16:34:04.409Z,2026-07-23T19:34:04.409Z,O 4.5 Casey Jarvis Atleast Birdies 3M Open | O 4.5 Tom Kim Atleast Birdies 3M Open,,Golf,GOLF
1385894438328360960,Sleeper,parlay,SETTLED_PUSH,6.2,,,20,0.00,07/23/2026 05:44:52 GMT,07/23/2026 19:00:00 GMT,2026-07-23T05:44:52.072Z,2026-07-23T19:00:00.000Z,O 1.5 Doug Ghim Bogeys Or Worse 3M Open | U 5.5 Scottie Scheffler Atleast Birdies 3M Open | O 1.5 Jackson Koivun Bogeys Or Worse 3M Open | U 5.5 Jake Knapp Atleast Birdies 3M Open | O 1.5 Jordan L. Smith Bogeys Or Worse 3M Open | O 1.5 Hideki Matsuyama Bogeys Or Worse 3M Open,,Golf,GOLF
1385895207068766208,Sleeper,parlay,SETTLED_LOSS,3.12,,,20,-20.00,07/23/2026 05:47:55 GMT,07/23/2026 19:00:00 GMT,2026-07-23T05:47:55.355Z,2026-07-23T19:00:00.000Z,O 0.5 Mackenzie Hughes Strokes 3M Open | O 1.5 Jackson Koivun Bogeys Or Worse 3M Open | U 5.5 Jake Knapp Atleast Birdies 3M Open,,Golf,GOLF
1715199745,PrizePicks,round_robin_2,SETTLED_LOSS,2.6,,,20,-20.00,07/23/2026 03:54:19 GMT,07/23/2026 15:51:00 GMT,2026-07-23T03:54:19.559Z,2026-07-23T15:51:00.000Z,Over 2 Michael Kim Bogeys or Worse Michael Kim vs. TPC Twin Cities | Under 13.5 Keith Mitchell Greens In Regulation Keith Mitchell vs. TPC Twin Cities - RD 1,,Golf,GOLF
1715203610,PrizePicks,round_robin_2,SETTLED_LOSS,2.6,,,20,-20.00,07/23/2026 04:00:51 GMT,07/23/2026 15:07:00 GMT,2026-07-23T04:00:51.305Z,2026-07-23T15:07:00.000Z,Over 69.5 Peter Malnati Strokes Peter Malnati vs. TPC Twin Cities | Over 69 Rico Hoey Strokes Rico Hoey vs. TPC Twin Cities,,Golf,GOLF
639203596323866220,Draftkings Sportsbook,straight,SETTLED_LOSS,2.2,,,25,-25.00,07/22/2026 23:27:12 GMT,07/23/2026 01:59:40 GMT,2026-07-22T23:27:12.725Z,2026-07-23T01:59:40.111Z,BOS Red Sox +3.5 Live Run Line BAL Orioles @ BOS Red Sox,,Baseball,MLB
1711534161,PrizePicks,round_robin_2,SETTLED_LOSS,2.2,,,20,-20.00,07/19/2026 23:01:48 GMT,07/20/2026 02:20:00 GMT,2026-07-19T23:01:48.052Z,2026-07-20T02:20:00.000Z,Over 0.5 Shohei Ohtani Hits+Runs+RBIs LAD vs. NYY | Over 0.5 Ryan Yarbrough Earned Runs Allowed NYY vs. LAD,,Baseball,MLB
639200840213328730,Draftkings Sportsbook,parlay,SETTLED_LOSS,4.1,,,50,-50.00,07/19/2026 18:53:41 GMT,07/19/2026 22:10:00 GMT,2026-07-19T18:53:41.566Z,2026-07-19T22:10:00.000Z,Over 6.5 Total Corners Spain vs Argentina | 1+ Lionel Messi Shots on Target (including Extra Time) Spain vs Argentina | Argentina To Win the Cup Spain vs Argentina,,Soccer,World Cup
1710491097,PrizePicks,round_robin_2,SETTLED_WIN,2.2,,,25,30.00,07/19/2026 13:45:19 GMT,07/19/2026 22:10:00 GMT,2026-07-19T13:45:19.088Z,2026-07-19T22:10:00.000Z,Over 0.5 Lionel Messi Passes Attempted Argentina vs. Spain | Over 0.5 Lamine Yamal Shots On Target Spain vs. Argentina,,Soccer,World Cup
639200683312425290,Draftkings Sportsbook,parlay,SETTLED_LOSS,5.62,,,20,-20.00,07/19/2026 14:32:12 GMT,07/19/2026 21:16:49 GMT,2026-07-19T14:32:12.410Z,2026-07-19T21:16:49.321Z,Spain Moneyline Spain vs Argentina | Sam Burns Live Outright Winner The Open Championship 2026,,Soccer | Golf,World Cup | GOLF
639197579359918162,Draftkings Sportsbook,parlay,SETTLED_LOSS,55.8,,,6.63,-6.63,07/16/2026 00:18:56 GMT,07/19/2026 17:43:38 GMT,2026-07-16T00:18:56.273Z,2026-07-19T17:43:38.567Z,Haotong Li To Make the Cut The Open Championship 2026 | Tom Kim Top 40 The Open Championship 2026 - Top 40 | Justin Thomas Top 40 The Open Championship 2026 - Top 40 | Patrick Reed Top 30 The Open Championship 2026 - Top 40 | Justin Rose Top 30 The Open Championship 2026 - Top 40 | Matt Fitzpatrick Top 30 The Open Championship 2026 - Top 40,,Golf,GOLF
639200349345373606,Draftkings Sportsbook,parlay,SETTLED_WIN,2.5,,,25,37.50,07/19/2026 05:15:35 GMT,07/19/2026 14:15:00 GMT,2026-07-19T05:15:35.240Z,2026-07-19T14:15:00.000Z,Sungjae Im 2 Ball - Round 4 Nicolas Echavarria vs Sungjae Im | Collin Morikawa 2 Ball - Round 4 Francesco Molinari vs Collin Morikawa,,Golf,GOLF
1710265008,PrizePicks,round_robin_2,SETTLED_LOSS,3.24,,,20,-20.00,07/19/2026 05:12:35 GMT,07/19/2026 14:05:00 GMT,2026-07-19T05:12:35.819Z,2026-07-19T14:05:00.000Z,Over 11 Cameron Young Pars Cameron Young vs. Royal Birkdale | Over 11 Jon Rahm Pars Jon Rahm vs. Royal Birkdale,,Golf,GOLF
639200287001643203,Draftkings Sportsbook,parlay,SETTLED_LOSS,3,,,25,-25.00,07/19/2026 03:31:41 GMT,07/19/2026 12:25:00 GMT,2026-07-19T03:31:41.340Z,2026-07-19T12:25:00.000Z,Under 3.5 Marco Penge vs Alex Noren Alex Noren Birdies or Better - Round 4 O/U Marco Penge vs Alex Noren | Under 3.5 Corey Conners vs John Keefer Corey Conners Birdies or Better - Round 4 O/U Corey Conners vs John Keefer,,Golf,GOLF
639200035125282608,Draftkings Sportsbook,parlay,SETTLED_WIN,2.38,,,25,34.50,07/18/2026 20:31:54 GMT,07/18/2026 23:01:31 GMT,2026-07-18T20:31:54.065Z,2026-07-18T23:01:31.047Z,Over 3.5 England: Team Total Corners France vs England | Yes Both Teams to Score France vs England,,Soccer,World Cup
639199411918468540,Draftkings Sportsbook,parlay,SETTLED_LOSS,5,,,50,-50.00,07/18/2026 03:13:11 GMT,07/18/2026 12:55:00 GMT,2026-07-18T03:13:11.863Z,2026-07-18T12:55:00.000Z,Chris Gotterup 2 Ball - Round 3 Adam Scott vs Chris Gotterup | Eric Cole 2 Ball - Round 3 Eric Cole vs M.J. Daffue | Kurt Kitayama 2 Ball - Round 3 Casey Jarvis vs Kurt Kitayama,,Golf,GOLF
639199311372571971,Draftkings Sportsbook,straight,SETTLED_LOSS,1.9523809523809523,,,100,-100.00,07/18/2026 00:25:37 GMT,07/18/2026 12:00:00 GMT,2026-07-18T00:25:37.307Z,2026-07-18T12:00:00.000Z,Keegan Bradley 2 Ball - Round 3 Aldrich Potgieter vs Keegan Bradley,,Golf,GOLF
1707583396,PrizePicks,round_robin_2,SETTLED_LOSS,2.6,,,50,-50.00,07/17/2026 14:11:37 GMT,07/17/2026 17:15:00 GMT,2026-07-17T14:11:37.719Z,2026-07-17T17:15:00.000Z,Over 69 Jon Rahm Strokes Jon Rahm vs. Royal Birkdale - RD 2 | Over 71 MJ Daffue Strokes MJ Daffue vs. Royal Birkdale,,Golf,GOLF
639198554149686437,Draftkings Sportsbook,straight,SETTLED_LOSS,1.9803921568627452,,,82.54,-82.54,07/17/2026 03:23:36 GMT,07/17/2026 16:42:00 GMT,2026-07-17T03:23:36.273Z,2026-07-17T16:42:00.000Z,Over 70.5 Justin Rose Round Score - Round 2 O/U Russell Henley v Justin Rose v Viktor Hovland - R2,,Golf,GOLF
639198545610451135,Draftkings Sportsbook,parlay,SETTLED_LOSS,1.8403361344537816,,,21,-21.00,07/17/2026 03:09:22 GMT,07/17/2026 11:36:00 GMT,2026-07-17T03:09:22.214Z,2026-07-17T11:36:00.000Z,Chris Gotterup Matchup - Round 2 Shane Lowry vs Chris Gotterup | Collin Morikawa Matchup - Round 2 Collin Morikawa vs Cameron Young,,Golf,GOLF
1707158510,PrizePicks,round_robin_2,SETTLED_LOSS,2.7,,,50,-50.00,07/17/2026 00:17:33 GMT,07/17/2026 11:25:00 GMT,2026-07-17T00:17:33.486Z,2026-07-17T11:25:00.000Z,Over 11.5 Chris Gotterup Greens In Regulation Chris Gotterup vs. Royal Birkdale - RD 2 | Over 11.5 Sam Burns Greens In Regulation Sam Burns vs. Royal Birkdale - RD 2,,Golf,GOLF
1707324549,PrizePicks,round_robin_2,SETTLED_VOID,2.7,,,100,0.00,07/17/2026 03:40:35 GMT,07/17/2026 10:25:00 GMT,2026-07-17T03:40:35.848Z,2026-07-17T10:25:00.000Z,Over 3 Keegan Bradley Birdies Or Better Keegan Bradley vs. Royal Birkdale | Over 3 Tom Kim Birdies Or Better Tom Kim vs. Royal Birkdale,,Golf,GOLF
639197671751833598,Draftkings Sportsbook,straight,SETTLED_WIN,1.8064516129032258,1.9184107839659452,-0.0584,54,43.54,07/16/2026 02:52:56 GMT,07/16/2026 16:31:00 GMT,2026-07-16T02:52:56.818Z,2026-07-16T16:31:00.000Z,J.J. Spaun Matchup - Round 1 J.J. Spaun vs Adam Scott,,Golf,GOLF
1706435072,PrizePicks,round_robin_2,SETTLED_LOSS,2.6,,,50,-50.00,07/16/2026 03:20:07 GMT,07/16/2026 14:25:00 GMT,2026-07-16T03:20:07.011Z,2026-07-16T14:25:00.000Z,Over 2.5 Cameron Young Bogeys or Worse Cameron Young vs. Royal Birkdale | Over 3 Sepp Straka Bogeys or Worse Sepp Straka vs. Royal Birkdale,,Golf,GOLF
1706392467,PrizePicks,round_robin_4,SETTLED_LOSS,6,,,50,-50.00,07/16/2026 02:20:14 GMT,07/16/2026 12:20:00 GMT,2026-07-16T02:20:14.797Z,2026-07-16T12:20:00.000Z,Over 3.5 Robert MacIntyre Birdies Or Better Robert MacIntyre vs. Royal Birkdale - RD 1 | Over 3.5 Si Woo Kim Birdies Or Better Si Woo Kim vs. Royal Birkdale - RD 1 | Over 3.5 Matt Fitzpatrick Birdies Or Better Matt Fitzpatrick vs. Royal Birkdale - RD 1 | Over 3.5 Collin Morikawa Birdies Or Better Collin Morikawa vs. Royal Birkdale - RD 1,,Golf,GOLF
1706420962,PrizePicks,round_robin_3,SETTLED_LOSS,4.75,,,50,-50.00,07/16/2026 02:58:36 GMT,07/16/2026 11:25:00 GMT,2026-07-16T02:58:36.686Z,2026-07-16T11:25:00.000Z,Over 3.5 Tommy Fleetwood Birdies Or Better Tommy Fleetwood vs. Royal Birkdale - RD 1 | Over 3.5 Min Woo Lee Birdies Or Better Min Woo Lee vs. Royal Birkdale | Over 3 Alex Fitzpatrick Birdies Or Better Alex Fitzpatrick vs. Royal Birkdale,,Golf,GOLF
639197671416852244,Draftkings Sportsbook,straight,SETTLED_PUSH,1.9433962264150944,2.075108366258775,-0.0635,60,0.00,07/16/2026 02:52:22 GMT,07/16/2026 09:19:00 GMT,2026-07-16T02:52:22.395Z,2026-07-16T09:19:00.000Z,Akshay Bhatia Matchup - Round 1 Rickie Fowler vs Akshay Bhatia,,Golf,GOLF
639197389273863095,Draftkings Sportsbook,parlay,SETTLED_WIN,2.54,,,50,77.00,07/15/2026 19:02:07 GMT,07/15/2026 21:03:45 GMT,2026-07-15T19:02:07.562Z,2026-07-15T21:03:45.503Z,Argentina Live To Qualify England vs Argentina | Over 0.5 Live Argentina: Team Total Goals England vs Argentina,,Soccer,World Cup
639196525382569130,Draftkings Sportsbook,parlay,SETTLED_WIN,4.3100000000000005,,,25,82.75,07/14/2026 19:02:18 GMT,07/14/2026 20:59:42 GMT,2026-07-14T19:02:18.759Z,2026-07-14T20:59:42.666Z,Over 3.5 Live France: Team Total Corners France vs Spain | Under 2.5 Live Spain: Team Total Goals France vs Spain | Spain Live To Qualify France vs Spain,,Soccer,World Cup
639196575461661273,Draftkings Sportsbook,straight,SETTLED_LOSS,2.42,,,18,-18.00,07/14/2026 20:25:46 GMT,07/14/2026 20:59:31 GMT,2026-07-14T20:25:46.262Z,2026-07-14T20:59:31.879Z,Over 2.5 Live Spain: Team Total Goals France vs Spain,,Soccer,World Cup
1703808160,PrizePicks,round_robin_3,SETTLED_LOSS,4,,,11.25,-11.25,07/14/2026 01:48:50 GMT,07/14/2026 05:30:00 GMT,2026-07-14T01:48:50.449Z,2026-07-14T05:30:00.000Z,Over 469.5 Kyle Schwarber Longest Home Run (FT) PHI vs. Round 2 | Over 471.5 Willson Contreras Longest Home Run (FT) BOS vs. Round 2 | Over 459.5 Jordan Walker Longest Home Run (FT) STL vs. Round 2,,Baseball,MLB
1703768615,PrizePicks,round_robin_2,SETTLED_LOSS,3,,,20,-20.00,07/14/2026 01:27:16 GMT,07/14/2026 05:30:00 GMT,2026-07-14T01:27:16.488Z,2026-07-14T05:30:00.000Z,Under 10.5 Bryce Harper Home Runs PHI vs. Round 1 | Over 8.5 Junior Caminero Home Runs TB vs. Round 2,,Baseball,MLB
1703467021,PrizePicks,round_robin_2,SETTLED_LOSS,3,,,20,-20.00,07/13/2026 22:20:22 GMT,07/14/2026 05:30:00 GMT,2026-07-13T22:20:22.448Z,2026-07-14T05:30:00.000Z,Over 468.5 Jac Caglianone Longest Home Run (FT) KC vs. Round 1 | Over 20.5 Kyle Schwarber + Munetaka Murakami Home Runs (Combo) PHI/CWS vs. HR Derby - 1st Round,,Baseball,MLB
639195903685164706,Draftkings Sportsbook,straight,SETTLED_LOSS,5.81,,,20,-20.00,07/14/2026 01:46:09 GMT,07/14/2026 02:41:58 GMT,2026-07-14T01:46:09.010Z,2026-07-14T02:41:58.456Z,Willson Contreras Home Run Derby 2026 - Winner Home Run Derby 2026,,Baseball,MLB
639195920513082309,Draftkings Sportsbook,straight,SETTLED_WIN,2.1,,,11.85,13.03,07/14/2026 02:14:11 GMT,07/14/2026 02:41:50 GMT,2026-07-14T02:14:11.739Z,2026-07-14T02:41:50.534Z,Jordan Walker Home Run Derby 2026 - Winner Home Run Derby 2026,,Baseball,MLB
639194232944489731,Draftkings Sportsbook,straight,SETTLED_LOSS,5.38,21.264302042602164,-0.7470,20,-20.00,07/12/2026 03:21:34 GMT,07/12/2026 03:58:41 GMT,2026-07-12T03:21:34.240Z,2026-07-12T03:58:41.885Z,Conor McGregor: Conor McGregor KO/TKO/DQ Conor McGregor vs Max Holloway,,MMA,UFC
639194128152748460,Draftkings Sportsbook,parlay,SETTLED_LOSS,4.58,3.289806823321646,0.3922,70,-70.00,07/12/2026 00:26:55 GMT,07/12/2026 03:16:10 GMT,2026-07-12T00:26:55.664Z,2026-07-12T03:16:10.977Z,Cory Sandhagen Moneyline Cory Sandhagen vs Mario Bautista | Paddy Pimblett Moneyline Benoit Saint-Denis vs Paddy Pimblett,,MMA,UFC
639194217860444629,Draftkings Sportsbook,straight,SETTLED_WIN,2.1399999999999997,2.1291875994833047,0.0051,100,114.00,07/12/2026 02:56:26 GMT,07/12/2026 03:15:38 GMT,2026-07-12T02:56:26.196Z,2026-07-12T03:15:38.566Z,Paddy Pimblett Moneyline Benoit Saint-Denis vs Paddy Pimblett,,MMA,UFC
639194146188092175,Draftkings Sportsbook,parlay,SETTLED_LOSS,2.3200000000000003,,,30,-30.00,07/12/2026 00:57:00 GMT,07/12/2026 03:01:16 GMT,2026-07-12T00:57:00.088Z,2026-07-12T03:01:16.697Z,Over 6.5 Total Corners Argentina vs Switzerland | Argentina Moneyline Argentina vs Switzerland,,Soccer,World Cup
639194002054837680,Draftkings Sportsbook,parlay,SETTLED_LOSS,5.03,,,20,-20.00,07/11/2026 20:56:46 GMT,07/11/2026 23:55:27 GMT,2026-07-11T20:56:46.283Z,2026-07-11T23:55:27.364Z,2+ Erling Braut Haaland Shots on Target (including Extra Time) Norway vs England | Norway +2.5 Spread Norway vs England | Yes Both Teams to Score Norway vs England | Over 3.5 Norway: Team Total Corners Norway vs England,,Soccer,World Cup
639194041667335548,Draftkings Sportsbook,straight,SETTLED_LOSS,3.05,,,10,-10.00,07/11/2026 22:02:47 GMT,07/11/2026 23:48:08 GMT,2026-07-11T22:02:47.852Z,2026-07-11T23:48:08.554Z,Norway Live To Qualify Norway vs England,,Soccer,World Cup
1700163414,PrizePicks,round_robin_3,SETTLED_WIN,4.75,,,50,70.00,07/11/2026 13:29:15 GMT,07/11/2026 18:42:00 GMT,2026-07-11T13:29:15.087Z,2026-07-11T18:42:00.000Z,Under 69.5 Patrick Reed Strokes Patrick Reed vs. The Renaissance Club - RD 3 | Under 69 Wyndham Clark Strokes Wyndham Clark vs. The Renaissance Club - RD 3 | Under 69 Justin Thomas Strokes Justin Thomas vs. The Renaissance Club,,Golf,GOLF
639193342074409799,Draftkings Sportsbook,parlay,SETTLED_WIN,1.3584229390681004,,,50,17.85,07/11/2026 02:36:47 GMT,07/11/2026 16:02:00 GMT,2026-07-11T02:36:47.734Z,2026-07-11T16:02:00.000Z,Justin Thomas 2 Ball - Round 3 Justin Thomas vs Calum Hill | Wyndham Clark 2 Ball - Round 3 Darius Van Driel vs Wyndham Clark,,Golf,GOLF
639193422619896111,Draftkings Sportsbook,parlay,SETTLED_LOSS,2.7,,,32.1,-32.10,07/11/2026 04:51:03 GMT,07/11/2026 14:33:00 GMT,2026-07-11T04:51:03.227Z,2026-07-11T14:33:00.000Z,Tyrrell Hatton 2 Ball - Round 3 Tyrrell Hatton vs Rasmus Neergaard-Petersen | Under 3.5 Karl Vilips vs Danny Willett Danny Willett Birdies or Better - Round 3 O/U Karl Vilips vs Danny Willett,,Golf,GOLF
639193062144823359,Draftkings Sportsbook,parlay,SETTLED_LOSS,4.9,,,25,-25.00,07/10/2026 18:50:16 GMT,07/10/2026 21:14:56 GMT,2026-07-10T18:50:16.091Z,2026-07-10T21:14:56.997Z,Over 5.5 Spain: Team Total Corners Spain vs Belgium | 3+ Thibaut Courtois Saves Spain vs Belgium | Spain Moneyline Spain vs Belgium | Under 1.5 Belgium: Team Total Goals Spain vs Belgium,,Soccer,World Cup
639192579213011960,Draftkings Sportsbook,straight,SETTLED_WIN,2.1799999999999997,,,49.13,57.97,07/10/2026 05:25:22 GMT,07/10/2026 15:54:00 GMT,2026-07-10T05:25:22.708Z,2026-07-10T15:54:00.000Z,Over 12.5 Wyndham Clark Greens in Regulation - Round 2 O/U Wyndham Clark v Viktor Hovland v Eugenio Chacarra - R2,,Golf,GOLF
639192575976994975,Draftkings Sportsbook,parlay,SETTLED_LOSS,6.75,,,20,-20.00,07/10/2026 05:19:57 GMT,07/10/2026 10:50:00 GMT,2026-07-10T05:19:57.680Z,2026-07-10T10:50:00.000Z,Over 3.5 Patrick Reed Birdies or Better - Round 2 O/U Justin Thomas v Ludvig Åberg v Patrick Reed - R2 | Over 3.5 Justin Thomas Birdies or Better - Round 2 O/U Justin Thomas v Ludvig Åberg v Patrick Reed - R2 | Over 3.5 Si Woo Kim Birdies or Better - Round 2 O/U Sepp Straka v Si Woo Kim v Jayden Schaper - R2 | Over 3.5 Alex Fitzpatrick Birdies or Better - Round 2 O/U Jon Rahm v Alex Fitzpatrick v Rasmus Højgaard - R2,,Golf,GOLF
1698517428,PrizePicks,round_robin_2,SETTLED_WIN,2.7,,,100,170.00,07/10/2026 05:37:53 GMT,07/10/2026 10:17:00 GMT,2026-07-10T05:37:53.463Z,2026-07-10T10:17:00.000Z,Over 3.5 Si Woo Kim Birdies Or Better Si Woo Kim vs. The Renaissance Club - RD 2 | Over 3.5 Brian Harman Birdies Or Better Brian Harman vs. The Renaissance Club - RD 2,,Golf,GOLF
1698446402,PrizePicks,round_robin_2,SETTLED_LOSS,2.6,,,50,-50.00,07/10/2026 03:53:13 GMT,07/10/2026 10:17:00 GMT,2026-07-10T03:53:13.502Z,2026-07-10T10:17:00.000Z,Under 12.5 Sepp Straka Greens In Regulation Sepp Straka vs. The Renaissance Club - RD 2 | Over 67.5 Jon Rahm Strokes Jon Rahm vs. The Renaissance Club,,Golf,GOLF
639192221438960149,Draftkings Sportsbook,parlay,SETTLED_LOSS,4.9,,,50,-50.00,07/09/2026 19:29:04 GMT,07/09/2026 22:16:15 GMT,2026-07-09T19:29:04.114Z,2026-07-09T22:16:15.859Z,France To Qualify France vs Morocco | 2+ Yassine Bounou Saves France vs Morocco | Over 5.5 France: Team Total Corners France vs Morocco | Yes Both Teams to Score France vs Morocco,,Soccer,World Cup
639192103092406397,Draftkings Sportsbook,straight,SETTLED_LOSS,2.24,2.2733513227310485,-0.0147,20,-20.00,07/09/2026 16:11:49 GMT,07/09/2026 19:34:46 GMT,2026-07-09T16:11:49.451Z,2026-07-09T19:34:46.321Z,KC Royals Moneyline KC Royals @ NY Mets,,Baseball,MLB
639191717855354962,Draftkings Sportsbook,straight,SETTLED_LOSS,2.2800000000000002,2.4245363074312194,-0.0596,18,-18.00,07/09/2026 05:29:46 GMT,07/09/2026 15:32:00 GMT,2026-07-09T05:29:46.495Z,2026-07-09T15:32:00.000Z,Eric Cole 3 Ball - Round 1 Nicolai von Dellingshausen v Kevin Yu v Eric Cole - R1,,Golf,GOLF
1697180992,PrizePicks,round_robin_3,SETTLED_WIN,2.5,,,25,-6.25,07/09/2026 05:11:43 GMT,07/09/2026 15:21:00 GMT,2026-07-09T05:11:43.296Z,2026-07-09T15:21:00.000Z,Over 2.5 Corey Conners Bogeys or Worse Corey Conners vs. The Renaissance Club | Over 2.5 Brian Harman Bogeys or Worse Brian Harman vs. The Renaissance Club | Over 2.5 Brooks Koepka Bogeys or Worse Brooks Koepka vs. The Renaissance Club,,Golf,GOLF
639191717434571868,Draftkings Sportsbook,straight,SETTLED_LOSS,2.56,2.7975723289012664,-0.0849,20,-20.00,07/09/2026 05:29:04 GMT,07/09/2026 15:21:00 GMT,2026-07-09T05:29:04.129Z,2026-07-09T15:21:00.000Z,Ryan Gerard 3 Ball - Round 1 Brian Harman v Calum Hill v Ryan Gerard - R1,,Golf,GOLF
639191699719172894,Draftkings Sportsbook,straight,SETTLED_WIN,1.8064516129032258,1.8814207075488236,-0.0398,52,41.93,07/09/2026 04:59:32 GMT,07/09/2026 14:26:00 GMT,2026-07-09T04:59:32.916Z,2026-07-09T14:26:00.000Z,Si Woo Kim Matchup - Round 1 Si Woo Kim vs David Puig,,Golf,GOLF
1697197507,PrizePicks,round_robin_2,SETTLED_WIN,2.7,,,25,42.50,07/09/2026 05:42:13 GMT,07/09/2026 10:28:00 GMT,2026-07-09T05:42:13.060Z,2026-07-09T10:28:00.000Z,Under 69 Min Woo Lee Strokes Min Woo Lee vs. The Renaissance Club | Under 68.5 Chris Gotterup Strokes Chris Gotterup vs. The Renaissance Club - RD 1,,Golf,GOLF
639191716562156244,Draftkings Sportsbook,straight,SETTLED_WIN,2.26,2.388313187469335,-0.0537,40,5.20,07/09/2026 05:27:36 GMT,07/09/2026 10:06:00 GMT,2026-07-09T05:27:36.746Z,2026-07-09T10:06:00.000Z,Xander Schauffele 3 Ball - Round 1 Xander Schauffele v Kristoffer Reitan v Adam Scott - R1,,Golf,GOLF
1697186160,PrizePicks,round_robin_2,SETTLED_WIN,3,,,25,50.00,07/09/2026 05:20:46 GMT,07/09/2026 09:22:00 GMT,2026-07-09T05:20:46.788Z,2026-07-09T09:22:00.000Z,Under 69 Tom Kim Strokes Tom Kim vs. The Renaissance Club | Over 2.5 Bud Cauley Bogeys or Worse Bud Cauley vs. The Renaissance Club - RD 1,,Golf,GOLF
639190586666608392,Draftkings Sportsbook,parlay,SETTLED_LOSS,2.01,,,50,-50.00,07/07/2026 22:04:27 GMT,07/08/2026 01:04:27 GMT,2026-07-07T22:04:27.485Z,2026-07-08T01:04:27.485Z,Colombia Live To Qualify Switzerland vs Colombia | DET Tigers +2 Run Line Alternate Athletics @ DET Tigers,,Soccer | Baseball,World Cup | MLB
639190488622879937,Draftkings Sportsbook,parlay,SETTLED_LOSS,4.82,,,28.44,-28.44,07/07/2026 19:21:02 GMT,07/07/2026 22:52:36 GMT,2026-07-07T19:21:02.585Z,2026-07-07T22:52:36.988Z,Yes Both Teams to Score Switzerland vs Colombia | Under 10.5 Total Corners Switzerland vs Colombia | Colombia To Qualify Switzerland vs Colombia,,Soccer,World Cup
639190300598321626,Draftkings Sportsbook,parlay,SETTLED_WIN,5.13,,,21.14,87.30,07/07/2026 14:07:40 GMT,07/07/2026 18:05:08 GMT,2026-07-07T14:07:40.697Z,2026-07-07T18:05:08.655Z,Yes Both Teams to Score Argentina vs Egypt | Egypt +3.5 Spread Argentina vs Egypt | Over 5.5 Argentina: Team Total Corners Argentina vs Egypt,,Soccer,World Cup
1694202761,PrizePicks,round_robin_2,SETTLED_LOSS,2.3,,,25,-25.00,07/06/2026 23:28:31 GMT,07/07/2026 03:00:00 GMT,2026-07-06T23:28:31.639Z,2026-07-07T03:00:00.000Z,Over 0.5 Folarin Balogun Passes Attempted United States vs. Belgium | Over 2.5 Thibaut Courtois Goalie Saves Belgium vs. United States,,Soccer,World Cup
1694072937,PrizePicks,round_robin_2,SETTLED_VOID,2.5,,,25,0.00,07/06/2026 22:37:31 GMT,07/07/2026 03:00:00 GMT,2026-07-06T22:37:31.418Z,2026-07-07T03:00:00.000Z,Over 0.5 Folarin Balogun Passes Attempted United States vs. Belgium | Over 0.5 Romelu Lukaku Shots On Target Belgium vs. United States,,Soccer,World Cup
639189761110172278,Draftkings Sportsbook,parlay,SETTLED_LOSS,5,,,20,-20.00,07/06/2026 23:08:31 GMT,07/07/2026 02:47:42 GMT,2026-07-06T23:08:31.614Z,2026-07-07T02:47:42.583Z,USA To Qualify USA vs Belgium | Over 8.5 Total Corners USA vs Belgium | 1+ Christian Pulisic to Score or Assist (including Extra Time) USA vs Belgium,,Soccer,World Cup
639189444339542124,Draftkings Sportsbook,parlay,SETTLED_LOSS,3.99,,,10,-10.00,07/06/2026 14:20:33 GMT,07/06/2026 17:20:33 GMT,2026-07-06T14:20:33.974Z,2026-07-06T17:20:33.974Z,Alex De Minaur Live Moneyline Alex De Minaur vs Flavio Cobolli | Taylor Fritz Moneyline Taylor Fritz vs Alexander Bublik,,Tennis,TENNIS
639188943959036078,Draftkings Sportsbook,parlay,SETTLED_LOSS,9.13,,,33.87,-33.87,07/06/2026 00:26:36 GMT,07/06/2026 03:12:42 GMT,2026-07-06T00:26:36.797Z,2026-07-06T03:12:42.348Z,Over 3.5 Mexico: Team Total Corners Mexico vs England | Yes Both Teams to Score Mexico vs England | Mexico To Qualify Mexico vs England,,Soccer,World Cup
639188967717905615,Draftkings Sportsbook,straight,SETTLED_WIN,2.09,,,25,26.14,07/06/2026 01:06:12 GMT,07/06/2026 03:04:37 GMT,2026-07-06T01:06:12.129Z,2026-07-06T03:04:37.660Z,Over 3.5 Live Mexico: Team Total Corners Mexico vs England,,Soccer,World Cup
639188770936019638,Draftkings Sportsbook,parlay,SETTLED_WIN,4.9399999999999995,,,20,78.80,07/05/2026 19:38:14 GMT,07/05/2026 22:36:40 GMT,2026-07-05T19:38:14.685Z,2026-07-05T22:36:40.356Z,Norway To Qualify Brazil vs Norway | Over 8.5 Total Corners Brazil vs Norway | 1+ Erling Braut Haaland Shots on Target (including Extra Time) Brazil vs Norway,,Soccer,World Cup
639188574424087976,Draftkings Sportsbook,straight,SETTLED_WIN,2.3,,,10,13.00,07/05/2026 14:10:43 GMT,07/05/2026 17:28:00 GMT,2026-07-05T14:10:43.225Z,2026-07-05T17:28:00.000Z,Over 13.5 Ben Griffin Greens in Regulation - Round 4 O/U Harry Higgs v Tom Kim v Ben Griffin - R4,,Golf,GOLF
639187907866819690,Draftkings Sportsbook,parlay,SETTLED_WIN,1.7692307692307692,,,30,23.07,07/04/2026 19:39:47 GMT,07/04/2026 23:09:11 GMT,2026-07-04T19:39:47.182Z,2026-07-04T23:09:11.775Z,Over 6.5 France: Team Total Corners Paraguay vs France | France To Qualify Paraguay vs France,,Soccer,World Cup
639187785173525725,Draftkings Sportsbook,straight,SETTLED_WIN,1.8,1.914935651444994,-0.0600,55,44.00,07/04/2026 16:15:18 GMT,07/04/2026 19:03:36 GMT,2026-07-04T16:15:18.271Z,2026-07-04T19:03:36.858Z,Morocco Moneyline Canada vs Morocco,,Soccer,World Cup
639186671820711237,Draftkings Sportsbook,parlay,SETTLED_LOSS,3.7,,,82.56,-82.56,07/03/2026 09:19:42 GMT,07/03/2026 20:56:00 GMT,2026-07-03T09:19:42.558Z,2026-07-03T20:56:00.000Z,Over 2.5 Zac Blair Bogeys or Worse - Round 2 O/U Matt Wallace v Zac Blair v Ryo Hisatsune - R2 | Over 2.5 Kevin Yu Bogeys or Worse - Round 2 O/U Adam Schenk v Joe Highsmith v Kevin Yu - R2,,Golf,GOLF
639186450011414380,Draftkings Sportsbook,straight,SETTLED_LOSS,3.44,,,25,-25.00,07/03/2026 03:10:01 GMT,07/03/2026 04:56:26 GMT,2026-07-03T03:10:01.081Z,2026-07-03T04:56:26.788Z,Draw Live Moneyline Switzerland vs Algeria,,Soccer,World Cup
639186274151472010,Draftkings Sportsbook,parlay,SETTLED_WIN,4.9399999999999995,,,15,59.10,07/02/2026 22:16:55 GMT,07/03/2026 01:11:41 GMT,2026-07-02T22:16:55.567Z,2026-07-03T01:11:41.715Z,Portugal To Qualify Portugal vs Croatia | Over 3.5 Croatia: Team Total Corners Portugal vs Croatia | Yes Both Teams to Score Portugal vs Croatia,,Soccer,World Cup
639186154260721031,Draftkings Sportsbook,straight,SETTLED_WIN,2.1,2.2796635414522446,-0.0788,25.46,28.00,07/02/2026 18:57:06 GMT,07/02/2026 20:58:13 GMT,2026-07-02T18:57:06.839Z,2026-07-02T20:58:13.387Z,Over 6.5 Spain: Team Total Corners Spain vs Austria,,Soccer,World Cup
639185977215192626,Draftkings Sportsbook,straight,SETTLED_LOSS,1.7692307692307692,,,130,-130.00,07/02/2026 14:02:01 GMT,07/02/2026 17:02:01 GMT,2026-07-02T14:02:01.293Z,2026-07-02T17:02:01.293Z,Over 4.5 Live John Keefer Birdies or Better - Round 1 O/U Streelman v McGreevy v Keefer - R1,,Golf,GOLF
639185569226848589,Draftkings Sportsbook,straight,SETTLED_LOSS,1.8333333333333335,,,120,-120.00,07/02/2026 02:42:03 GMT,07/02/2026 15:13:00 GMT,2026-07-02T02:42:03.031Z,2026-07-02T15:13:00.000Z,Under 68.5 Eric Cole Round Score - Round 1 O/U Poston v Bridgeman v Cole - R1,,Golf,GOLF
639185449735024881,Draftkings Sportsbook,parlay,SETTLED_LOSS,5,,,25,-25.00,07/01/2026 23:22:53 GMT,07/02/2026 02:21:57 GMT,2026-07-01T23:22:53.867Z,2026-07-02T02:21:57.113Z,6+ USA Shots On Target USA vs Bosnia | Under 9.5 Total Corners USA vs Bosnia | USA Moneyline USA vs Bosnia,,Soccer,World Cup
639185506878416125,Draftkings Sportsbook,parlay,SETTLED_LOSS,2.38,,,31,-31.00,07/02/2026 00:58:09 GMT,07/02/2026 02:07:11 GMT,2026-07-02T00:58:09.029Z,2026-07-02T02:07:11.872Z,Over 3.5 Live Bosnia: Team Total Corners USA vs Bosnia | Under 2.5 Live USA: Team Total Goals USA vs Bosnia,,Soccer,World Cup
639185436804229938,Draftkings Sportsbook,straight,SETTLED_WIN,2.25,1.9236662814803374,0.1696,25,31.25,07/01/2026 23:01:20 GMT,07/02/2026 00:55:26 GMT,2026-07-01T23:01:20.265Z,2026-07-02T00:55:26.075Z,USA Moneyline 1st Half USA vs Bosnia,,Soccer,World Cup
639185347159124530,Draftkings Sportsbook,parlay,SETTLED_LOSS,5.25,,,25,-25.00,07/01/2026 20:31:57 GMT,07/01/2026 22:00:15 GMT,2026-07-01T20:31:57.038Z,2026-07-01T22:00:15.417Z,Under 3.5 Live Total Goals Belgium vs Senegal | Senegal Live Moneyline Belgium vs Senegal | Over 4.5 Live Belgium: Team Total Corners Belgium vs Senegal,,Soccer,World Cup
639184571989141782,Draftkings Sportsbook,parlay,SETTLED_WIN,2.49,,,50,74.50,06/30/2026 22:59:58 GMT,07/01/2026 04:01:42 GMT,2026-06-30T22:59:58.918Z,2026-07-01T04:01:42.503Z,Over 5.5 Total Corners Mexico vs Ecuador | Under 2.5 Mexico: Team Total Goals Mexico vs Ecuador | Over 3.5 Ecuador: Team Total Corners Mexico vs Ecuador,,Soccer,World Cup
639184706552375397,Draftkings Sportsbook,straight,SETTLED_LOSS,7.88,,,13,-13.00,07/01/2026 02:44:15 GMT,07/01/2026 04:01:38 GMT,2026-07-01T02:44:15.050Z,2026-07-01T04:01:38.623Z,Mexico 3-1 Live Correct Score Mexico vs Ecuador,,Soccer,World Cup
639184438604022755,Draftkings Sportsbook,parlay,SETTLED_WIN,2.62,,,50,81.00,06/30/2026 19:17:39 GMT,06/30/2026 23:14:09 GMT,2026-06-30T19:17:39.374Z,2026-06-30T23:14:09.630Z,Under 11.5 Total Corners France vs Sweden | 2+ Kylian Mbappe Shots on Target (including Extra Time) France vs Sweden | France Moneyline France vs Sweden,,Soccer,World Cup
639184526568721141,Draftkings Sportsbook,parlay,SETTLED_LOSS,2,,,50,-50.00,06/30/2026 21:44:17 GMT,06/30/2026 22:53:35 GMT,2026-06-30T21:44:17.408Z,2026-06-30T22:53:35.668Z,Over 10.5 Live Total Corners France vs Sweden | Over 8.5 Live France: Team Total Corners France vs Sweden,,Soccer,World Cup
639184269411890526,Draftkings Sportsbook,parlay,SETTLED_LOSS,2.49,,,50,-50.00,06/30/2026 14:35:41 GMT,06/30/2026 19:35:53 GMT,2026-06-30T14:35:41.957Z,2026-06-30T19:35:53.374Z,1+ Erling Braut Haaland Shots on Target (including Extra Time) Ivory Coast vs Norway | Under 2.5 Ivory Coast: Team Total Goals Ivory Coast vs Norway | Norway -1.5 Asian Handicap Corners Ivory Coast vs Norway,,Soccer,World Cup
639184384984064464,Draftkings Sportsbook,parlay,SETTLED_LOSS,2.66,,,50,-50.00,06/30/2026 17:48:17 GMT,06/30/2026 18:58:19 GMT,2026-06-30T17:48:17.665Z,2026-06-30T18:58:19.042Z,Over 4.5 Live Norway: Team Total Corners Ivory Coast vs Norway | Over 16.5 Live Total Corners Ivory Coast vs Norway,,Soccer,World Cup
639183872573726224,Draftkings Sportsbook,straight,SETTLED_LOSS,2.15,,,20,-20.00,06/30/2026 03:34:16 GMT,06/30/2026 03:56:35 GMT,2026-06-30T03:34:16.183Z,2026-06-30T03:56:35.955Z,Netherlands to Win on Penalties Live Method of Victory Netherlands vs Morocco,,Soccer,World Cup
639183853114502174,Draftkings Sportsbook,straight,SETTLED_LOSS,4.75,,,20,-20.00,06/30/2026 03:01:51 GMT,06/30/2026 03:39:44 GMT,2026-06-30T03:01:51.719Z,2026-06-30T03:39:44.360Z,Netherlands Live Moneyline Extra Time Netherlands vs Morocco,,Soccer,World Cup
639183769836882352,Draftkings Sportsbook,parlay,SETTLED_WIN,3.55,,,25,63.75,06/30/2026 00:43:04 GMT,06/30/2026 03:09:58 GMT,2026-06-30T00:43:04.820Z,2026-06-30T03:09:58.768Z,Yes Both Teams to Score Netherlands vs Morocco | Over 3.5 Morocco: Team Total Corners Netherlands vs Morocco | 2+ Morocco Shots On Target Netherlands vs Morocco,,Soccer,World Cup
639183698449677270,Draftkings Sportsbook,straight,SETTLED_WIN,2.27,2.1859430355135525,0.0385,25,27.85,06/29/2026 22:44:04 GMT,06/30/2026 01:19:58 GMT,2026-06-29T22:44:04.677Z,2026-06-30T01:19:58.505Z,Over 2.5 Miles Mikolas Earned Runs Allowed O/U WAS Nationals @ BOS Red Sox,,Baseball,MLB
639183584980960833,Draftkings Sportsbook,parlay,SETTLED_LOSS,2.88,,,50,-50.00,06/29/2026 19:34:58 GMT,06/29/2026 23:30:09 GMT,2026-06-29T19:34:58.869Z,2026-06-29T23:30:09.000Z,Under 11.5 Total Corners Germany vs Paraguay | Germany To Qualify Germany vs Paraguay | No Both Teams to Score Germany vs Paraguay,,Soccer,World Cup
639183646893411630,Draftkings Sportsbook,parlay,SETTLED_WIN,2.3600000000000003,,,34,46.24,06/29/2026 21:18:08 GMT,06/29/2026 22:28:25 GMT,2026-06-29T21:18:08.997Z,2026-06-29T22:28:25.242Z,Over 9.5 Live Germany: Team Total Corners Germany vs Paraguay | Over 2.5 Live Paraguay: Team Total Corners Germany vs Paraguay,,Soccer,World Cup
639183368753943313,Draftkings Sportsbook,parlay,SETTLED_WIN,2.69,,,50,84.50,06/29/2026 13:34:34 GMT,06/29/2026 19:03:47 GMT,2026-06-29T13:34:34.196Z,2026-06-29T19:03:47.464Z,Over 4.5 Brazil: Team Total Corners Brazil vs Japan | Over 0.5 Brazil: Team Total Goals Brazil vs Japan | Brazil To Qualify Brazil vs Japan,,Soccer,World Cup
639183020532778451,Draftkings Sportsbook,parlay,SETTLED_LOSS,1.9523809523809523,,,31,-31.00,06/29/2026 03:54:13 GMT,06/29/2026 06:54:13 GMT,2026-06-29T03:54:13.021Z,2026-06-29T06:54:13.021Z,Scottie Scheffler Live Outright Winner Travelers Championship 2026 | Over 0.5 Brazil: Team Total Goals Brazil vs Japan,,Golf | Soccer,GOLF | World Cup
639182605330216111,Draftkings Sportsbook,parlay,SETTLED_WIN,7.26,,,15,94.02,06/28/2026 16:22:13 GMT,06/28/2026 21:45:00 GMT,2026-06-28T16:22:13.421Z,2026-06-28T21:45:00.000Z,Akshay Bhatia 2 Ball - Round 4 Patrick Cantlay vs Akshay Bhatia | Wyndham Clark 2 Ball - Round 4 Shane Lowry vs Wyndham Clark | Sam Burns 2 Ball - Round 4 Si Woo Kim vs Sam Burns,,Golf,GOLF
639182682265180415,Draftkings Sportsbook,parlay,SETTLED_WIN,4.2,,,25,80.00,06/28/2026 18:30:25 GMT,06/28/2026 20:56:59 GMT,2026-06-28T18:30:25.508Z,2026-06-28T20:56:59.857Z,Under 8.5 Total Corners South Africa vs Canada | Under 1.5 South Africa: Team Total Goals South Africa vs Canada | Canada Moneyline South Africa vs Canada,,Soccer,World Cup
639182600425503459,Draftkings Sportsbook,straight,SETTLED_WIN,1.9803921568627452,,,20,19.60,06/28/2026 16:14:02 GMT,06/28/2026 20:00:00 GMT,2026-06-28T16:14:02.403Z,2026-06-28T20:00:00.000Z,Over 4.5 Sungjae Im vs Aaron Rai Aaron Rai Birdies or Better - Round 4 O/U Sungjae Im vs Aaron Rai,,Golf,GOLF
639182182454364401,Draftkings Sportsbook,parlay,SETTLED_LOSS,46,,,25,0.00,06/28/2026 04:37:24 GMT,06/28/2026 16:15:00 GMT,2026-06-28T04:37:24.528Z,2026-06-28T16:15:00.000Z,Over 1.5 Patrick Cantlay vs Akshay Bhatia Patrick Cantlay Bogeys or Worse - Round 4 O/U Patrick Cantlay vs Akshay Bhatia | Under 5.5 Cameron Young vs Min Woo Lee Cameron Young Birdies or Better - Round 4 O/U Cameron Young vs Min Woo Lee | Over 1.5 Si Woo Kim vs Sam Burns Si Woo Kim Bogeys or Worse - Round 4 O/U Si Woo Kim vs Sam Burns | Over 1.5 Justin Rose vs Brian Harman Justin Rose Bogeys or Worse - Round 4 O/U Justin Rose vs Brian Harman | Over 4.5 Justin Rose vs Brian Harman Brian Harman Birdies or Better - Round 4 O/U Justin Rose vs Brian Harman | Over 9.5 Andrew Novak vs Ludvig Aberg Ludvig Aberg Fairways Hit - Round 4 O/U Andrew Novak vs Ludvig Aberg | Ludvig Aberg 2 Ball - Round 4 Andrew Novak vs Ludvig Aberg | Under 68.5 Matt McCarty vs Ryo Hisatsune Matt McCarty Round Score - Round 4 O/U Matt McCarty vs Ryo Hisatsune,,Golf,GOLF
639181709510824151,Draftkings Sportsbook,straight,SETTLED_LOSS,3.95,3.5944292350043026,0.0989,25,-25.00,06/27/2026 15:29:11 GMT,06/28/2026 03:59:04 GMT,2026-06-27T15:29:11.421Z,2026-06-28T03:59:04.818Z,Algeria Moneyline Algeria vs Austria,,Soccer,World Cup
639182089447636248,Draftkings Sportsbook,straight,SETTLED_WIN,1.8130081300813008,,,20,16.20,06/28/2026 02:02:24 GMT,06/28/2026 03:57:18 GMT,2026-06-28T02:02:24.293Z,2026-06-28T03:57:18.731Z,Over 1.5 Live Jordan: Team Total Corners Jordan vs Argentina,,Soccer,World Cup
639181841727736046,Draftkings Sportsbook,straight,SETTLED_LOSS,1.819672131147541,,,25,0.00,06/27/2026 19:09:33 GMT,06/27/2026 20:54:39 GMT,2026-06-27T19:09:33.004Z,2026-06-27T20:54:39.118Z,Over 4.5 Live Tommy Fleetwood Birdies or Better - Round 3 O/U Tommy Fleetwood vs Patrick Cantlay,,Golf,GOLF
639181708671844881,Draftkings Sportsbook,straight,SETTLED_LOSS,1.8403361344537816,,,25,-25.00,06/27/2026 15:27:46 GMT,06/27/2026 20:20:00 GMT,2026-06-27T15:27:46.892Z,2026-06-27T20:20:00.000Z,Over 4.5 J.J. Spaun vs Justin Rose J.J. Spaun Birdies or Better - Round 3 O/U J.J. Spaun vs Justin Rose,,Golf,GOLF
639181766721226079,Draftkings Sportsbook,straight,SETTLED_WIN,2.0700000000000003,2.088119968377854,-0.0087,10,10.70,06/27/2026 17:04:32 GMT,06/27/2026 18:41:04 GMT,2026-06-27T17:04:32.174Z,2026-06-27T18:41:04.324Z,Under 17.5 Gerrit Cole Outs O/U NY Yankees @ BOS Red Sox,,Baseball,MLB
639181237265865691,Draftkings Sportsbook,straight,SETTLED_LOSS,2.65,2.7241315742526035,-0.0272,25,-25.00,06/27/2026 02:22:07 GMT,06/27/2026 05:03:47 GMT,2026-06-27T02:22:07.541Z,2026-06-27T05:03:47.979Z,Egypt Moneyline Egypt vs Iran,,Soccer,World Cup
639180989583643278,Draftkings Sportsbook,straight,SETTLED_WIN,1.8620689655172413,,,46,39.65,06/26/2026 19:29:17 GMT,06/26/2026 22:21:25 GMT,2026-06-26T19:29:17.890Z,2026-06-26T22:21:25.164Z,Under 67.5 Live Justin Thomas Round Score - Round 2 O/U Matt Fitzpatrick vs Justin Thomas,,Golf,GOLF
639181011960057926,Draftkings Sportsbook,straight,SETTLED_PUSH,1.9523809523809523,,,50,0.00,06/26/2026 20:06:36 GMT,06/26/2026 20:19:13 GMT,2026-06-26T20:06:36.160Z,2026-06-26T20:19:13.108Z,Collin Morikawa Collin Morikawa vs Xander Schauffele Live Hole 8 Moneyline - Round 2 Collin Morikawa vs Xander Schauffele,,Golf,GOLF
639180913868155383,Draftkings Sportsbook,straight,SETTLED_LOSS,1.7575757575757576,,,75,-75.00,06/26/2026 17:23:06 GMT,06/26/2026 19:21:14 GMT,2026-06-26T17:23:06.637Z,2026-06-26T19:21:14.824Z,Under 4.5 Wyndham Clark vs Tommy Fleetwood Live Tommy Fleetwood Birdies or Better - Round 2 O/U Wyndham Clark vs Tommy Fleetwood,,Golf,GOLF
639180690861022691,Draftkings Sportsbook,parlay,SETTLED_WIN,10.1,,,50,392.00,06/26/2026 11:11:26 GMT,06/26/2026 18:25:00 GMT,2026-06-26T11:11:26.240Z,2026-06-26T18:25:00.000Z,Over 4.5 J.J. Spaun vs Chris Gotterup J.J. Spaun Birdies or Better - Round 2 O/U J.J. Spaun vs Chris Gotterup | Over 4.5 Scottie Scheffler vs Sam Burns Sam Burns Birdies or Better - Round 2 O/U Scottie Scheffler vs Sam Burns | Over 4.5 Wyndham Clark vs Tommy Fleetwood Tommy Fleetwood Birdies or Better - Round 2 O/U Wyndham Clark vs Tommy Fleetwood | Over 4.5 Wyndham Clark vs Tommy Fleetwood Wyndham Clark Birdies or Better - Round 2 O/U Wyndham Clark vs Tommy Fleetwood,,Golf,GOLF
639180699119666075,Draftkings Sportsbook,parlay,SETTLED_WIN,2.2,,,130,156.00,06/26/2026 11:25:11 GMT,06/26/2026 18:25:00 GMT,2026-06-26T11:25:11.909Z,2026-06-26T18:25:00.000Z,Under 2.5 Scottie Scheffler vs Sam Burns Sam Burns Bogeys or Worse - Round 2 O/U Scottie Scheffler vs Sam Burns | Under 2.5 Wyndham Clark vs Tommy Fleetwood Wyndham Clark Bogeys or Worse - Round 2 O/U Wyndham Clark vs Tommy Fleetwood,,Golf,GOLF
639180882008197957,Draftkings Sportsbook,straight,SETTLED_PUSH,1.8620689655172413,,,5,0.00,06/26/2026 16:30:01 GMT,06/26/2026 16:42:49 GMT,2026-06-26T16:30:01.094Z,2026-06-26T16:42:49.599Z,Keegan Bradley Keegan Bradley vs Jordan Spieth Live Hole 8 Moneyline - Round 2 Keegan Bradley vs Jordan Spieth,,Golf,GOLF
639180879686204072,Draftkings Sportsbook,straight,SETTLED_LOSS,13.5,,,5,-5.00,06/26/2026 16:26:08 GMT,06/26/2026 16:30:47 GMT,2026-06-26T16:26:08.195Z,2026-06-26T16:30:47.066Z,Birdie or Better Justin Rose vs Corey Conners Live Justin Rose Hole Score - Hole 8 - Round 2 Justin Rose vs Corey Conners,,Golf,GOLF
639180350465642361,Draftkings Sportsbook,straight,SETTLED_WIN,1.9433962264150944,,,180,138.20,06/26/2026 01:44:06 GMT,06/26/2026 16:15:00 GMT,2026-06-26T01:44:06.200Z,2026-06-26T16:15:00.000Z,Under 68.5 Akshay Bhatia vs Adam Scott Akshay Bhatia Round Score - Round 2 O/U Akshay Bhatia vs Adam Scott,,Golf,GOLF
639180832192138971,Draftkings Sportsbook,straight,SETTLED_LOSS,1.7352941176470589,,,20,-20.00,06/26/2026 15:06:59 GMT,06/26/2026 15:15:24 GMT,2026-06-26T15:06:59.778Z,2026-06-26T15:15:24.003Z,Birdie or Better Keith Mitchell vs Ryo Hisatsune Live Keith Mitchell Hole Score - Hole 8 - Round 2 Keith Mitchell vs Ryo Hisatsune,,Golf,GOLF
639180410903867293,Draftkings Sportsbook,straight,SETTLED_LOSS,1.78125,,,25,-25.00,06/26/2026 03:24:51 GMT,06/26/2026 04:02:23 GMT,2026-06-26T03:24:51.043Z,2026-06-26T04:02:23.134Z,Over 2.5 Live USA: Team Total Goals Turkey vs USA,,Soccer,World Cup
639179555914877161,Draftkings Sportsbook,straight,SETTLED_LOSS,1.819672131147541,,,25,-25.00,06/25/2026 03:39:50 GMT,06/25/2026 17:40:00 GMT,2026-06-25T03:39:50.674Z,2026-06-25T17:40:00.000Z,Under 67.5 Justin Thomas Round Score - Round 1 O/U Matt Fitzpatrick vs Justin Thomas,,Golf,GOLF
639179544545443267,Draftkings Sportsbook,straight,SETTLED_LOSS,2.2,,,20,-20.00,06/25/2026 03:20:55 GMT,06/25/2026 17:30:00 GMT,2026-06-25T03:20:55.258Z,2026-06-25T17:30:00.000Z,Under 10.5 Russell Henley vs Cameron Young Russell Henley Fairways Hit - Round 1 O/U Russell Henley vs Cameron Young,,Golf,GOLF
639179544964874059,Draftkings Sportsbook,straight,SETTLED_LOSS,2.06,,,20,-20.00,06/25/2026 03:21:36 GMT,06/25/2026 16:15:00 GMT,2026-06-25T03:21:36.347Z,2026-06-25T16:15:00.000Z,Under 67.5 Shane Lowry Round Score - Round 1 O/U Gary Woodland vs Shane Lowry,,Golf,GOLF
639179571988335839,Draftkings Sportsbook,straight,SETTLED_LOSS,1.819672131147541,,,49.66,-49.66,06/25/2026 04:06:39 GMT,06/25/2026 15:35:00 GMT,2026-06-25T04:06:39.701Z,2026-06-25T15:35:00.000Z,Over 4.5 Min Woo Lee vs Nicolai Hojgaard Min Woo Lee Birdies or Better - Round 1 O/U Min Woo Lee vs Nicolai Hojgaard,,Golf,GOLF
639179567608103142,Draftkings Sportsbook,parlay,SETTLED_LOSS,30.4,,,10,-10.00,06/25/2026 03:59:20 GMT,06/25/2026 15:15:00 GMT,2026-06-25T03:59:20.578Z,2026-06-25T15:15:00.000Z,Under 67.5 Patrick Cantlay Round Score - Round 1 O/U Robert MacIntyre vs Patrick Cantlay | Under 67.5 Gary Woodland Round Score - Round 1 O/U Gary Woodland vs Shane Lowry | Under 67.5 Ryan Gerard vs Jake Knapp Ryan Gerard Round Score - Round 1 O/U Ryan Gerard vs Jake Knapp | Under 68.5 Lucas Glover vs Eric Cole Eric Cole Round Score - Round 1 O/U Lucas Glover vs Eric Cole | Under 68.5 Nicolai Hojgaard Round Score - Round 1 O/U Min Woo Lee vs Nicolai Hojgaard | Under 67.5 Min Woo Lee vs Nicolai Hojgaard Min Woo Lee Round Score - Round 1 O/U Min Woo Lee vs Nicolai Hojgaard | Under 68.5 Ryan Fox vs Matt McCarty Matt McCarty Round Score - Round 1 O/U Ryan Fox vs Matt McCarty,,Golf,GOLF
639179909416315516,Draftkings Sportsbook,straight,SETTLED_LOSS,2.16,,,20,-20.00,06/25/2026 13:29:01 GMT,06/25/2026 13:55:58 GMT,2026-06-25T13:29:01.301Z,2026-06-25T13:55:58.976Z,Birdie or Better Min Woo Lee vs Nicolai Hojgaard Live Min Woo Lee Hole Score - Hole 6 - Round 1 Min Woo Lee vs Nicolai Hojgaard,,Golf,GOLF
639179426394734644,Draftkings Sportsbook,straight,SETTLED_WIN,1.7142857142857144,1.8216305002779838,-0.0589,25,17.85,06/25/2026 00:03:57 GMT,06/25/2026 02:57:02 GMT,2026-06-25T00:03:57.874Z,2026-06-25T02:57:02.004Z,Mexico Moneyline Czech Republic vs Mexico,,Soccer,World Cup
639179347943130060,Draftkings Sportsbook,straight,SETTLED_LOSS,2.3,2.400592700499029,-0.0419,30,-30.00,06/24/2026 21:53:13 GMT,06/25/2026 00:02:11 GMT,2026-06-24T21:53:13.079Z,2026-06-25T00:02:11.846Z,Yes Both Teams to Score Scotland vs Brazil,,Soccer,World Cup
639179242538770550,Draftkings Sportsbook,straight,SETTLED_LOSS,4,3.103229399855573,0.2890,15,-15.00,06/24/2026 18:57:34 GMT,06/24/2026 20:56:10 GMT,2026-06-24T18:57:34.536Z,2026-06-24T20:56:10.338Z,Draw Moneyline Switzerland vs Canada,,Soccer,World Cup
639178279856148936,Draftkings Sportsbook,straight,SETTLED_WIN,1.526315789473684,1.601720586368172,-0.0471,25,13.15,06/23/2026 16:13:05 GMT,06/24/2026 03:58:04 GMT,2026-06-23T16:13:05.388Z,2026-06-24T03:58:04.267Z,Colombia Moneyline Colombia vs DR Congo,,Soccer,World Cup
639178578932545066,Draftkings Sportsbook,straight,SETTLED_WIN,2.69,,,25,42.25,06/24/2026 00:31:33 GMT,06/24/2026 00:54:11 GMT,2026-06-24T00:31:33.494Z,2026-06-24T00:54:11.691Z,Over 6.5 Live Panama: Team Total Corners Panama vs Croatia,,Soccer,World Cup
639178409377650680,Draftkings Sportsbook,straight,SETTLED_WIN,1.6451612903225805,1.7904731510814023,-0.0812,25,16.12,06/23/2026 19:48:58 GMT,06/23/2026 22:00:13 GMT,2026-06-23T19:48:58.722Z,2026-06-23T22:00:13.878Z,Under 2.5 Ghana: Team Total Corners England vs Ghana,,Soccer,World Cup
639178280700822537,Draftkings Sportsbook,straight,SETTLED_LOSS,3.13,,,20,-20.00,06/23/2026 16:14:29 GMT,06/23/2026 18:59:47 GMT,2026-06-23T16:14:29.953Z,2026-06-23T18:59:47.366Z,Bruno Fernandes Anytime Goalscorer Portugal vs Uzbekistan,,Soccer,World Cup
639177675324178789,Draftkings Sportsbook,straight,SETTLED_LOSS,2.05,2.203819401348019,-0.0698,25,-25.00,06/22/2026 23:25:33 GMT,06/23/2026 02:00:01 GMT,2026-06-22T23:25:33.163Z,2026-06-23T02:00:01.440Z,Norway -1.5 Asian Handicap Corners Norway vs Senegal,,Soccer,World Cup
639177406753482282,Draftkings Sportsbook,straight,SETTLED_WIN,2.2,2.533430017596979,-0.1316,25,30.00,06/22/2026 15:57:53 GMT,06/23/2026 01:59:41 GMT,2026-06-22T15:57:53.987Z,2026-06-23T01:59:41.235Z,Norway Moneyline Norway vs Senegal,,Soccer,World Cup
639177551389866240,Draftkings Sportsbook,straight,SETTLED_CASH_OUT,1.9523809523809523,2.0190512402234226,-0.0330,25,16.64,06/22/2026 19:58:57 GMT,06/22/2026 21:50:54 GMT,2026-06-22T19:58:57.842Z,2026-06-22T21:50:54.402Z,Under 9.5 Total Corners France vs Iraq,,Soccer,World Cup
639176834991460972,Draftkings Sportsbook,straight,SETTLED_LOSS,6,6.006519378653878,-0.0011,25,-25.00,06/22/2026 00:05:00 GMT,06/22/2026 03:01:01 GMT,2026-06-22T00:05:00.187Z,2026-06-22T03:01:01.303Z,New Zealand Moneyline New Zealand vs Egypt,,Soccer,World Cup
639176540832171999,Draftkings Sportsbook,parlay,SETTLED_LOSS,6.72,,,15,-15.00,06/21/2026 15:54:43 GMT,06/21/2026 22:00:00 GMT,2026-06-21T15:54:43.264Z,2026-06-21T22:00:00.000Z,Yes Both Teams to Score Belgium vs Iran | Under 4.5 Total Goals Spain vs Saudi Arabia | Under 2.5 Total Goals Uruguay vs Cape Verde | No Both Teams to Score Uruguay vs Cape Verde,,Soccer,World Cup
639176472865199112,Draftkings Sportsbook,straight,SETTLED_LOSS,1.8695652173913042,,,25,-25.00,06/21/2026 14:01:25 GMT,06/21/2026 21:08:00 GMT,2026-06-21T14:01:25.859Z,2026-06-21T21:08:00.000Z,Over 2.5 Emiliano Grillo vs Sam Stevens Emiliano Grillo Birdies or Better - Round 4 O/U Emiliano Grillo vs Sam Stevens,,Golf,GOLF
639176163025980814,Draftkings Sportsbook,parlay,SETTLED_LOSS,3.1,,,25,-25.00,06/21/2026 05:25:03 GMT,06/21/2026 16:02:00 GMT,2026-06-21T05:25:03.254Z,2026-06-21T16:02:00.000Z,Over 71.5 Kurt Kitayama vs Max Greyserman Kurt Kitayama Round Score - Round 4 O/U Kurt Kitayama vs Max Greyserman | Over 71.5 Hideki Matsuyama Round Score - Round 4 O/U Neal Shipley vs Hideki Matsuyama,,Golf,GOLF
639176162677914994,Draftkings Sportsbook,straight,SETTLED_LOSS,2,,,25,-25.00,06/21/2026 05:24:27 GMT,06/21/2026 14:56:00 GMT,2026-06-21T05:24:27.911Z,2026-06-21T14:56:00.000Z,Over 71.5 Russell Henley Round Score - Round 4 O/U Peter Uihlein vs Russell Henley,,Golf,GOLF
639176044426024768,Draftkings Sportsbook,straight,SETTLED_WIN,1.4444444444444444,1.5191376927971163,-0.0492,25,11.11,06/21/2026 02:07:21 GMT,06/21/2026 05:56:11 GMT,2026-06-21T02:07:21.546Z,2026-06-21T05:56:11.176Z,Japan Moneyline Tunisia vs Japan,,Soccer,World Cup
639175708932319046,Draftkings Sportsbook,parlay,SETTLED_LOSS,12.85,,,10,-10.00,06/20/2026 16:48:13 GMT,06/21/2026 03:00:04 GMT,2026-06-20T16:48:13.115Z,2026-06-21T03:00:04.000Z,Germany Moneyline Germany vs Ivory Coast | Yes Both Teams to Score Ecuador vs Curacao | Under 2.5 Total Goals Tunisia vs Japan | No Both Teams to Score Tunisia vs Japan,,Soccer,World Cup
639176017986981798,Draftkings Sportsbook,straight,SETTLED_WIN,1.6493506493506493,,,25,16.25,06/21/2026 01:23:19 GMT,06/21/2026 01:55:47 GMT,2026-06-21T01:23:19.428Z,2026-06-21T01:55:47.049Z,Under 1.5 Live Total Goals Ecuador vs Curacao,,Soccer,World Cup
639175794463999574,Draftkings Sportsbook,straight,SETTLED_LOSS,2.1799999999999997,,,25,-25.00,06/20/2026 19:10:47 GMT,06/20/2026 22:23:00 GMT,2026-06-20T19:10:47.162Z,2026-06-20T22:23:00.000Z,Over 4.5 Collin Morikawa vs Tom Kim Collin Morikawa Bogeys or Worse - Round 3 O/U Collin Morikawa vs Tom Kim,,Golf,GOLF
639175618492336449,Draftkings Sportsbook,straight,SETTLED_WIN,2.01,,,25,25.25,06/20/2026 14:17:29 GMT,06/20/2026 18:17:00 GMT,2026-06-20T14:17:29.858Z,2026-06-20T18:17:00.000Z,Under 2.5 Ryan Fox vs Michael Brennan Michael Brennan Birdies or Better - Round 3 O/U Ryan Fox vs Michael Brennan,,Golf,GOLF
639175619041398074,Draftkings Sportsbook,straight,SETTLED_WIN,1.7874015748031495,,,25,19.75,06/20/2026 14:18:25 GMT,06/20/2026 17:18:25 GMT,2026-06-20T14:18:25.273Z,2026-06-20T17:18:25.273Z,Under 2.5 Bud Cauley vs Neal Shipley Live Bud Cauley Birdies or Better - Round 3 O/U Bud Cauley vs Neal Shipley,,Golf,GOLF
639175297505140909,Draftkings Sportsbook,parlay,SETTLED_LOSS,2.7,,,25,-25.00,06/20/2026 05:22:29 GMT,06/20/2026 16:55:00 GMT,2026-06-20T05:22:29.033Z,2026-06-20T16:55:00.000Z,Over 72.5 J.T. Poston vs Ben Griffin J.T. Poston Round Score - Round 3 O/U J.T. Poston vs Ben Griffin | Over 72.5 Bud Cauley vs Neal Shipley Bud Cauley Round Score - Round 3 O/U Bud Cauley vs Neal Shipley,,Golf,GOLF
639175252312665045,Draftkings Sportsbook,straight,SETTLED_WIN,1.925925925925926,,,50,46.29,06/20/2026 04:07:11 GMT,06/20/2026 16:44:00 GMT,2026-06-20T04:07:11.021Z,2026-06-20T16:44:00.000Z,Under 11.5 Nico Echavarria vs Hideki Matsuyama Hideki Matsuyama Greens in Regulation - Round 3 O/U Nico Echavarria vs Hideki Matsuyama,,Golf,GOLF
639175203652947673,Draftkings Sportsbook,parlay,SETTLED_LOSS,6.72,,,5.56,-5.56,06/20/2026 02:46:04 GMT,06/20/2026 05:06:21 GMT,2026-06-20T02:46:04.265Z,2026-06-20T05:06:21.243Z,Turkey Moneyline Turkey vs Paraguay | Under 0.5 Paraguay: Team Total Goals Turkey vs Paraguay | Under 9.5 Total Corners Turkey vs Paraguay,,Soccer,World Cup
639175200080835799,Draftkings Sportsbook,straight,SETTLED_LOSS,2.05,2.1444085353156073,-0.0440,25,-25.00,06/20/2026 02:40:08 GMT,06/20/2026 05:05:57 GMT,2026-06-20T02:40:08.129Z,2026-06-20T05:05:57.122Z,Turkey Moneyline Turkey vs Paraguay,,Soccer,World Cup
639175125556480517,Draftkings Sportsbook,straight,SETTLED_WIN,1.9090909090909092,,,25,22.75,06/20/2026 00:35:56 GMT,06/20/2026 02:30:55 GMT,2026-06-20T00:35:56.446Z,2026-06-20T02:30:55.864Z,Under 3.5 Live Total Goals Brazil vs Haiti,,Soccer,World Cup
639175029254254895,Draftkings Sportsbook,straight,SETTLED_LOSS,2,2.1390126617716376,-0.0650,15.15,-15.15,06/19/2026 21:55:24 GMT,06/19/2026 23:59:30 GMT,2026-06-19T21:55:24.490Z,2026-06-19T23:59:30.560Z,Yes Both Teams to Score Scotland vs Morocco,,Soccer,World Cup
639175016838303947,Draftkings Sportsbook,straight,SETTLED_LOSS,1.7194244604316546,,,25,-25.00,06/19/2026 21:34:43 GMT,06/19/2026 23:06:17 GMT,2026-06-19T21:34:43.339Z,2026-06-19T23:06:17.151Z,Over 4.5 Live Sam Burns Birdies or Better - Round 2 O/U Burns v Hatton v S.W.Kim - R2,,Golf,GOLF
639174431901445684,Draftkings Sportsbook,straight,SETTLED_WIN,1.606060606060606,1.6442145307556661,-0.0232,25,15.15,06/19/2026 05:19:50 GMT,06/19/2026 21:04:09 GMT,2026-06-19T05:19:50.001Z,2026-06-19T21:04:09.487Z,USA Moneyline USA vs Australia,,Soccer,World Cup
639174787013518711,Draftkings Sportsbook,straight,SETTLED_LOSS,1.7462686567164178,,,100,-100.00,06/19/2026 15:11:41 GMT,06/19/2026 21:02:00 GMT,2026-06-19T15:11:41.663Z,2026-06-19T21:02:00.000Z,Patrick Reed Patrick Reed v Kurt Kitayama - Round 2 Reed v Novak v Kitayama - R2,,Golf,GOLF
639174757682399478,Draftkings Sportsbook,straight,SETTLED_WIN,1.6666666666666665,,,205.69,137.12,06/19/2026 14:22:48 GMT,06/19/2026 21:02:00 GMT,2026-06-19T14:22:48.479Z,2026-06-19T21:02:00.000Z,Over 2.5 Tommy Fleetwood Birdies or Better - Round 2 O/U McIlroy v Aberg v Fleetwood - R2,,Golf,GOLF
639174060939996482,Draftkings Sportsbook,straight,SETTLED_WIN,2.5700000000000003,,,20,31.40,06/18/2026 19:01:33 GMT,06/18/2026 23:09:00 GMT,2026-06-18T19:01:33.435Z,2026-06-18T23:09:00.000Z,Over 2.5 Patrick Cantlay Birdies or Better - Round 1 O/U Poston v Cantlay v Horschel - R1,,Golf,GOLF
639174030327303308,Draftkings Sportsbook,straight,SETTLED_LOSS,1.9523809523809523,,,50.02,-50.02,06/18/2026 18:10:33 GMT,06/18/2026 22:25:00 GMT,2026-06-18T18:10:33.452Z,2026-06-18T22:25:00.000Z,Over 73.5 Bryson DeChambeau Round Score - Round 1 O/U DeChambeau v Hovland v M.Fitzpatrick - R1,,Golf,GOLF
639174027923993461,Draftkings Sportsbook,straight,SETTLED_WIN,2.06,,,50,53.00,06/18/2026 18:06:33 GMT,06/18/2026 22:25:00 GMT,2026-06-18T18:06:33.968Z,2026-06-18T22:25:00.000Z,Over 2.5 Matt Fitzpatrick Birdies or Better - Round 1 O/U DeChambeau v Hovland v M.Fitzpatrick - R1,,Golf,GOLF
639173344653164288,Draftkings Sportsbook,straight,SETTLED_WIN,1.925925925925926,,,50,46.29,06/17/2026 23:07:44 GMT,06/18/2026 15:14:00 GMT,2026-06-17T23:07:44.293Z,2026-06-18T15:14:00.000Z,Over 71.5 Scottie Scheffler Round Score - Round 1 O/U Howell v Scheffler v Spaun - R1,,Golf,GOLF
639173585592697205,Draftkings Sportsbook,parlay,SETTLED_LOSS,5.2,,,20,-20.00,06/18/2026 05:49:20 GMT,06/18/2026 14:41:00 GMT,2026-06-18T05:49:20.395Z,2026-06-18T14:41:00.000Z,Under 2.5 Kurt Kitayama Birdies or Better - Round 1 O/U Reed v Novak v Kitayama - R1 | Under 2.5 Robert MacIntyre Birdies or Better - Round 1 O/U N.Hojgaard v Echavarria v MacIntyre - R1 | Under 2.5 Rickie Fowler Birdies or Better - Round 1 O/U Berger v Bradley v Fowler - R1 | Under 2.5 Justin Rose Birdies or Better - Round 1 O/U Rose v Spieth v Rahm - R1,,Golf,GOLF
639173525060447491,Draftkings Sportsbook,parlay,SETTLED_LOSS,451,,,2.24,-2.24,06/18/2026 04:08:26 GMT,06/18/2026 14:30:00 GMT,2026-06-18T04:08:26.602Z,2026-06-18T14:30:00.000Z,Over 74.5 Andrew Novak Round Score - Round 1 O/U Reed v Novak v Kitayama - R1 | Over 73.5 Patrick Reed Round Score - Round 1 O/U Reed v Novak v Kitayama - R1 | Over 73.5 Kurt Kitayama Round Score - Round 1 O/U Reed v Novak v Kitayama - R1 | Over 73.5 Sam Burns Round Score - Round 1 O/U Burns v Hatton v S.W.Kim - R1 | Over 72.5 Si Woo Kim Round Score - Round 1 O/U Burns v Hatton v S.W.Kim - R1 | Over 73.5 Tyrrell Hatton Round Score - Round 1 O/U Burns v Hatton v S.W.Kim - R1 | Over 73.5 Sepp Straka Round Score - Round 1 O/U Noren v McNealy v Straka - R1 | Over 73.5 Maverick McNealy Round Score - Round 1 O/U Noren v McNealy v Straka - R1 | Over 73.5 Alex Noren Round Score - Round 1 O/U Noren v McNealy v Straka - R1 | Over 73.5 Jayden Schaper Round Score - Round 1 O/U Fang v Schaper v Suber - R1 | Over 72.5 Ludvig Aberg Round Score - Round 1 O/U McIlroy v Aberg v Fleetwood - R1 | Over 71.5 Rory McIlroy Round Score - Round 1 O/U McIlroy v Aberg v Fleetwood - R1 | Over 72.5 Tommy Fleetwood Round Score - Round 1 O/U McIlroy v Aberg v Fleetwood - R1 | Over 73.5 Kristoffer Reitan Round Score - Round 1 O/U Im v Herbert v Reitan - R1 | Over 73.5 Rickie Fowler Round Score - Round 1 O/U Berger v Bradley v Fowler - R1 | Over 73.5 Keegan Bradley Round Score - Round 1 O/U Berger v Bradley v Fowler - R1 | Over 73.5 Daniel Berger Round Score - Round 1 O/U Berger v Bradley v Fowler - R1 | Over 72.5 Cameron Young Round Score - Round 1 O/U Koepka v Young v Gotterup - R1 | Over 73.5 Chris Gotterup Round Score - Round 1 O/U Koepka v Young v Gotterup - R1,,Golf,GOLF
639173522071671897,Draftkings Sportsbook,parlay,SETTLED_LOSS,3.2,,,20,-20.00,06/18/2026 04:03:26 GMT,06/18/2026 14:30:00 GMT,2026-06-18T04:03:26.711Z,2026-06-18T14:30:00.000Z,Over 10.5 Ludvig Aberg Pars - Round 1 O/U McIlroy v Aberg v Fleetwood - R1 | Over 10.5 Chris Gotterup Pars - Round 1 O/U Koepka v Young v Gotterup - R1,,Golf,GOLF
639173534036067113,Draftkings Sportsbook,parlay,SETTLED_LOSS,2.8,,,99.98,-99.98,06/18/2026 04:23:24 GMT,06/18/2026 14:30:00 GMT,2026-06-18T04:23:24.977Z,2026-06-18T14:30:00.000Z,Over 9.5 Chris Gotterup Fairways Hit - Round 1 O/U Koepka v Young v Gotterup - R1 | Over 9.5 Cameron Young Fairways Hit - Round 1 O/U Koepka v Young v Gotterup - R1,,Golf,GOLF
639173037887875775,Draftkings Sportsbook,straight,SETTLED_WIN,1.6896551724137931,1.7348195860159659,-0.0260,25,17.24,06/17/2026 14:36:28 GMT,06/17/2026 22:00:42 GMT,2026-06-17T14:36:28.746Z,2026-06-17T22:00:42.110Z,England Moneyline England vs Croatia,,Soccer,World Cup
639173122558075242,Draftkings Sportsbook,parlay,SETTLED_LOSS,9.71,,,25,-25.00,06/17/2026 16:57:37 GMT,06/17/2026 20:10:00 GMT,2026-06-17T16:57:37.170Z,2026-06-17T20:10:00.000Z,Portugal Moneyline Portugal vs DR Congo | Colombia Moneyline Uzbekistan vs Colombia | Draw Moneyline Ghana vs Panama | Under 2.5 Total Goals Ghana vs Panama,,Soccer,World Cup
639172413976809514,Draftkings Sportsbook,parlay,SETTLED_LOSS,1.9803921568627452,2.1008812352511965,-0.0574,12.11,-12.11,06/16/2026 21:16:38 GMT,06/17/2026 03:00:09 GMT,2026-06-16T21:16:38.793Z,2026-06-17T03:00:09.642Z,Norway Moneyline Iraq vs Norway | Over 4.5 Argentina: Team Total Corners Argentina vs Algeria,,Soccer,World Cup
639172148628416028,Draftkings Sportsbook,straight,SETTLED_WIN,1.4651162790697674,1.5517922252298733,-0.0559,25,11.62,06/16/2026 13:54:22 GMT,06/16/2026 21:04:09 GMT,2026-06-16T13:54:22.449Z,2026-06-16T21:04:09.411Z,France Moneyline France vs Senegal,,Soccer,World Cup
639171720936836640,Draftkings Sportsbook,straight,SETTLED_LOSS,1.7874015748031495,,,20,-20.00,06/16/2026 02:01:32 GMT,06/16/2026 02:22:53 GMT,2026-06-16T02:01:32.949Z,2026-06-16T02:22:53.802Z,No Goalscorer Live New Zealand 2nd Goalscorer Iran vs New Zealand,,Soccer,World Cup
639171669018210618,Draftkings Sportsbook,straight,SETTLED_CASH_OUT,1.7407407407407407,1.8713266670706774,-0.0698,13.5,6.99,06/16/2026 00:35:02 GMT,06/16/2026 01:56:45 GMT,2026-06-16T00:35:02.124Z,2026-06-16T01:56:45.122Z,Under 8.5 Total Corners Iran vs New Zealand,,Soccer,World Cup
639171288712112035,Draftkings Sportsbook,parlay,SETTLED_LOSS,3.19,2.8922341991232092,0.1030,10,-10.00,06/15/2026 14:01:12 GMT,06/16/2026 00:39:30 GMT,2026-06-15T14:01:12.070Z,2026-06-16T00:39:30.499Z,Under 1.5 Gabriel Rincones Jr. Hits + Runs + RBIs O/U MIA Marlins @ PHI Phillies | Under 1.5 Jimmy Crooks Hits + Runs + RBIs O/U SD Padres @ STL Cardinals,,Baseball,MLB
639171384392649404,Draftkings Sportsbook,parlay,SETTLED_LOSS,1.9615384615384617,,,50,-50.00,06/15/2026 16:40:39 GMT,06/15/2026 19:40:39 GMT,2026-06-15T16:40:39.161Z,2026-06-15T19:40:39.161Z,Belgium Moneyline Belgium vs Egypt | Spain Live Moneyline Spain vs Cape Verde,,Soccer,World Cup
O/0094602/0000744,Fanduel Sportsbook,straight,SETTLED_LOSS,1.0666666666666667,1.1330777555210048,-0.0586,20,-20.00,06/15/2026 05:49:08 GMT,06/15/2026 17:56:42 GMT,2026-06-15T05:49:08.000Z,2026-06-15T17:56:42.000Z,Spain Moneyline (3-way) Spain v Cape Verde,,Soccer,World Cup
639170756667283072,Draftkings Sportsbook,parlay,SETTLED_LOSS,22.98,15.44153129683247,0.4882,5,-5.00,06/14/2026 23:14:25 GMT,06/15/2026 04:08:07 GMT,2026-06-14T23:14:25.494Z,2026-06-15T04:08:07.900Z,Alex Pereira Moneyline Alex Pereira vs Ciryl Gane | Derrick Lewis Moneyline Josh Hokit vs Derrick Lewis | Diego Lopes Moneyline Diego Lopes vs Steve Garcia | Sean O'Malley Moneyline Sean O'Malley vs Aiemann Zahabi,,MMA,UFC
639170928165487779,Draftkings Sportsbook,straight,SETTLED_LOSS,2.09,,,20,-20.00,06/15/2026 04:00:17 GMT,06/15/2026 04:07:39 GMT,2026-06-15T04:00:17.379Z,2026-06-15T04:07:39.449Z,Alex Pereira Live Moneyline Alex Pereira vs Ciryl Gane,,MMA,UFC
639170859786014640,Draftkings Sportsbook,straight,SETTLED_LOSS,2.05,,,25,-25.00,06/15/2026 02:06:18 GMT,06/15/2026 03:57:20 GMT,2026-06-15T02:06:18.221Z,2026-06-15T03:57:20.433Z,Over 3.5 Live Tunisia: Team Total Corners Sweden vs Tunisia,,Soccer,World Cup
639170831897869887,Draftkings Sportsbook,parlay,SETTLED_LOSS,2.1,2.2803688386009004,-0.0791,25,-25.00,06/15/2026 01:19:51 GMT,06/15/2026 03:28:29 GMT,2026-06-15T01:19:51.047Z,2026-06-15T03:28:29.635Z,Sean O'Malley Moneyline Sean O'Malley vs Aiemann Zahabi | Over 1.5 Total Rounds Bo Nickal vs Kyle Daukaus,,MMA,UFC
639170755448427564,Draftkings Sportsbook,straight,SETTLED_LOSS,3.32,,,25,-25.00,06/14/2026 23:12:24 GMT,06/15/2026 01:04:10 GMT,2026-06-14T23:12:24.589Z,2026-06-15T01:04:10.229Z,Draw Live Moneyline Ivory Coast vs Ecuador,,Soccer,World Cup
639170616226762776,Draftkings Sportsbook,straight,SETTLED_LOSS,3.6,3.94753326448337,-0.0880,25,-25.00,06/14/2026 19:20:23 GMT,06/14/2026 21:55:53 GMT,2026-06-14T19:20:23.043Z,2026-06-14T21:55:53.117Z,Japan Moneyline Netherlands vs Japan,,Soccer,World Cup
639170564825739142,Draftkings Sportsbook,straight,SETTLED_LOSS,2.5700000000000003,,,16.94,-16.94,06/14/2026 17:54:43 GMT,06/14/2026 18:59:07 GMT,2026-06-14T17:54:43.612Z,2026-06-14T18:59:07.917Z,Over 10.5 Live Germany: Team Total Corners Germany vs Curacao,,Soccer,World Cup
639170450438621805,Draftkings Sportsbook,straight,SETTLED_WIN,1.970873786407767,1.8696538453347866,0.0541,50,48.50,06/14/2026 14:44:04 GMT,06/14/2026 18:58:49 GMT,2026-06-14T14:44:04.971Z,2026-06-14T18:58:49.814Z,Under 10.5 Total Corners Germany vs Curacao,,Soccer,World Cup
639170128409975704,Draftkings Sportsbook,parlay,SETTLED_LOSS,4.2,,,50,-50.00,06/14/2026 05:47:19 GMT,06/14/2026 18:03:00 GMT,2026-06-14T05:47:19.837Z,2026-06-14T18:03:00.000Z,Under 4.5 Aldrich Potgieter Birdies or Better - Round 4 O/U Ghim v Pendrith v Potgieter - R4 | Under 4.5 Jesper Svensson Birdies or Better - Round 4 O/U Garnett v Fleetwood v Svensson - R4 | Over 1.5 Collin Morikawa Bogeys or Worse - Round 4 O/U Hadwin v Tosti v Morikawa - R4,,Golf,GOLF
639170072632557311,Draftkings Sportsbook,parlay,SETTLED_LOSS,3.55,,,20,-20.00,06/14/2026 04:14:23 GMT,06/14/2026 05:56:46 GMT,2026-06-14T04:14:23.563Z,2026-06-14T05:56:46.550Z,Over 3.5 Live Australia: Team Total Corners Australia vs Turkey | Turkey Live Moneyline Australia vs Turkey,,Soccer,World Cup
639169910128344696,Draftkings Sportsbook,parlay,SETTLED_LOSS,5,,,20,-20.00,06/13/2026 23:43:33 GMT,06/14/2026 03:40:00 GMT,2026-06-13T23:43:33.970Z,2026-06-14T03:40:00.000Z,Over 1.5 De'Aaron Fox Three Pointers Made O/U NY Knicks @ SA Spurs | 12+ Dylan Harper Points NY Knicks @ SA Spurs | 8+ Josh Hart Rebounds NY Knicks @ SA Spurs,,Basketball,NBA
639169989360404398,Draftkings Sportsbook,straight,SETTLED_LOSS,1.900900900900901,,,25,-25.00,06/14/2026 01:55:35 GMT,06/14/2026 03:02:41 GMT,2026-06-14T01:55:35.519Z,2026-06-14T03:02:41.244Z,Under 2.5 Live Haiti: Team Total Corners Haiti vs Scotland,,Soccer,World Cup
639169644574254736,Draftkings Sportsbook,straight,SETTLED_WIN,5.5,5.793856843758921,-0.0507,15,67.50,06/13/2026 16:20:58 GMT,06/14/2026 00:05:22 GMT,2026-06-13T16:20:58.253Z,2026-06-14T00:05:22.314Z,Morocco Moneyline Brazil vs Morocco,,Soccer,World Cup
639169569613540304,Draftkings Sportsbook,straight,SETTLED_CASH_OUT,1.8928571428571428,1.528228286402152,0.2386,50,-35.56,06/13/2026 14:16:01 GMT,06/13/2026 23:32:43 GMT,2026-06-13T14:16:01.269Z,2026-06-13T23:32:43.008Z,Over 7.5 Total Corners Brazil vs Morocco,,Soccer,World Cup
639169594594940564,Draftkings Sportsbook,straight,SETTLED_LOSS,1.6024096385542168,,,60,-60.00,06/13/2026 14:57:40 GMT,06/13/2026 20:35:00 GMT,2026-06-13T14:57:40.352Z,2026-06-13T20:35:00.000Z,Over 3.5 Jackson Suber vs Haotong Li Haotong Li Birdies or Better - Round 3 O/U Jackson Suber vs Haotong Li,,Golf,GOLF
639169593890334338,Draftkings Sportsbook,straight,SETTLED_LOSS,1.9615384615384617,,,20,-20.00,06/13/2026 14:56:29 GMT,06/13/2026 20:05:00 GMT,2026-06-13T14:56:29.454Z,2026-06-13T20:05:00.000Z,Over 4.5 Tommy Fleetwood vs Bud Cauley Tommy Fleetwood Birdies or Better - Round 3 O/U Tommy Fleetwood vs Bud Cauley,,Golf,GOLF
639169594108329231,Draftkings Sportsbook,straight,SETTLED_LOSS,2.2199999999999998,,,20,-20.00,06/13/2026 14:56:51 GMT,06/13/2026 18:15:00 GMT,2026-06-13T14:56:51.417Z,2026-06-13T18:15:00.000Z,Over 4.5 Max Homa vs Alex Fitzpatrick Alex Fitzpatrick Birdies or Better - Round 3 O/U Max Homa vs Alex Fitzpatrick,,Golf,GOLF
639169181740114804,Draftkings Sportsbook,parlay,SETTLED_LOSS,22,,,13.6,-13.60,06/13/2026 03:29:33 GMT,06/13/2026 16:05:00 GMT,2026-06-13T03:29:33.797Z,2026-06-13T16:05:00.000Z,Over 1.5 Kristoffer Reitan Bogeys or Worse - Round 3 O/U Kristoffer Reitan vs Ben Kohles | Over 1.5 Jacob Bridgeman vs Taylor Moore Jacob Bridgeman Bogeys or Worse - Round 3 O/U Jacob Bridgeman vs Taylor Moore | Over 1.5 Takumi Kanaya vs Viktor Hovland Viktor Hovland Bogeys or Worse - Round 3 O/U Takumi Kanaya vs Viktor Hovland | Tommy Fleetwood 2 Ball - Round 3 Tommy Fleetwood vs Bud Cauley | Haotong Li 2 Ball - Round 3 Jackson Suber vs Haotong Li | Sam Burns 2 Ball - Round 3 Benjamin James vs Sam Burns,,Golf,GOLF
639168948705693741,Draftkings Sportsbook,straight,SETTLED_WIN,2.1,2.1501490622633628,-0.0233,25,27.50,06/12/2026 21:01:11 GMT,06/13/2026 03:04:28 GMT,2026-06-12T21:01:11.731Z,2026-06-13T03:04:28.836Z,USA Moneyline USA vs Paraguay,,Soccer,World Cup
639168954006202478,Draftkings Sportsbook,straight,SETTLED_LOSS,1.8,1.876564174462035,-0.0408,25,-25.00,06/12/2026 21:09:59 GMT,06/13/2026 03:04:18 GMT,2026-06-12T21:09:59.169Z,2026-06-13T03:04:18.620Z,Over 4.5 USA: Team Total Corners USA vs Paraguay,,Soccer,World Cup
639168953441282455,Draftkings Sportsbook,parlay,SETTLED_LOSS,1.7874015748031495,,,25,-25.00,06/12/2026 21:09:04 GMT,06/13/2026 03:03:07 GMT,2026-06-12T21:09:04.902Z,2026-06-13T03:03:07.228Z,2+ Christian Pulisic Shots USA vs Paraguay | 1+ Christian Pulisic Shots on Target USA vs Paraguay,,Soccer,World Cup
O/0094602/0000743,Fanduel Sportsbook,straight,SETTLED_WIN,2.01,,,25,25.25,06/09/2026 23:22:55 GMT,06/13/2026 01:05:02 GMT,2026-06-09T23:22:55.000Z,2026-06-13T01:05:02.000Z,USA to Record 1+ Total Shots v Paraguay (6/12) World Cup Customer Special - USA to Record 1+ Total Shots v Paraguay (6/12) World Cup Customer Special - USA to Record 1+ Total Shots v Paraguay (6/12),,Soccer,other
639168857223885004,Draftkings Sportsbook,straight,SETTLED_LOSS,2.08,1.8040405800936472,0.1530,25,-25.00,06/12/2026 18:28:43 GMT,06/12/2026 20:58:00 GMT,2026-06-12T18:28:43.505Z,2026-06-12T20:58:00.837Z,Under 3.5 Bosnia: Team Total Corners Canada vs Bosnia,,Soccer,World Cup
639168343702321037,Draftkings Sportsbook,straight,SETTLED_LOSS,2.2199999999999998,,,30,-30.00,06/12/2026 04:12:51 GMT,06/12/2026 19:59:00 GMT,2026-06-12T04:12:51.469Z,2026-06-12T19:59:00.000Z,Under 12.5 Sahith Theegala Greens in Regulation - Round 2 O/U Tommy Fleetwood v Sahith Theegala v Corey Conners - R2,,Golf,GOLF
639168801099630573,Draftkings Sportsbook,straight,SETTLED_WIN,1.9803921568627452,,,56.1,55.00,06/12/2026 16:55:09 GMT,06/12/2026 19:59:00 GMT,2026-06-12T16:55:09.967Z,2026-06-12T19:59:00.000Z,Over 4.5 Tommy Fleetwood Birdies or Better - Round 2 O/U Tommy Fleetwood v Sahith Theegala v Corey Conners - R2,,Golf,GOLF
639168664348688500,Draftkings Sportsbook,straight,SETTLED_WIN,1.5747126436781609,,,64.97,37.33,06/12/2026 13:07:15 GMT,06/12/2026 16:07:15 GMT,2026-06-12T13:07:15.520Z,2026-06-12T16:07:15.520Z,Over 4.5 Live Wyndham Clark Birdies or Better - Round 2 O/U Wyndham Clark v Kristoffer Reitan v Sam Burns - R2,,Golf,GOLF
639168339036881161,Draftkings Sportsbook,parlay,SETTLED_LOSS,3.2,,,30,-30.00,06/12/2026 04:05:03 GMT,06/12/2026 15:06:00 GMT,2026-06-12T04:05:03.166Z,2026-06-12T15:06:00.000Z,Over 4.5 John Keefer Birdies or Better - Round 2 O/U Joel Dahmen v Ben Kohles v Johnny Keefer - R2 | Over 4.5 Sam Burns Birdies or Better - Round 2 O/U Wyndham Clark v Kristoffer Reitan v Sam Burns - R2,,Golf,GOLF
639168344931507698,Draftkings Sportsbook,straight,SETTLED_WIN,1.7936507936507935,,,30,23.80,06/12/2026 04:14:53 GMT,06/12/2026 14:33:00 GMT,2026-06-12T04:14:53.859Z,2026-06-12T14:33:00.000Z,Under 13.5 Alex Noren Greens in Regulation - Round 2 O/U Brian Campbell v Cam Davis v Alex Noren - R2,,Golf,GOLF
639168338652579654,Draftkings Sportsbook,parlay,SETTLED_LOSS,3.6,,,30,-30.00,06/12/2026 04:04:25 GMT,06/12/2026 14:22:00 GMT,2026-06-12T04:04:25.638Z,2026-06-12T14:22:00.000Z,Over 4.5 Tommy Fleetwood Birdies or Better - Round 2 O/U Tommy Fleetwood v Sahith Theegala v Corey Conners - R2 | Over 4.5 Eric Cole Birdies or Better - Round 2 O/U Eric Cole v Michael Thorbjornsen v Chandler Phillips - R2,,Golf,GOLF
639168243408114829,Draftkings Sportsbook,straight,SETTLED_WIN,2.6,2.688995782116278,-0.0331,25,40.00,06/12/2026 01:25:41 GMT,06/12/2026 03:56:10 GMT,2026-06-12T01:25:41.826Z,2026-06-12T03:56:10.551Z,South Korea Moneyline South Korea vs Czech Republic,,Soccer,World Cup
639168318083701088,Draftkings Sportsbook,straight,SETTLED_LOSS,5.5,,,5,-5.00,06/12/2026 03:30:09 GMT,06/12/2026 03:56:08 GMT,2026-06-12T03:30:09.242Z,2026-06-12T03:56:08.893Z,Czech Republic Live Moneyline South Korea vs Czech Republic,,Soccer,World Cup
639168010423053025,Draftkings Sportsbook,straight,SETTLED_LOSS,2.2,1.8706690402276127,0.1760,25,-25.00,06/11/2026 18:57:23 GMT,06/11/2026 21:03:53 GMT,2026-06-11T18:57:23.308Z,2026-06-11T21:03:53.244Z,Over 2.5 South Africa: Team Total Corners Mexico vs South Africa,,Soccer,World Cup
639167507054788596,Draftkings Sportsbook,straight,SETTLED_WIN,1.6578947368421053,,,56.08,36.89,06/11/2026 04:58:25 GMT,06/11/2026 20:10:00 GMT,2026-06-11T04:58:25.255Z,2026-06-11T20:10:00.000Z,Under 14.5 Robert MacIntyre Greens in Regulation - Round 1 O/U Alex Fitzpatrick v Robert MacIntyre v Shane Lowry - R1,,Golf,GOLF
639167515948225398,Draftkings Sportsbook,parlay,SETTLED_WIN,2.2,,,39.99,47.98,06/11/2026 05:13:16 GMT,06/11/2026 19:59:00 GMT,2026-06-11T05:13:16.118Z,2026-06-11T19:59:00.000Z,Under 2.5 Sam Burns Bogeys or Worse - Round 1 O/U Wyndham Clark v Kristoffer Reitan v Sam Burns - R1 | Under 2.5 Wyndham Clark Bogeys or Worse - Round 1 O/U Wyndham Clark v Kristoffer Reitan v Sam Burns - R1,,Golf,GOLF
639167864846143442,Draftkings Sportsbook,straight,SETTLED_WIN,1.434782608695652,,,70,30.43,06/11/2026 14:54:43 GMT,06/11/2026 17:17:55 GMT,2026-06-11T14:54:43.817Z,2026-06-11T17:17:55.785Z,Over 3.5 Live Jacob Bridgeman Bogeys or Worse - Round 1 O/U Jacob Bridgeman v Taylor Pendrith v Stephan Jaeger - R1,,Golf,GOLF
639167523615305152,Draftkings Sportsbook,straight,SETTLED_WIN,2.12,,,30,33.60,06/11/2026 05:26:01 GMT,06/11/2026 14:55:00 GMT,2026-06-11T05:26:01.653Z,2026-06-11T14:55:00.000Z,Over 68.5 Sudarshan Yellamaraju Round Score - Round 1 O/U Matt Fitzpatrick v Viktor Hovland v Sudarshan Yellamaraju - R1,,Golf,GOLF
639167521314458884,Draftkings Sportsbook,parlay,SETTLED_LOSS,3.2,,,30.01,-30.01,06/11/2026 05:22:11 GMT,06/11/2026 14:33:00 GMT,2026-06-11T05:22:11.102Z,2026-06-11T14:33:00.000Z,Over 4.5 Tommy Fleetwood Birdies or Better - Round 1 O/U Tommy Fleetwood v Sahith Theegala v Corey Conners - R1 | Over 4.5 Aaron Rai Birdies or Better - Round 1 O/U Aaron Rai v Collin Morikawa v Justin Rose - R1,,Golf,GOLF
639167403092107494,Draftkings Sportsbook,straight,SETTLED_WIN,1.8695652173913042,,,30,26.08,06/11/2026 02:05:09 GMT,06/11/2026 03:45:08 GMT,2026-06-11T02:05:09.050Z,2026-06-11T03:45:08.626Z,Under 6.5 Live Josh Hart Points O/U SA Spurs @ NY Knicks,,Basketball,NBA
639166656657017037,Draftkings Sportsbook,parlay,SETTLED_LOSS,5,,,20,-20.00,06/10/2026 05:21:06 GMT,06/11/2026 03:43:34 GMT,2026-06-10T05:21:06.165Z,2026-06-11T03:43:34.000Z,Under 0.5 Mitchell Robinson Assists O/U SA Spurs @ NY Knicks | 1+ Jalen Brunson Three Pointers Made SA Spurs @ NY Knicks | Under 14.5 Dylan Harper Points O/U SA Spurs @ NY Knicks | Under 2.5 Victor Wembanyama Three Pointers Made O/U SA Spurs @ NY Knicks,,Basketball,NBA
639167333848133201,Draftkings Sportsbook,straight,SETTLED_LOSS,2.06,2.0408784191817086,0.0094,20,-20.00,06/11/2026 00:09:46 GMT,06/11/2026 03:43:34 GMT,2026-06-11T00:09:46.357Z,2026-06-11T03:43:34.000Z,10+ Julian Champagnie Points SA Spurs @ NY Knicks,,Basketball,NBA
639166134746994170,Draftkings Sportsbook,straight,SETTLED_LOSS,2.26,1.9290265869900336,0.1716,29.25,-29.25,06/09/2026 14:51:14 GMT,06/10/2026 04:50:33 GMT,2026-06-09T14:51:14.903Z,2026-06-10T04:50:33.141Z,Over 1.5 MIL Brewers Home Runs MIL Brewers @ Athletics,,Baseball,MLB
639166419825592637,Draftkings Sportsbook,parlay,SETTLED_LOSS,5.8,,,10,-10.00,06/09/2026 22:46:23 GMT,06/10/2026 04:50:32 GMT,2026-06-09T22:46:23.633Z,2026-06-10T04:50:32.625Z,Over 1.5 Max Muncy (ATH) Hits + Runs + RBIs O/U MIL Brewers @ Athletics | Over 1.5 Garrett Mitchell Hits + Runs + RBIs O/U MIL Brewers @ Athletics | Over 1.5 Tyler Soderstrom Hits + Runs + RBIs O/U MIL Brewers @ Athletics,,Baseball,MLB
639166548070533201,Draftkings Sportsbook,straight,SETTLED_LOSS,6.9,,,10,-10.00,06/10/2026 02:20:07 GMT,06/10/2026 04:40:39 GMT,2026-06-10T02:20:07.692Z,2026-06-10T04:40:39.229Z,1+ Live Christian Yelich Home Runs MIL Brewers @ Athletics,,Baseball,MLB
639166464099557153,Draftkings Sportsbook,parlay,SETTLED_LOSS,4.970000000000001,,,10,-10.00,06/10/2026 00:00:09 GMT,06/10/2026 02:58:28 GMT,2026-06-10T00:00:09.875Z,2026-06-10T02:58:28.448Z,Over 3.5 VGK Golden Knights: Team Total Goals CAR Hurricanes @ VGK Golden Knights | Over 26.5 Carter Hart Saves O/U CAR Hurricanes @ VGK Golden Knights | 1+ Jack Eichel Shots on Goal CAR Hurricanes @ VGK Golden Knights | VGK Golden Knights +1.5 Puck Line CAR Hurricanes @ VGK Golden Knights,,Ice Hockey,NHL
639166411256829101,Draftkings Sportsbook,straight,SETTLED_VOID,4.84,,,20,0.00,06/09/2026 22:32:06 GMT,06/10/2026 02:09:47 GMT,2026-06-09T22:32:06.612Z,2026-06-10T02:09:47.322Z,1+ Brent Rooker Home Runs MIL Brewers @ Athletics,,Baseball,MLB
639165378916807763,Draftkings Sportsbook,parlay,SETTLED_LOSS,5.19,,,20,-20.00,06/08/2026 17:51:33 GMT,06/09/2026 03:30:00 GMT,2026-06-08T17:51:33.212Z,2026-06-09T03:30:00.000Z,Over 4.5 Devin Vassell Rebounds O/U SA Spurs @ NY Knicks | Over 10.5 Julian Champagnie Points O/U SA Spurs @ NY Knicks | Over 0.5 De'Aaron Fox Steals O/U SA Spurs @ NY Knicks,,Basketball,NBA
639165577290440906,Draftkings Sportsbook,straight,SETTLED_WIN,1.847457627118644,1.7992979184584226,0.0268,25,21.25,06/08/2026 23:22:09 GMT,06/09/2026 03:30:00 GMT,2026-06-08T23:22:09.688Z,2026-06-09T03:30:00.000Z,15+ Stephon Castle Points SA Spurs @ NY Knicks,,Basketball,NBA
639165578798670212,Draftkings Sportsbook,straight,SETTLED_WIN,2.12,2.195644494906333,-0.0345,25,28.00,06/08/2026 23:24:39 GMT,06/09/2026 03:30:00 GMT,2026-06-08T23:24:39.632Z,2026-06-09T03:30:00.000Z,Over 3.5 Mikal Bridges Rebounds O/U SA Spurs @ NY Knicks,,Basketball,NBA
639164544166417309,Draftkings Sportsbook,straight,SETTLED_LOSS,1.5813953488372094,,,75,-75.00,06/07/2026 18:40:17 GMT,06/07/2026 21:40:17 GMT,2026-06-07T18:40:17.410Z,2026-06-07T21:40:17.410Z,Under 3.5 Live Tommy Fleetwood Birdies or Better - Round 4 O/U Clark v Fleetwood v Cole - R4,,Golf,GOLF
639164407516029343,Draftkings Sportsbook,parlay,SETTLED_WIN,11,,,100,1000.00,06/07/2026 14:52:31 GMT,06/07/2026 19:50:00 GMT,2026-06-07T14:52:31.823Z,2026-06-07T19:50:00.000Z,Under 4.5 Cameron Young Birdies or Better - Round 4 O/U Snedeker v Young v Matsuyama - R4 | Over 3.5 Ryan Gerard Birdies or Better - Round 4 O/U Poston v Gerard v Burns - R4 | Over 3.5 Tommy Fleetwood Birdies or Better - Round 4 O/U Clark v Fleetwood v Cole - R4 | Over 3.5 Wyndham Clark Birdies or Better - Round 4 O/U Clark v Fleetwood v Cole - R4 | Over 3.5 J.J. Spaun Birdies or Better - Round 4 O/U Noren v Spaun v McNealy - R4,,Golf,GOLF
639163992905043632,Draftkings Sportsbook,straight,SETTLED_LOSS,2.05,,,25,-25.00,06/07/2026 03:21:31 GMT,06/07/2026 04:24:03 GMT,2026-06-07T03:21:31.100Z,2026-06-07T04:24:03.296Z,CAR Hurricanes Live Moneyline CAR Hurricanes @ VGK Golden Knights,,Ice Hockey,NHL
639163211585748908,Draftkings Sportsbook,parlay,SETTLED_LOSS,8.5,,,83.66,-83.66,06/06/2026 05:39:20 GMT,06/06/2026 16:39:00 GMT,2026-06-06T05:39:20.006Z,2026-06-06T16:39:00.000Z,Over 2.5 J.T. Poston vs Ryan Gerard Ryan Gerard Birdies or Better - Round 3 O/U J.T. Poston vs Ryan Gerard | Over 2.5 Alex Fitzpatrick vs Aaron Rai Aaron Rai Birdies or Better - Round 3 O/U Alex Fitzpatrick vs Aaron Rai | Over 2.5 Tony Finau vs Harry Hall Harry Hall Birdies or Better - Round 3 O/U Tony Finau vs Harry Hall | Over 2.5 Russell Henley vs Nico Echavarria Nico Echavarria Birdies or Better - Round 3 O/U Russell Henley vs Nico Echavarria | Over 7.5 Ryo Hisatsune vs Cameron Young Cameron Young Fairways Hit - Round 3 O/U Ryo Hisatsune vs Cameron Young,,Golf,GOLF
639163086884894539,Draftkings Sportsbook,parlay,SETTLED_LOSS,4.65,,,10,-10.00,06/06/2026 02:11:28 GMT,06/06/2026 03:40:35 GMT,2026-06-06T02:11:28.437Z,2026-06-06T03:40:35.463Z,Under 14.5 Live OG Anunoby Points O/U NY Knicks @ SA Spurs | Under 1.5 Live Keldon Johnson Assists O/U NY Knicks @ SA Spurs | Under 4.5 Live Karl-Anthony Towns Assists O/U NY Knicks @ SA Spurs,,Basketball,NBA
639162954424415464,Draftkings Sportsbook,straight,SETTLED_LOSS,2.2,2.296091970483894,-0.0419,10,-10.00,06/05/2026 22:30:42 GMT,06/06/2026 03:40:24 GMT,2026-06-05T22:30:42.803Z,2026-06-06T03:40:24.213Z,Over 1.5 Josh Hart Steals O/U NY Knicks @ SA Spurs,,Basketball,NBA
639162951621633537,Draftkings Sportsbook,parlay,SETTLED_LOSS,138.5,,,5.97,-5.97,06/05/2026 22:26:01 GMT,06/06/2026 03:40:14 GMT,2026-06-05T22:26:01.495Z,2026-06-06T03:40:14.053Z,Over 2.5 Luke Kornet Rebounds O/U NY Knicks @ SA Spurs | Under 27.5 Victor Wembanyama Points O/U NY Knicks @ SA Spurs | Under 1.5 Mikal Bridges Three Pointers Made O/U NY Knicks @ SA Spurs | Under 0.5 Jose Alvarado Three Pointers Made O/U NY Knicks @ SA Spurs | Over 0.5 Devin Vassell Blocks O/U NY Knicks @ SA Spurs | Over 1.5 OG Anunoby Assists O/U NY Knicks @ SA Spurs | Over 2.5 Jalen Brunson Rebounds O/U NY Knicks @ SA Spurs | Over 4.5 Stephon Castle Rebounds O/U NY Knicks @ SA Spurs,,Basketball,NBA
639163074060392317,Draftkings Sportsbook,straight,SETTLED_WIN,2.05,,,10,10.50,06/06/2026 01:50:04 GMT,06/06/2026 03:36:17 GMT,2026-06-06T01:50:04.805Z,2026-06-06T03:36:17.537Z,Over 5.5 Live Mikal Bridges Rebounds O/U NY Knicks @ SA Spurs,,Basketball,NBA
639162953254400825,Draftkings Sportsbook,straight,SETTLED_CASH_OUT,2.05,2.121360904961364,-0.0336,10,-6.84,06/05/2026 22:28:46 GMT,06/06/2026 02:30:32 GMT,2026-06-05T22:28:46.158Z,2026-06-06T02:30:32.591Z,Over 5.5 Mitchell Robinson Rebounds O/U NY Knicks @ SA Spurs,,Basketball,NBA
639162593970364365,Draftkings Sportsbook,straight,SETTLED_WIN,2.06,,,25,26.50,06/05/2026 12:29:56 GMT,06/05/2026 20:35:00 GMT,2026-06-05T12:29:56.841Z,2026-06-05T20:35:00.000Z,Over 3.5 Rory McIlroy vs Justin Thomas Rory McIlroy Bogeys or Worse - Round 2 O/U Rory McIlroy vs Justin Thomas,,Golf,GOLF
639162594389794927,Draftkings Sportsbook,straight,SETTLED_WIN,1.72992700729927,,,32.1,22.37,06/05/2026 12:30:39 GMT,06/05/2026 20:15:00 GMT,2026-06-05T12:30:39.155Z,2026-06-05T20:15:00.000Z,Over 3.5 Justin Rose vs Rickie Fowler Justin Rose Bogeys or Worse - Round 2 O/U Justin Rose vs Rickie Fowler,,Golf,GOLF
639161829113887812,Draftkings Sportsbook,straight,SETTLED_WIN,1.9615384615384617,,,10,9.61,06/04/2026 15:15:11 GMT,06/04/2026 19:20:00 GMT,2026-06-04T15:15:11.598Z,2026-06-04T19:20:00.000Z,Over 3.5 Harris English vs Robert MacIntyre Robert MacIntyre Bogeys or Worse - Round 1 O/U Harris English vs Robert MacIntyre,,Golf,GOLF
639161829226830924,Draftkings Sportsbook,straight,SETTLED_WIN,1.7575757575757576,,,10,7.57,06/04/2026 15:15:22 GMT,06/04/2026 18:40:00 GMT,2026-06-04T15:15:22.713Z,2026-06-04T18:40:00.000Z,Over 3.5 Ryan Gerard vs Mark Hubbard Ryan Gerard Bogeys or Worse - Round 1 O/U Ryan Gerard vs Mark Hubbard,,Golf,GOLF
639161423893808306,Draftkings Sportsbook,parlay,SETTLED_LOSS,77,,,10,-10.00,06/04/2026 03:59:50 GMT,06/04/2026 17:00:00 GMT,2026-06-04T03:59:50.186Z,2026-06-04T17:00:00.000Z,Over 72.5 Jason Day Round Score - Round 1 O/U Jason Day vs Jordan Spieth | Under 9.5 Adam Scott vs Alex Smalley Alex Smalley Fairways Hit - Round 1 O/U Adam Scott vs Alex Smalley | Under 9.5 Andrew Novak vs Hideki Matsuyama Hideki Matsuyama Fairways Hit - Round 1 O/U Andrew Novak vs Hideki Matsuyama | Over 72.5 Chris Gotterup vs Sepp Straka Sepp Straka Round Score - Round 1 O/U Chris Gotterup vs Sepp Straka | Under 9.5 Chris Gotterup vs Sepp Straka Sepp Straka Fairways Hit - Round 1 O/U Chris Gotterup vs Sepp Straka | Over 72.5 Justin Rose Round Score - Round 1 O/U Justin Rose vs Rickie Fowler | Under 9.5 Justin Rose vs Rickie Fowler Rickie Fowler Fairways Hit - Round 1 O/U Justin Rose vs Rickie Fowler | Over 72.5 Kurt Kitayama Round Score - Round 1 O/U Kurt Kitayama vs Michael Kim,,Golf,GOLF
639161460195198459,Draftkings Sportsbook,parlay,SETTLED_LOSS,14.75,,,50,-50.00,06/04/2026 05:00:19 GMT,06/04/2026 14:55:00 GMT,2026-06-04T05:00:19.647Z,2026-06-04T14:55:00.000Z,Over 72.5 Brian Campbell vs Pierceson Coody Pierceson Coody Round Score - Round 1 O/U Brian Campbell vs Pierceson Coody | Over 72.5 Ryan Fox vs Daniel Berger Daniel Berger Round Score - Round 1 O/U Ryan Fox vs Daniel Berger | Over 72.5 Adam Scott Round Score - Round 1 O/U Adam Scott vs Alex Smalley | Over 73.5 Nico Echavarria vs Nick Taylor Nico Echavarria Round Score - Round 1 O/U Nico Echavarria vs Nick Taylor | Over 3.5 Ryan Gerard vs Mark Hubbard Ryan Gerard Bogeys or Worse - Round 1 O/U Ryan Gerard vs Mark Hubbard | Over 72.5 Ryan Gerard vs Mark Hubbard Ryan Gerard Round Score - Round 1 O/U Ryan Gerard vs Mark Hubbard,,Golf,GOLF
639161372365495918,Draftkings Sportsbook,parlay,SETTLED_LOSS,5.65,,,25,-25.00,06/04/2026 02:33:55 GMT,06/04/2026 03:25:30 GMT,2026-06-04T02:33:55.305Z,2026-06-04T03:25:30.128Z,Over 10.5 Live Josh Hart Rebounds O/U NY Knicks @ SA Spurs | 18+ Live Dylan Harper Points NY Knicks @ SA Spurs | 20+ Live Karl-Anthony Towns Points NY Knicks @ SA Spurs | Over 6.5 Live De'Aaron Fox Assists O/U NY Knicks @ SA Spurs,,Basketball,NBA
639161345946917589,Draftkings Sportsbook,straight,SETTLED_WIN,1.9523809523809523,,,21,20.00,06/04/2026 01:49:55 GMT,06/04/2026 03:22:24 GMT,2026-06-04T01:49:55.549Z,2026-06-04T03:22:24.071Z,Over 8.5 Live Josh Hart Rebounds O/U NY Knicks @ SA Spurs,,Basketball,NBA
639161287507390505,Draftkings Sportsbook,parlay,SETTLED_LOSS,5.25,,,22.27,-22.27,06/04/2026 00:12:30 GMT,06/04/2026 03:22:10 GMT,2026-06-04T00:12:30.981Z,2026-06-04T03:22:10.378Z,Under 42.5 Victor Wembanyama Points + Rebounds + Assists O/U NY Knicks @ SA Spurs | Under 8.5 Josh Hart Rebounds O/U NY Knicks @ SA Spurs | Under 1.5 Mikal Bridges Three Pointers Made O/U NY Knicks @ SA Spurs,,Basketball,NBA
639161260226132716,Draftkings Sportsbook,parlay,SETTLED_CASH_OUT,21,,,25,-20.08,06/03/2026 23:27:01 GMT,06/04/2026 02:15:18 GMT,2026-06-03T23:27:01.008Z,2026-06-04T02:15:18.415Z,Under 32.5 Karl-Anthony Towns Points + Rebounds + Assists O/U NY Knicks @ SA Spurs | Over 13.5 Mikal Bridges Points O/U NY Knicks @ SA Spurs | 2+ Victor Wembanyama Three Pointers Made NY Knicks @ SA Spurs | 20+ Mikal Bridges Points + Rebounds + Assists NY Knicks @ SA Spurs | Over 3.5 Karl-Anthony Towns Assists O/U NY Knicks @ SA Spurs | SA Spurs -4.5 Spread NY Knicks @ SA Spurs,,Basketball,NBA
639160217473230703,Draftkings Sportsbook,straight,SETTLED_WIN,1.9090909090909092,,,30,27.27,06/02/2026 18:29:08 GMT,06/03/2026 04:17:32 GMT,2026-06-02T18:29:08.636Z,2026-06-03T04:17:32.294Z,6+ Jackie Young Assists LV Aces @ LA Sparks,,Basketball,WNBA
639160397709499236,Draftkings Sportsbook,parlay,SETTLED_LOSS,6.6,,,10,-10.00,06/02/2026 23:29:29 GMT,06/03/2026 02:40:00 GMT,2026-06-02T23:29:29.506Z,2026-06-03T02:40:00.000Z,Under 0.5 Runs - 1st Inning SF Giants @ MIL Brewers | LA Angels Moneyline COL Rockies @ LA Angels | Over 8.5 Total COL Rockies @ LA Angels,,Baseball,MLB
639160246133164074,Draftkings Sportsbook,straight,SETTLED_LOSS,1.9615384615384617,,,32.8,-32.80,06/02/2026 19:16:54 GMT,06/02/2026 21:17:58 GMT,2026-06-02T19:16:54.291Z,2026-06-02T21:17:58.929Z,Joao Fonseca Live Moneyline Jakub Mensik vs Joao Fonseca,,Tennis,TENNIS
639160208178647501,Draftkings Sportsbook,straight,SETTLED_CASH_OUT,1.9523809523809523,2.206875926231217,-0.1153,30,-17.20,06/02/2026 18:13:38 GMT,06/02/2026 19:16:40 GMT,2026-06-02T18:13:38.741Z,2026-06-02T19:16:40.441Z,Joao Fonseca -4.5 Games Spread Jakub Mensik vs Joao Fonseca,,Tennis,TENNIS
639159469561751751,Draftkings Sportsbook,straight,SETTLED_LOSS,1.7246376811594204,1.831280481162326,-0.0582,20,-20.00,06/01/2026 21:42:37 GMT,06/02/2026 02:05:36 GMT,2026-06-01T21:42:37.297Z,2026-06-02T02:05:36.218Z,Under 1.5 Edwin Arroyo Hits + Runs + RBIs O/U KC Royals @ CIN Reds,,Baseball,MLB
639158510154935129,Draftkings Sportsbook,straight,SETTLED_LOSS,7.2,,,100,-100.00,05/31/2026 19:03:34 GMT,05/31/2026 22:22:32 GMT,2026-05-31T19:03:34.826Z,2026-05-31T22:22:32.755Z,J.J. Spaun Live Winner Charles Schwab Challenge 2026,,Golf,GOLF
639158495447395082,Draftkings Sportsbook,straight,SETTLED_LOSS,1.641025641025641,,,97.22,-97.22,05/31/2026 18:39:05 GMT,05/31/2026 21:39:05 GMT,2026-05-31T18:39:05.324Z,2026-05-31T21:39:05.324Z,Under 2.5 Live Alex Smalley Birdies or Better - Round 4 O/U Spaun v Smalley v Henley - R4,,Golf,GOLF
639157828062209563,Draftkings Sportsbook,parlay,SETTLED_CASH_OUT,4.88,,,50,-2.78,05/31/2026 00:06:46 GMT,05/31/2026 03:04:07 GMT,2026-05-31T00:06:46.820Z,2026-05-31T03:04:07.368Z,6+ Alex Caruso Points SA Spurs @ OKC Thunder | 25+ Victor Wembanyama Points SA Spurs @ OKC Thunder | SA Spurs Moneyline SA Spurs @ OKC Thunder | 1+ De'Aaron Fox Three Pointers Made SA Spurs @ OKC Thunder,,Basketball,NBA
639157564580525053,Draftkings Sportsbook,straight,SETTLED_LOSS,1.9090909090909092,,,30,-30.00,05/30/2026 16:47:38 GMT,05/30/2026 20:15:00 GMT,2026-05-30T16:47:38.926Z,2026-05-30T20:15:00.000Z,Over 11.5 Ryan Gerard Greens in Regulation - Round 3 O/U J.Smith v Thorbjornsen v Gerard - R3,,Golf,GOLF
639157152158418119,Draftkings Sportsbook,parlay,SETTLED_LOSS,4.2,,,30,-30.00,05/30/2026 05:20:16 GMT,05/30/2026 20:04:00 GMT,2026-05-30T05:20:16.265Z,2026-05-30T20:04:00.000Z,Under 69.5 Alex Smalley Round Score - Round 3 O/U Bhatia v Smalley v Henley - R3 | Under 69.5 J.J. Spaun Round Score - Round 3 O/U Harman v Matsuyama v Spaun - R3 | Under 69.5 Hideki Matsuyama Round Score - Round 3 O/U Harman v Matsuyama v Spaun - R3,,Golf,GOLF
639157057600313132,Draftkings Sportsbook,parlay,SETTLED_LOSS,16,,,17.12,-17.12,05/30/2026 02:42:39 GMT,05/30/2026 19:53:00 GMT,2026-05-30T02:42:39.096Z,2026-05-30T19:53:00.000Z,Under 2.5 Akshay Bhatia Bogeys or Worse - Round 3 O/U Bhatia v Smalley v Henley - R3 | Under 2.5 Alex Smalley Bogeys or Worse - Round 3 O/U Bhatia v Smalley v Henley - R3 | Under 69.5 J.J. Spaun Round Score - Round 3 O/U Harman v Matsuyama v Spaun - R3 | Under 2.5 Hideki Matsuyama Bogeys or Worse - Round 3 O/U Harman v Matsuyama v Spaun - R3 | Under 2.5 J.J. Spaun Bogeys or Worse - Round 3 O/U Harman v Matsuyama v Spaun - R3,,Golf,GOLF
639157058976370989,Draftkings Sportsbook,straight,SETTLED_LOSS,1.7692307692307692,,,100,-100.00,05/30/2026 02:44:56 GMT,05/30/2026 17:31:00 GMT,2026-05-30T02:44:56.061Z,2026-05-30T17:31:00.000Z,Under 12.5 Robert MacIntyre Greens in Regulation - Round 3 O/U MacIntyre v Thomas v Poston - R3,,Golf,GOLF
639156916824502608,Draftkings Sportsbook,straight,SETTLED_WIN,1.900900900900901,1.8092127088553365,0.0507,40.59,36.53,05/29/2026 22:48:03 GMT,05/30/2026 01:35:45 GMT,2026-05-29T22:48:03.198Z,2026-05-30T01:35:45.592Z,Over 1.5 Jose Ramirez Hits + Runs + RBIs O/U BOS Red Sox @ CLE Guardians,,Baseball,MLB
639156273451776632,Draftkings Sportsbook,straight,SETTLED_LOSS,2.04,,,30,-30.00,05/29/2026 04:55:46 GMT,05/29/2026 20:46:00 GMT,2026-05-29T04:55:46.543Z,2026-05-29T20:46:00.000Z,Over 12.5 Justin Thomas Greens in Regulation - Round 2 O/U Justin Thomas v Russell Henley v Sungjae Im - R2,,Golf,GOLF
639156731490892169,Draftkings Sportsbook,straight,SETTLED_WIN,1.847457627118644,,,43.5,36.86,05/29/2026 17:39:09 GMT,05/29/2026 20:39:09 GMT,2026-05-29T17:39:09.217Z,2026-05-29T20:39:09.217Z,Under 68.5 Live Hideki Matsuyama Round Score - Round 2 O/U Hideki Matsuyama v Robert MacIntyre v Alex Smalley - R2,,Golf,GOLF
639156268099915833,Draftkings Sportsbook,parlay,SETTLED_WIN,2.3,,,26.19,34.04,05/29/2026 04:46:50 GMT,05/29/2026 20:35:00 GMT,2026-05-29T04:46:50.481Z,2026-05-29T20:35:00.000Z,Under 2.5 J.J. Spaun Bogeys or Worse - Round 2 O/U J.J. Spaun v Gary Woodland v Ludvig Åberg - R2 | Under 2.5 Alex Smalley Bogeys or Worse - Round 2 O/U Hideki Matsuyama v Robert MacIntyre v Alex Smalley - R2,,Golf,GOLF
639156273372412228,Draftkings Sportsbook,straight,SETTLED_LOSS,1.9433962264150944,,,30,-30.00,05/29/2026 04:55:37 GMT,05/29/2026 20:24:00 GMT,2026-05-29T04:55:37.541Z,2026-05-29T20:24:00.000Z,Over 12.5 Keegan Bradley Greens in Regulation - Round 2 O/U Ryan Gerard v Keegan Bradley v Brian Harman - R2,,Golf,GOLF
639156669326026514,Draftkings Sportsbook,straight,SETTLED_WIN,2.05,,,70,73.50,05/29/2026 15:55:31 GMT,05/29/2026 18:01:25 GMT,2026-05-29T15:55:31.587Z,2026-05-29T18:01:25.734Z,Over 5.5 Live John Keefer Birdies or Better - Round 2 O/U Keith Mitchell v Patrick Rodgers v Johnny Keefer - R2,,Golf,GOLF
639156267462309374,Draftkings Sportsbook,parlay,SETTLED_LOSS,2.5,,,39.99,-39.99,05/29/2026 04:45:47 GMT,05/29/2026 16:17:00 GMT,2026-05-29T04:45:47.426Z,2026-05-29T16:17:00.000Z,Under 4.5 John Keefer Birdies or Better - Round 2 O/U Keith Mitchell v Patrick Rodgers v Johnny Keefer - R2 | Under 12.5 Andrew Putnam Pars - Round 2 O/U Andrew Putnam v David Lipsky v Hank Lebioda - R2,,Golf,GOLF
639156276203240596,Draftkings Sportsbook,parlay,SETTLED_LOSS,3.2,,,20,-20.00,05/29/2026 05:00:20 GMT,05/29/2026 15:55:00 GMT,2026-05-29T05:00:20.693Z,2026-05-29T15:55:00.000Z,Alex Smalley Robert MacIntyre v Alex Smalley - Round 2 Hideki Matsuyama v Robert MacIntyre v Alex Smalley - R2 | Tony Finau Brandt Snedeker v Tony Finau - Round 2 Brandt Snedeker v Akshay Bhatia v Tony Finau - R2,,Golf,GOLF
639156273183413321,Draftkings Sportsbook,straight,SETTLED_LOSS,1.925925925925926,,,30,-30.00,05/29/2026 04:55:18 GMT,05/29/2026 15:33:00 GMT,2026-05-29T04:55:18.728Z,2026-05-29T15:33:00.000Z,Over 12.5 Rickie Fowler Greens in Regulation - Round 2 O/U Ben Griffin v Rickie Fowler v Tom Hoge - R2,,Golf,GOLF
639156160696575468,Draftkings Sportsbook,parlay,SETTLED_LOSS,5.19,,,20,-20.00,05/29/2026 01:47:49 GMT,05/29/2026 04:24:05 GMT,2026-05-29T01:47:49.176Z,2026-05-29T04:24:05.912Z,OKC Thunder Live Moneyline OKC Thunder @ SA Spurs | 5+ Live Isaiah Hartenstein Rebounds OKC Thunder @ SA Spurs | 10+ Live Alex Caruso Points OKC Thunder @ SA Spurs,,Basketball,NBA
639155438666897747,Draftkings Sportsbook,parlay,SETTLED_WIN,3,,,50,100.00,05/28/2026 05:44:25 GMT,05/28/2026 20:35:00 GMT,2026-05-28T05:44:25.600Z,2026-05-28T20:35:00.000Z,Over 3.5 Harry Hall Birdies or Better - Round 1 O/U Ricky Castillo v Nico Echavarria v Harry Hall - R1 | Over 3.5 Akshay Bhatia Birdies or Better - Round 1 O/U Brandt Snedeker v Akshay Bhatia v Tony Finau - R1,,Golf,GOLF
639155826372659609,Draftkings Sportsbook,parlay,SETTLED_WIN,2.3200000000000003,,,50,66.18,05/28/2026 16:30:37 GMT,05/28/2026 20:35:00 GMT,2026-05-28T16:30:37.910Z,2026-05-28T20:35:00.000Z,Ryo Hisatsune Ryo Hisatsune v Chandler Phillips - Round 1 Ryo Hisatsune v Chandler Phillips v Kevin Roy - R1 | Akshay Bhatia Brandt Snedeker v Akshay Bhatia - Round 1 Brandt Snedeker v Akshay Bhatia v Tony Finau - R1,,Golf,GOLF
639155411052470125,Draftkings Sportsbook,parlay,SETTLED_LOSS,2.6,,,50,-50.00,05/28/2026 04:58:25 GMT,05/28/2026 20:13:00 GMT,2026-05-28T04:58:25.640Z,2026-05-28T20:13:00.000Z,Over 11.5 Rickie Fowler Pars - Round 1 O/U Ben Griffin v Rickie Fowler v Tom Hoge - R1 | Over 11.5 Sungjae Im Pars - Round 1 O/U Justin Thomas v Russell Henley v Sungjae Im - R1,,Golf,GOLF
639155399711069215,Draftkings Sportsbook,parlay,SETTLED_LOSS,51,,,5,-5.00,05/28/2026 04:39:31 GMT,05/28/2026 20:13:00 GMT,2026-05-28T04:39:31.515Z,2026-05-28T20:13:00.000Z,Under 69.5 Ben Griffin Round Score - Round 1 O/U Ben Griffin v Rickie Fowler v Tom Hoge - R1 | Under 69.5 Justin Thomas Round Score - Round 1 O/U Justin Thomas v Russell Henley v Sungjae Im - R1 | Under 69.5 J.J. Spaun Round Score - Round 1 O/U J.J. Spaun v Gary Woodland v Ludvig Aberg - R1 | Under 69.5 Matt McCarty Round Score - Round 1 O/U Michael Brennan v Matt McCarty v Davis Thompson - R1 | Under 69.5 Harry Hall Round Score - Round 1 O/U Ricky Castillo v Nico Echavarria v Harry Hall - R1 | Under 69.5 Ryo Hisatsune Round Score - Round 1 O/U Ryo Hisatsune v Chandler Phillips v Kevin Roy - R1 | Under 69.5 Alex Smalley Round Score - Round 1 O/U Hideki Matsuyama v Robert MacIntyre v Alex Smalley - R1 | Under 69.5 Hideki Matsuyama Round Score - Round 1 O/U Hideki Matsuyama v Robert MacIntyre v Alex Smalley - R1 | Under 69.5 Stephan Jaeger Round Score - Round 1 O/U Karl Vilips v Stephan Jaeger v Webb Simpson - R1 | Under 69.5 Akshay Bhatia Round Score - Round 1 O/U Brandt Snedeker v Akshay Bhatia v Tony Finau - R1,,Golf,GOLF
639155376254850080,Draftkings Sportsbook,parlay,SETTLED_LOSS,61,,,3.75,-3.75,05/28/2026 04:00:24 GMT,05/28/2026 19:40:00 GMT,2026-05-28T04:00:24.505Z,2026-05-28T19:40:00.000Z,Over 7.5 Justin Thomas Fairways Hit - Round 1 O/U Justin Thomas v Russell Henley v Sungjae Im - R1 | Under 69.5 Justin Thomas Round Score - Round 1 O/U Justin Thomas v Russell Henley v Sungjae Im - R1 | Under 69.5 Matt McCarty Round Score - Round 1 O/U Michael Brennan v Matt McCarty v Davis Thompson - R1 | Under 69.5 Harry Hall Round Score - Round 1 O/U Ricky Castillo v Nico Echavarria v Harry Hall - R1 | Over 7.5 Harry Hall Fairways Hit - Round 1 O/U Ricky Castillo v Nico Echavarria v Harry Hall - R1 | Over 8.5 Ryo Hisatsune Fairways Hit - Round 1 O/U Ryo Hisatsune v Chandler Phillips v Kevin Roy - R1 | Under 69.5 Ryo Hisatsune Round Score - Round 1 O/U Ryo Hisatsune v Chandler Phillips v Kevin Roy - R1 | Over 8.5 Alex Smalley Fairways Hit - Round 1 O/U Hideki Matsuyama v Robert MacIntyre v Alex Smalley - R1 | Under 69.5 Alex Smalley Round Score - Round 1 O/U Hideki Matsuyama v Robert MacIntyre v Alex Smalley - R1 | Over 8.5 Akshay Bhatia Fairways Hit - Round 1 O/U Brandt Snedeker v Akshay Bhatia v Tony Finau - R1,,Golf,GOLF
639155330152973505,Draftkings Sportsbook,parlay,SETTLED_LOSS,11,,,25,-25.00,05/28/2026 02:43:35 GMT,05/28/2026 16:17:00 GMT,2026-05-28T02:43:35.356Z,2026-05-28T16:17:00.000Z,Under 3.5 Rasmus Neergaard-Petersen Birdies or Better - Round 1 O/U Rasmus Neergaard-Petersen v Zach Bauchou v Chandler Blanchet - R1 | Under 3.5 Andrew Putnam Birdies or Better - Round 1 O/U Andrew Putnam v David Lipsky v Hank Lebioda - R1 | Ryo Hisatsune Ryo Hisatsune v Chandler Phillips - Round 1 Ryo Hisatsune v Chandler Phillips v Kevin Roy - R1 | Akshay Bhatia Brandt Snedeker v Akshay Bhatia - Round 1 Brandt Snedeker v Akshay Bhatia v Tony Finau - R1,,Golf,GOLF
639155414307429926,Draftkings Sportsbook,parlay,SETTLED_LOSS,3.4,,,50,-50.00,05/28/2026 05:03:51 GMT,05/28/2026 16:06:00 GMT,2026-05-28T05:03:51.351Z,2026-05-28T16:06:00.000Z,Over 11.5 Justin Thomas Pars - Round 1 O/U Justin Thomas v Russell Henley v Sungjae Im - R1 | Over 11.5 Ludvig Aberg Pars - Round 1 O/U J.J. Spaun v Gary Woodland v Ludvig Aberg - R1,,Golf,GOLF
639155375036401162,Draftkings Sportsbook,parlay,SETTLED_LOSS,61,,,6,-6.00,05/28/2026 03:58:23 GMT,05/28/2026 16:06:00 GMT,2026-05-28T03:58:23.343Z,2026-05-28T16:06:00.000Z,Over 11.5 Rickie Fowler Pars - Round 1 O/U Ben Griffin v Rickie Fowler v Tom Hoge - R1 | Over 11.5 Justin Thomas Pars - Round 1 O/U Justin Thomas v Russell Henley v Sungjae Im - R1 | Over 11.5 Sungjae Im Pars - Round 1 O/U Justin Thomas v Russell Henley v Sungjae Im - R1 | Over 11.5 Ludvig Aberg Pars - Round 1 O/U J.J. Spaun v Gary Woodland v Ludvig Aberg - R1 | Over 11.5 Keith Mitchell Pars - Round 1 O/U Keith Mitchell v Patrick Rodgers v John Keefer - R1 | Over 11.5 Pierceson Coody Pars - Round 1 O/U Austin Eckroat v Pierceson Coody v Mac Meissner - R1 | Over 11.5 Alex Smalley Pars - Round 1 O/U Hideki Matsuyama v Robert MacIntyre v Alex Smalley - R1 | Over 11.5 Akshay Bhatia Pars - Round 1 O/U Brandt Snedeker v Akshay Bhatia v Tony Finau - R1,,Golf,GOLF
639154960700746152,Draftkings Sportsbook,straight,SETTLED_WIN,2.3,2.026687669562884,0.1349,25,32.50,05/27/2026 16:27:48 GMT,05/28/2026 02:11:13 GMT,2026-05-27T16:27:48.408Z,2026-05-28T02:11:13.797Z,2+ Miguel Vargas Hits + Runs + RBIs MIN Twins @ CHI White Sox,,Baseball,MLB
639155181909269564,Draftkings Sportsbook,parlay,SETTLED_LOSS,4.15,,,25,-25.00,05/27/2026 22:36:31 GMT,05/28/2026 01:25:44 GMT,2026-05-27T22:36:31.899Z,2026-05-28T01:25:44.996Z,Under 1.5 Jorge Mateo Hits + Runs + RBIs O/U ATL Braves @ BOS Red Sox | 1+ Willson Contreras Hits ATL Braves @ BOS Red Sox | Under 1.5 Runs - 1st Inning ATL Braves @ BOS Red Sox | 5+ Connelly Early Strikeouts Thrown ATL Braves @ BOS Red Sox,,Baseball,MLB
639154961287487634,Draftkings Sportsbook,straight,SETTLED_WIN,2.26,1.9155301454083349,0.1798,25,31.50,05/27/2026 16:28:47 GMT,05/28/2026 01:25:41 GMT,2026-05-27T16:28:47.287Z,2026-05-28T01:25:41.137Z,2+ Wilyer Abreu Hits + Runs + RBIs ATL Braves @ BOS Red Sox,,Baseball,MLB
639155127014441665,Draftkings Sportsbook,straight,SETTLED_LOSS,2,2.1306793763808964,-0.0613,25,-25.00,05/27/2026 21:05:02 GMT,05/28/2026 00:50:31 GMT,2026-05-27T21:05:02.311Z,2026-05-28T00:50:31.197Z,Over 2.5 NY Yankees: Team Total Runs - 1st 5 Innings NY Yankees @ KC Royals,,Baseball,MLB
639154960286755841,Draftkings Sportsbook,straight,SETTLED_WIN,2.0300000000000002,1.8183897510926934,0.1164,25,25.75,05/27/2026 16:27:09 GMT,05/27/2026 23:33:05 GMT,2026-05-27T16:27:09.796Z,2026-05-27T23:33:05.255Z,Over 1.5 Brandon Lowe Hits + Runs + RBIs O/U CHI Cubs @ PIT Pirates,,Baseball,MLB
639154956931176687,Draftkings Sportsbook,parlay,SETTLED_LOSS,14.36,11.397466854206263,0.2599,10,-10.00,05/27/2026 16:21:32 GMT,05/27/2026 20:10:00 GMT,2026-05-27T16:21:32.957Z,2026-05-27T20:10:00.000Z,2+ Jose Ramirez Total Bases WAS Nationals @ CLE Guardians | 2+ Bo Bichette Total Bases CIN Reds @ NY Mets | Over 1.5 Spencer Horwitz Total Bases O/U CHI Cubs @ PIT Pirates,,Baseball,MLB
639154341789253624,Draftkings Sportsbook,parlay,SETTLED_LOSS,5.5,,,20,-20.00,05/26/2026 23:16:18 GMT,05/27/2026 03:33:47 GMT,2026-05-26T23:16:18.858Z,2026-05-27T03:33:47.878Z,Over 0.5 Luguentz Dort Assists O/U SA Spurs @ OKC Thunder | 1+ Shai Gilgeous-Alexander Three Pointers Made SA Spurs @ OKC Thunder | Over 8.5 Alex Caruso Points O/U SA Spurs @ OKC Thunder | 3+ Cason Wallace Rebounds SA Spurs @ OKC Thunder,,Basketball,NBA
639154040502672528,Draftkings Sportsbook,parlay,SETTLED_LOSS,1.925925925925926,,,28,-28.00,05/26/2026 14:54:08 GMT,05/27/2026 02:20:55 GMT,2026-05-26T14:54:08.931Z,2026-05-27T02:20:55.169Z,Under 1.5 Max Schuemann Hits + Runs + RBIs O/U NY Yankees @ KC Royals | Under 2.5 Jack Leiter Earned Runs Allowed O/U HOU Astros @ TEX Rangers | Under 0.5 Yohel Pozo Doubles O/U STL Cardinals @ MIL Brewers,,Baseball,MLB
639153510711693084,Draftkings Sportsbook,parlay,SETTLED_LOSS,7.5,,,15,-15.00,05/26/2026 00:11:09 GMT,05/26/2026 02:42:02 GMT,2026-05-26T00:11:09.749Z,2026-05-26T02:42:02.085Z,6+ Max Strus Rebounds NY Knicks @ CLE Cavaliers | 4+ Max Strus Assists NY Knicks @ CLE Cavaliers,,Basketball,NBA
639153432905801470,Draftkings Sportsbook,parlay,SETTLED_LOSS,5.5,,,50,-50.00,05/25/2026 22:01:31 GMT,05/26/2026 02:40:46 GMT,2026-05-25T22:01:31.324Z,2026-05-26T02:40:46.116Z,2+ OG Anunoby Assists NY Knicks @ CLE Cavaliers | NY Knicks -2.5 Spread NY Knicks @ CLE Cavaliers | 3+ Jaylon Tyson Points NY Knicks @ CLE Cavaliers,,Basketball,NBA
639153549349668386,Draftkings Sportsbook,straight,SETTLED_WIN,1.8,,,60,48.00,05/26/2026 01:15:34 GMT,05/26/2026 02:39:52 GMT,2026-05-26T01:15:34.228Z,2026-05-26T02:39:52.321Z,Under 3.5 Live Jaylon Tyson Points O/U NY Knicks @ CLE Cavaliers,,Basketball,NBA
639153242596411565,Draftkings Sportsbook,parlay,SETTLED_LOSS,2.25,,,25,-25.00,05/25/2026 16:44:19 GMT,05/25/2026 20:35:00 GMT,2026-05-25T16:44:19.212Z,2026-05-25T20:35:00.000Z,Over 1.5 Yandy Diaz Hits + Runs + RBIs O/U TB Rays @ BAL Orioles | Under 0.5 Chandler Simpson RBIs O/U TB Rays @ BAL Orioles,,Baseball,MLB
639152575053200527,Draftkings Sportsbook,parlay,SETTLED_LOSS,4.82,,,49.5,-49.50,05/24/2026 22:11:45 GMT,05/25/2026 03:03:36 GMT,2026-05-24T22:11:45.155Z,2026-05-25T03:03:36.648Z,4+ Victor Wembanyama Assists OKC Thunder @ SA Spurs | 5+ Isaiah Hartenstein Rebounds OKC Thunder @ SA Spurs | 15+ Jared McCain Points + Rebounds OKC Thunder @ SA Spurs,,Basketball,NBA
639152476101066605,Draftkings Sportsbook,straight,SETTLED_WIN,1.4878048780487805,,,32.6,15.90,05/24/2026 19:26:50 GMT,05/24/2026 21:29:50 GMT,2026-05-24T19:26:50.237Z,2026-05-24T21:29:50.523Z,Over 10.5 Live Sungjae Im Fairways Hit - Round 4 O/U Tom Hoge vs Sungjae Im,,Golf,GOLF
639152414461770167,Draftkings Sportsbook,straight,SETTLED_WIN,2.02,,,50,51.00,05/24/2026 17:44:06 GMT,05/24/2026 20:44:06 GMT,2026-05-24T17:44:06.623Z,2026-05-24T20:44:06.623Z,Under 69.5 Live Stephan Jaeger Round Score - Round 4 O/U Wyndham Clark vs Stephan Jaeger,,Golf,GOLF
639151966908136264,Draftkings Sportsbook,parlay,SETTLED_LOSS,8,,,20,-20.00,05/24/2026 05:18:10 GMT,05/24/2026 20:20:00 GMT,2026-05-24T05:18:10.843Z,2026-05-24T20:20:00.000Z,Under 2.5 Wyndham Clark vs Stephan Jaeger Stephan Jaeger Bogeys or Worse - Round 4 O/U Wyndham Clark vs Stephan Jaeger | Under 9.5 Tom Hoge vs Sungjae Im Sungjae Im Fairways Hit - Round 4 O/U Tom Hoge vs Sungjae Im | Under 2.5 Brooks Koepka vs Keith Mitchell Brooks Koepka Bogeys or Worse - Round 4 O/U Brooks Koepka vs Keith Mitchell | Under 9.5 Blades Brown vs Tony Finau Blades Brown Fairways Hit - Round 4 O/U Blades Brown vs Tony Finau,,Golf,GOLF
639151831262984456,Draftkings Sportsbook,parlay,SETTLED_LOSS,4.05,,,30,-30.00,05/24/2026 01:32:06 GMT,05/24/2026 02:58:43 GMT,2026-05-24T01:32:06.058Z,2026-05-24T02:58:43.250Z,22+ Live Jalen Brunson Points NY Knicks @ CLE Cavaliers | 2+ Live Max Strus Three Pointers Made NY Knicks @ CLE Cavaliers | Over 23.5 Live James Harden Points O/U NY Knicks @ CLE Cavaliers,,Basketball,NBA
639151715215415833,Draftkings Sportsbook,parlay,SETTLED_WIN,5.13,,,20,82.60,05/23/2026 22:18:41 GMT,05/24/2026 02:57:41 GMT,2026-05-23T22:18:41.255Z,2026-05-24T02:57:41.961Z,15+ Evan Mobley Points NY Knicks @ CLE Cavaliers | Under 4.5 Mitchell Robinson Points O/U NY Knicks @ CLE Cavaliers | 2+ Sam Merrill Three Pointers Made NY Knicks @ CLE Cavaliers | 6+ Jalen Brunson Assists NY Knicks @ CLE Cavaliers,,Basketball,NBA
639151700852787685,Draftkings Sportsbook,parlay,SETTLED_LOSS,3.05,2.8179359642951534,0.0824,27.6,-27.60,05/23/2026 21:54:44 GMT,05/24/2026 01:05:28 GMT,2026-05-23T21:54:44.305Z,2026-05-24T01:05:28.860Z,Under 15.5 Roki Sasaki Outs O/U LA Dodgers @ MIL Brewers | Under 1.5 Jordan Walker Hits O/U STL Cardinals @ CIN Reds,,Baseball,MLB
639151109103577922,Draftkings Sportsbook,parlay,SETTLED_LOSS,3,,,20,-20.00,05/23/2026 05:28:29 GMT,05/23/2026 19:23:00 GMT,2026-05-23T05:28:29.667Z,2026-05-23T19:23:00.000Z,Wyndham Clark Wyndham Clark v Jackson Suber - Round 3 Scheffler v W.Clark v Suber - R3 | Jordan Spieth Jordan Spieth v Tyler Duncan - Round 3 Spieth v Duncan v Mitchell - R3 | Pierceson Coody Hank Lebioda v Pierceson Coody - Round 3 Neergaard-Petersen v Lebioda v Coody - R3,,Golf,GOLF
639151086209555271,Draftkings Sportsbook,parlay,SETTLED_LOSS,3.2,,,20,-20.00,05/23/2026 04:50:21 GMT,05/23/2026 19:12:00 GMT,2026-05-23T04:50:21.200Z,2026-05-23T19:12:00.000Z,Under 2.5 Kensei Hirata Bogeys or Worse - Round 3 O/U Woo Kim v Im v Hirata - R3 | Under 2.5 Tony Finau Bogeys or Worse - Round 3 O/U Hoge v Finau v T.Moore - R3 | Under 2.5 Tom Hoge Bogeys or Worse - Round 3 O/U Hoge v Finau v T.Moore - R3,,Golf,GOLF
639151457724265237,Draftkings Sportsbook,straight,SETTLED_WIN,2.88,,,20,37.60,05/23/2026 15:09:32 GMT,05/23/2026 18:39:00 GMT,2026-05-23T15:09:32.032Z,2026-05-23T18:39:00.000Z,Under 1.5 Brooks Koepka Bogeys or Worse - Round 3 O/U Clanton v Koepka v Jaeger - R3,,Golf,GOLF
639151104341278664,Draftkings Sportsbook,parlay,SETTLED_LOSS,3.5,,,20,-20.00,05/23/2026 05:20:34 GMT,05/23/2026 18:39:00 GMT,2026-05-23T05:20:34.840Z,2026-05-23T18:39:00.000Z,Over 13.5 Jordan Spieth Greens in Regulation - Round 3 O/U Spieth v Duncan v Mitchell - R3 | Over 13.5 Brooks Koepka Greens in Regulation - Round 3 O/U Clanton v Koepka v Jaeger - R3,,Golf,GOLF
639151069979097920,Draftkings Sportsbook,parlay,SETTLED_LOSS,17,,,13.5,-13.50,05/23/2026 04:23:17 GMT,05/23/2026 18:06:00 GMT,2026-05-23T04:23:17.669Z,2026-05-23T18:06:00.000Z,Under 67.5 Sungjae Im Round Score - Round 3 O/U Woo Kim v Im v Hirata - R3 | Under 67.5 Wyndham Clark Round Score - Round 3 O/U Scheffler v W.Clark v Suber - R3 | Under 67.5 Pierceson Coody Round Score - Round 3 O/U Neergaard-Petersen v Lebioda v Coody - R3 | Under 67.5 Max Greyserman Round Score - Round 3 O/U Kirk v Greyserman v Ryder - R3 | Under 67.5 Stephan Jaeger Round Score - Round 3 O/U Clanton v Koepka v Jaeger - R3 | Under 68.5 Mark Hubbard Round Score - Round 3 O/U Ewart v Fishburn v Hubbard - R3,,Golf,GOLF
639151010422467559,Draftkings Sportsbook,straight,SETTLED_LOSS,1.8333333333333335,,,50,-50.00,05/23/2026 02:44:02 GMT,05/23/2026 03:39:24 GMT,2026-05-23T02:44:02.433Z,2026-05-23T03:39:24.955Z,10+ Live Dylan Harper Points OKC Thunder @ SA Spurs,,Basketball,NBA
639150981150548393,Draftkings Sportsbook,parlay,SETTLED_WIN,2.1,,,50,55.00,05/23/2026 01:55:15 GMT,05/23/2026 03:38:22 GMT,2026-05-23T01:55:15.555Z,2026-05-23T03:38:22.354Z,10+ Live Chet Holmgren Points OKC Thunder @ SA Spurs | 12+ Live Jared McCain Points OKC Thunder @ SA Spurs,,Basketball,NBA
639150870650395198,Draftkings Sportsbook,parlay,SETTLED_LOSS,5.19,,,44.64,-44.64,05/22/2026 22:51:04 GMT,05/23/2026 03:37:00 GMT,2026-05-22T22:51:04.832Z,2026-05-23T03:37:00.000Z,Over 14.5 Ajay Mitchell Points O/U OKC Thunder @ SA Spurs | Yes Victor Wembanyama Double-Double OKC Thunder @ SA Spurs | 2+ Julian Champagnie Three Pointers Made OKC Thunder @ SA Spurs | Over 6.5 Shai Gilgeous-Alexander Assists O/U OKC Thunder @ SA Spurs,,Basketball,NBA
639150929040381875,Draftkings Sportsbook,straight,SETTLED_WIN,2.17,2.2331641778143467,-0.0283,50,58.50,05/23/2026 00:28:24 GMT,05/23/2026 03:37:00 GMT,2026-05-23T00:28:24.461Z,2026-05-23T03:37:00.000Z,8+ Cason Wallace Points OKC Thunder @ SA Spurs,,Basketball,NBA
639150674915999273,Draftkings Sportsbook,straight,SETTLED_WIN,1.8928571428571428,,,50,44.64,05/22/2026 17:24:52 GMT,05/22/2026 20:54:00 GMT,2026-05-22T17:24:52.601Z,2026-05-22T20:54:00.000Z,Under 67.5 Wyndham Clark Round Score - Round 2 O/U Stephan Jaeger v Wyndham Clark v Blades Brown - R2,,Golf,GOLF
639150211388310565,Draftkings Sportsbook,parlay,SETTLED_LOSS,3.5,,,50,-50.00,05/22/2026 04:32:17 GMT,05/22/2026 20:43:00 GMT,2026-05-22T04:32:17.914Z,2026-05-22T20:43:00.000Z,Under 67.5 Brooks Koepka Round Score - Round 2 O/U Scottie Scheffler v Brooks Koepka v Si Woo Kim - R2 | Under 67.5 Stephan Jaeger Round Score - Round 2 O/U Stephan Jaeger v Wyndham Clark v Blades Brown - R2,,Golf,GOLF
639150208772444735,Draftkings Sportsbook,parlay,SETTLED_LOSS,2.6,,,40,-40.00,05/22/2026 04:27:56 GMT,05/22/2026 15:44:00 GMT,2026-05-22T04:27:56.686Z,2026-05-22T15:44:00.000Z,Under 5.5 Max Greyserman Birdies or Better - Round 2 O/U Taylor Pendrith v Billy Horschel v Max Greyserman - R2 | Under 5.5 Matthias Schmid Birdies or Better - Round 2 O/U Ryo Hisatsune v Matthias Schmid v Pierceson Coody - R2,,Golf,GOLF
639150193627982179,Draftkings Sportsbook,parlay,SETTLED_LOSS,3.3,,,20,-20.00,05/22/2026 04:02:43 GMT,05/22/2026 15:22:00 GMT,2026-05-22T04:02:43.354Z,2026-05-22T15:22:00.000Z,Under 67.5 Ryo Hisatsune Round Score - Round 2 O/U Ryo Hisatsune v Matthias Schmid v Pierceson Coody - R2 | Under 67.5 Pierceson Coody Round Score - Round 2 O/U Ryo Hisatsune v Matthias Schmid v Pierceson Coody - R2,,Golf,GOLF
639150130021267927,Draftkings Sportsbook,parlay,SETTLED_LOSS,9.8,,,20,-20.00,05/22/2026 02:16:43 GMT,05/22/2026 02:57:36 GMT,2026-05-22T02:16:43.210Z,2026-05-22T02:57:36.712Z,Under 0.5 Live Dennis Schroder Three Pointers Made O/U CLE Cavaliers @ NY Knicks | Over 2.5 Live James Harden Assists O/U CLE Cavaliers @ NY Knicks | Under 7.5 Live Evan Mobley Rebounds O/U CLE Cavaliers @ NY Knicks | Over 2.5 Live Donovan Mitchell Three Pointers Made O/U CLE Cavaliers @ NY Knicks,,Basketball,NBA
639150008705185155,Draftkings Sportsbook,parlay,SETTLED_LOSS,6,,,20,-20.00,05/21/2026 22:54:30 GMT,05/22/2026 02:57:14 GMT,2026-05-21T22:54:30.522Z,2026-05-22T02:57:14.736Z,Over 0.5 Dennis Schroder Three Pointers Made O/U CLE Cavaliers @ NY Knicks | 8+ Evan Mobley Rebounds CLE Cavaliers @ NY Knicks | Over 6.5 Jalen Brunson Assists O/U CLE Cavaliers @ NY Knicks,,Basketball,NBA
639150013686508714,Draftkings Sportsbook,parlay,SETTLED_LOSS,2.02,,,23.07,-23.07,05/21/2026 23:02:47 GMT,05/22/2026 02:57:05 GMT,2026-05-21T23:02:47.318Z,2026-05-22T02:57:05.122Z,12+ Mikal Bridges Points CLE Cavaliers @ NY Knicks | 1+ James Harden Three Pointers Made CLE Cavaliers @ NY Knicks | 4+ Karl-Anthony Towns Assists CLE Cavaliers @ NY Knicks,,Basketball,NBA
639150013256072802,Draftkings Sportsbook,parlay,SETTLED_CASH_OUT,1.8695652173913042,,,33.07,0.00,05/21/2026 23:02:06 GMT,05/21/2026 23:02:25 GMT,2026-05-21T23:02:06.057Z,2026-05-21T23:02:25.089Z,12+ Mikal Bridges Points CLE Cavaliers @ NY Knicks | 4+ Karl-Anthony Towns Assists CLE Cavaliers @ NY Knicks,,Basketball,NBA
639149681415197253,Draftkings Sportsbook,straight,SETTLED_LOSS,2.2,,,20,-20.00,05/21/2026 13:49:02 GMT,05/21/2026 20:43:00 GMT,2026-05-21T13:49:02.521Z,2026-05-21T20:43:00.000Z,Over 9.5 Jordan Spieth Fairways Hit - Round 1 O/U Kirk v Spieth v Im - R1,,Golf,GOLF
639149366554824589,Draftkings Sportsbook,parlay,SETTLED_WIN,3,,,20,40.00,05/21/2026 05:04:15 GMT,05/21/2026 20:32:00 GMT,2026-05-21T05:04:15.348Z,2026-05-21T20:32:00.000Z,Over 10.5 Brooks Koepka Pars - Round 1 O/U Scheffler v Koepka v S.W.Kim - R1 | Over 10.5 Pierceson Coody Pars - Round 1 O/U Hisatsune v Schmid v Coody - R1,,Golf,GOLF
639149683818729099,Draftkings Sportsbook,straight,SETTLED_PUSH,1.8695652173913042,,,30,0.00,05/21/2026 13:53:02 GMT,05/21/2026 20:10:00 GMT,2026-05-21T13:53:02.001Z,2026-05-21T20:10:00.000Z,Sungjae Im Matchup - Round 1 Sungjae Im vs Mac Meissner,,Golf,GOLF
639149377360732057,Draftkings Sportsbook,straight,SETTLED_WIN,1.8695652173913042,,,24.42,21.23,05/21/2026 05:22:15 GMT,05/21/2026 16:17:00 GMT,2026-05-21T05:22:15.651Z,2026-05-21T16:17:00.000Z,Over 4.5 Eric Cole Birdies or Better - Round 1 O/U Cole v Whaley v Young - R1,,Golf,GOLF
639149371355537439,Draftkings Sportsbook,parlay,SETTLED_LOSS,2.8,,,20,-20.00,05/21/2026 05:12:16 GMT,05/21/2026 15:33:00 GMT,2026-05-21T05:12:16.768Z,2026-05-21T15:33:00.000Z,Under 4.5 Mac Meissner Birdies or Better - Round 1 O/U Svensson v Wu v Meissner - R1 | Under 5.5 Brooks Koepka Birdies or Better - Round 1 O/U Scheffler v Koepka v S.W.Kim - R1,,Golf,GOLF
639149003246485371,Draftkings Sportsbook,parlay,SETTLED_WIN,4.3,,,25,82.50,05/20/2026 18:58:44 GMT,05/21/2026 03:21:07 GMT,2026-05-20T18:58:44.938Z,2026-05-21T03:21:07.408Z,7+ Shai Gilgeous-Alexander Assists SA Spurs @ OKC Thunder | 5+ Jalen Williams Rebounds SA Spurs @ OKC Thunder | 5+ Julian Champagnie Rebounds SA Spurs @ OKC Thunder | 7+ Stephon Castle Assists SA Spurs @ OKC Thunder,,Basketball,NBA
639149194638668135,Draftkings Sportsbook,parlay,SETTLED_LOSS,86,,,1.66,-1.66,05/21/2026 00:17:43 GMT,05/21/2026 03:20:56 GMT,2026-05-21T00:17:43.725Z,2026-05-21T03:20:56.052Z,6+ Dylan Harper Rebounds SA Spurs @ OKC Thunder | 6+ Ajay Mitchell Assists SA Spurs @ OKC Thunder | 6+ Dylan Harper Assists SA Spurs @ OKC Thunder | 6+ Ajay Mitchell Rebounds SA Spurs @ OKC Thunder,,Basketball,NBA
639149240879199982,Draftkings Sportsbook,straight,SETTLED_LOSS,1.7407407407407407,,,35,-35.00,05/21/2026 01:34:48 GMT,05/21/2026 03:20:43 GMT,2026-05-21T01:34:48.914Z,2026-05-21T03:20:43.087Z,3+ Live Ajay Mitchell Assists SA Spurs @ OKC Thunder,,Basketball,NBA
639148801467066132,Draftkings Sportsbook,parlay,SETTLED_LOSS,5.44,,,21.5,-21.50,05/20/2026 13:22:27 GMT,05/21/2026 03:20:08 GMT,2026-05-20T13:22:27.233Z,2026-05-21T03:20:08.718Z,15+ Dylan Harper Points SA Spurs @ OKC Thunder | 1+ Keldon Johnson Three Pointers Made SA Spurs @ OKC Thunder | 10+ Victor Wembanyama Rebounds SA Spurs @ OKC Thunder,,Basketball,NBA
639148948221798919,Draftkings Sportsbook,straight,SETTLED_WIN,1.8771929824561404,1.531400966183575,0.2258,25,21.92,05/20/2026 17:27:01 GMT,05/21/2026 02:53:13 GMT,2026-05-20T17:27:01.809Z,2026-05-21T02:53:13.726Z,Over 5.5 Isaiah Hartenstein Rebounds + Assists O/U SA Spurs @ OKC Thunder,,Basketball,NBA
639148895973002993,Draftkings Sportsbook,parlay,SETTLED_LOSS,6.63,,,20,-20.00,05/20/2026 15:59:57 GMT,05/20/2026 20:05:00 GMT,2026-05-20T15:59:57.351Z,2026-05-20T20:05:00.000Z,2+ Elly De La Cruz Hits + Runs + RBIs CIN Reds @ PHI Phillies | Under 1.5 P.J. Higgins Hits + Runs + RBIs O/U CIN Reds @ PHI Phillies | Under 1.5 Edmundo Sosa Total Bases O/U CIN Reds @ PHI Phillies,,Baseball,MLB
639148842240105364,Draftkings Sportsbook,straight,SETTLED_WIN,1.8333333333333335,1.9317042770334738,-0.0509,20,16.66,05/20/2026 14:30:24 GMT,05/20/2026 19:42:32 GMT,2026-05-20T14:30:24.679Z,2026-05-20T19:42:32.559Z,TB Rays Moneyline BAL Orioles @ TB Rays,,Baseball,MLB
639148476072791490,Draftkings Sportsbook,straight,SETTLED_CASH_OUT,1.9174311926605505,1.4456079290542492,0.3264,59.5,0.00,05/20/2026 04:20:07 GMT,05/20/2026 04:20:24 GMT,2026-05-20T04:20:07.952Z,2026-05-20T04:20:24.809Z,12+ Dylan Harper Points SA Spurs @ OKC Thunder,,Basketball,NBA
639148437181517718,Draftkings Sportsbook,parlay,SETTLED_CASH_OUT,1.7692307692307692,,,121.5,0.00,05/20/2026 03:15:18 GMT,05/20/2026 03:24:39 GMT,2026-05-20T03:15:18.060Z,2026-05-20T03:24:39.817Z,10+ Dylan Harper Points SA Spurs @ OKC Thunder | 3+ Dylan Harper Rebounds SA Spurs @ OKC Thunder,,Basketball,NBA
639148366824159625,Draftkings Sportsbook,parlay,SETTLED_LOSS,2.1,,,30,-30.00,05/20/2026 01:18:02 GMT,05/20/2026 03:13:39 GMT,2026-05-20T01:18:02.931Z,2026-05-20T03:13:39.291Z,12+ Live Karl-Anthony Towns Points CLE Cavaliers @ NY Knicks | 2+ Live James Harden Three Pointers Made CLE Cavaliers @ NY Knicks,,Basketball,NBA
639148300734122962,Draftkings Sportsbook,parlay,SETTLED_LOSS,4.85,,,30,-30.00,05/19/2026 23:27:53 GMT,05/20/2026 03:10:00 GMT,2026-05-19T23:27:53.446Z,2026-05-20T03:10:00.000Z,5+ Karl-Anthony Towns Assists CLE Cavaliers @ NY Knicks | 9+ Jarrett Allen Rebounds CLE Cavaliers @ NY Knicks | 1+ OG Anunoby Steals CLE Cavaliers @ NY Knicks,,Basketball,NBA
639147287323360716,Draftkings Sportsbook,straight,SETTLED_LOSS,17.6,15.558823529411768,0.1312,5,0.00,05/18/2026 19:18:53 GMT,05/20/2026 03:10:00 GMT,2026-05-18T19:18:53.471Z,2026-05-20T03:10:00.000Z,Yes Karl-Anthony Towns Triple-Double CLE Cavaliers @ NY Knicks,,Basketball,NBA
639148239417809221,Draftkings Sportsbook,parlay,SETTLED_WIN,3.43,,,50,121.50,05/19/2026 21:45:42 GMT,05/20/2026 02:35:18 GMT,2026-05-19T21:45:42.213Z,2026-05-20T02:35:18.462Z,Under 0.5 Nick Morabito RBIs O/U NY Mets @ WAS Nationals | Under 1.5 Jackson Holliday Hits + Runs + RBIs O/U BAL Orioles @ TB Rays | Under 5.5 Alternate CHI Cubs Total Runs MIL Brewers @ CHI Cubs | Under 1.5 Runs - 1st Inning MIL Brewers @ CHI Cubs,,Baseball,MLB
639147516902756675,Draftkings Sportsbook,parlay,SETTLED_LOSS,13,,,20,-20.00,05/19/2026 01:41:31 GMT,05/19/2026 03:56:15 GMT,2026-05-19T01:41:31.025Z,2026-05-19T03:56:15.184Z,Over 3.5 Live Ajay Mitchell Assists O/U SA Spurs @ OKC Thunder | Over 19.5 Live Stephon Castle Points O/U SA Spurs @ OKC Thunder | Over 1.5 Live Julian Champagnie Three Pointers Made O/U SA Spurs @ OKC Thunder | Over 5.5 Live Devin Vassell Rebounds O/U SA Spurs @ OKC Thunder,,Basketball,NBA
639146959211157414,Draftkings Sportsbook,parlay,SETTLED_LOSS,5.82,,,25,-25.00,05/18/2026 10:12:01 GMT,05/19/2026 03:37:11 GMT,2026-05-18T10:12:01.975Z,2026-05-19T03:37:11.000Z,Under 23.5 Jalen Williams Points + Rebounds + Assists O/U SA Spurs @ OKC Thunder | Over 19.5 Ajay Mitchell Points + Rebounds + Assists O/U SA Spurs @ OKC Thunder | Under 2.5 Devin Vassell Three Pointers Made O/U SA Spurs @ OKC Thunder,,Basketball,NBA
639146670576058696,Draftkings Sportsbook,parlay,SETTLED_LOSS,2.15,,,50,-50.00,05/18/2026 02:10:59 GMT,05/19/2026 03:37:11 GMT,2026-05-18T02:10:59.032Z,2026-05-19T03:37:11.000Z,6+ Luguentz Dort Points SA Spurs @ OKC Thunder | SD Padres -4.5 Live Run Line SD Padres @ SEA Mariners,,Basketball | Baseball,NBA | MLB
639147316331185040,Draftkings Sportsbook,straight,SETTLED_LOSS,2,2.0809418440370893,-0.0389,25,-25.00,05/18/2026 20:07:13 GMT,05/19/2026 03:37:11 GMT,2026-05-18T20:07:13.042Z,2026-05-19T03:37:11.000Z,2+ Stephon Castle Three Pointers Made SA Spurs @ OKC Thunder,,Basketball,NBA
639146566075254035,Draftkings Sportsbook,parlay,SETTLED_LOSS,5.19,,,20,-20.00,05/17/2026 23:16:47 GMT,05/18/2026 03:14:27 GMT,2026-05-17T23:16:47.108Z,2026-05-18T03:14:27.000Z,25+ Donovan Mitchell Points CLE Cavaliers @ DET Pistons | 19+ James Harden Points CLE Cavaliers @ DET Pistons | 25+ Cade Cunningham Points CLE Cavaliers @ DET Pistons,,Basketball,NBA
639146677032863525,Draftkings Sportsbook,straight,SETTLED_LOSS,1.8403361344537816,,,20,-20.00,05/18/2026 02:21:42 GMT,05/18/2026 02:48:02 GMT,2026-05-18T02:21:42.082Z,2026-05-18T02:48:02.183Z,Over 125.5 Live CLE Cavaliers Alternate Total Points CLE Cavaliers @ DET Pistons,,Basketball,NBA
639146478548302536,Draftkings Sportsbook,straight,SETTLED_LOSS,15.75,,,5,-5.00,05/17/2026 20:50:55 GMT,05/17/2026 22:52:27 GMT,2026-05-17T20:50:55.605Z,2026-05-17T22:52:27.384Z,Over 5.5 Live Matthias Schmid Fairways Hit - Round 4 O/U Alex Smalley vs Matthias Schmid,,Golf,GOLF
639145917059134119,Draftkings Sportsbook,parlay,SETTLED_LOSS,3.1,,,20,-20.00,05/17/2026 05:15:05 GMT,05/17/2026 21:35:00 GMT,2026-05-17T05:15:05.830Z,2026-05-17T21:35:00.000Z,Over 70.5 Alex Smalley Round Score - Round 4 O/U Alex Smalley vs Matthias Schmid | Over 71.5 Matthias Schmid Round Score - Round 4 O/U Alex Smalley vs Matthias Schmid,,Golf,GOLF
639145921020493547,Draftkings Sportsbook,parlay,SETTLED_LOSS,2.7,,,20,-20.00,05/17/2026 05:21:43 GMT,05/17/2026 21:15:00 GMT,2026-05-17T05:21:43.148Z,2026-05-17T21:15:00.000Z,Under 9.5 Aaron Rai vs Ludvig Aberg Aaron Rai Fairways Hit - Round 4 O/U Aaron Rai vs Ludvig Aberg | Over 2.5 Si Woo Kim vs Cameron Young Si Woo Kim Bogeys or Worse - Round 4 O/U Si Woo Kim vs Cameron Young,,Golf,GOLF
639145933423016454,Draftkings Sportsbook,parlay,SETTLED_WIN,2,,,25,25.00,05/17/2026 05:42:22 GMT,05/17/2026 14:58:00 GMT,2026-05-17T05:42:22.748Z,2026-05-17T14:58:00.000Z,Over 12.5 Collin Morikawa vs Elvis Smylie Collin Morikawa Greens in Regulation - Round 4 O/U Collin Morikawa vs Elvis Smylie | Jon Rahm Live Top 20 (Including Ties) USPGA Championship 2026,,Golf,GOLF
639145819852248060,Draftkings Sportsbook,parlay,SETTLED_LOSS,13,,,13.52,-13.52,05/17/2026 02:33:05 GMT,05/17/2026 05:33:05 GMT,2026-05-17T02:33:05.259Z,2026-05-17T05:33:05.259Z,"Ludvig Aberg Live Winner Without Rory McIlroy, Jon Rahm, Scottie Scheffler, Cameron Young USPGA Championship 2026 | Jon Rahm Live Top 20 (Including Ties) USPGA Championship 2026 | Rory McIlroy Live Top 5 (Including Ties) USPGA Championship 2026",,Golf,GOLF
639145732041808851,Draftkings Sportsbook,straight,SETTLED_LOSS,2.25,,,25,-25.00,05/17/2026 00:06:44 GMT,05/17/2026 02:30:41 GMT,2026-05-17T00:06:44.916Z,2026-05-17T02:30:41.867Z,1+ Live Ben Rice Hits NY Yankees @ NY Mets,,Baseball,MLB
639145591313481191,Draftkings Sportsbook,straight,SETTLED_WIN,2.02,,,20,20.40,05/16/2026 20:12:11 GMT,05/16/2026 21:50:29 GMT,2026-05-16T20:12:11.101Z,2026-05-16T21:50:29.610Z,Under 4.5 Harris English vs Si Woo Kim Live Harris English Birdies or Better - Round 3 O/U Harris English vs Si Woo Kim,,Golf,GOLF
639145572824245945,Draftkings Sportsbook,straight,SETTLED_WIN,2.02,,,5,5.10,05/16/2026 19:41:21 GMT,05/16/2026 21:33:01 GMT,2026-05-16T19:41:21.208Z,2026-05-16T21:33:01.846Z,Over 11.5 Ludvig Aberg vs Andrew Novak Live Ludvig Aberg Greens in Regulation - Round 3 O/U Ludvig Aberg vs Andrew Novak,,Golf,GOLF
639145509338670199,Draftkings Sportsbook,straight,SETTLED_WIN,1.8771929824561404,,,29,25.43,05/16/2026 17:55:32 GMT,05/16/2026 21:30:00 GMT,2026-05-16T17:55:32.760Z,2026-05-16T21:30:00.000Z,Under 3.5 Hideki Matsuyama vs Chris Gotterup Chris Gotterup Bogeys or Worse - Round 3 O/U Hideki Matsuyama vs Chris Gotterup,,Golf,GOLF
639145361951402155,Draftkings Sportsbook,straight,SETTLED_WIN,2.6799999999999997,,,20,33.60,05/16/2026 13:49:54 GMT,05/16/2026 21:10:00 GMT,2026-05-16T13:49:54.862Z,2026-05-16T21:10:00.000Z,Over 3.5 Min Woo Lee vs Max Greyserman Min Woo Lee Birdies or Better - Round 3 O/U Min Woo Lee vs Max Greyserman,,Golf,GOLF
639145360441451567,Draftkings Sportsbook,straight,SETTLED_LOSS,2.5700000000000003,,,20,-20.00,05/16/2026 13:47:23 GMT,05/16/2026 21:00:00 GMT,2026-05-16T13:47:23.087Z,2026-05-16T21:00:00.000Z,Over 8.5 Cameron Young vs Justin Thomas Cameron Young Fairways Hit - Round 3 O/U Cameron Young vs Justin Thomas,,Golf,GOLF
639145382505344467,Draftkings Sportsbook,straight,SETTLED_WIN,1.8928571428571428,,,34,30.35,05/16/2026 14:24:11 GMT,05/16/2026 19:40:00 GMT,2026-05-16T14:24:11.236Z,2026-05-16T19:40:00.000Z,Over 3.5 Haotong Li vs Patrick Reed Patrick Reed Birdies or Better - Round 3 O/U Haotong Li vs Patrick Reed,,Golf,GOLF
639145546938809405,Draftkings Sportsbook,straight,SETTLED_WIN,2.54,,,16,24.64,05/16/2026 18:58:14 GMT,05/16/2026 19:31:38 GMT,2026-05-16T18:58:14.176Z,2026-05-16T19:31:38.216Z,Birdie or Better Min Woo Lee vs Max Greyserman Live Min Woo Lee Hole Score - Hole 6 - Round 3 Min Woo Lee vs Max Greyserman,,Golf,GOLF
639145546372774384,Draftkings Sportsbook,straight,SETTLED_LOSS,2.2800000000000002,,,15,-15.00,05/16/2026 18:57:18 GMT,05/16/2026 19:19:10 GMT,2026-05-16T18:57:18.211Z,2026-05-16T19:19:10.523Z,Birdie or Better Cameron Young vs Justin Thomas Live Cameron Young Hole Score - Hole 6 - Round 3 Cameron Young vs Justin Thomas,,Golf,GOLF
639145081789446803,Draftkings Sportsbook,parlay,SETTLED_LOSS,4.6,,,25,-25.00,05/16/2026 06:02:57 GMT,05/16/2026 18:30:00 GMT,2026-05-16T06:02:57.324Z,2026-05-16T18:30:00.000Z,Over 3.5 Ben Griffin vs Ryan Gerard Ryan Gerard Bogeys or Worse - Round 3 O/U Ben Griffin vs Ryan Gerard | Over 3.5 Ben Griffin vs Ryan Gerard Ben Griffin Bogeys or Worse - Round 3 O/U Ben Griffin vs Ryan Gerard | Over 2.5 Martin Kaymer vs Matt Fitzpatrick Matt Fitzpatrick Bogeys or Worse - Round 3 O/U Martin Kaymer vs Matt Fitzpatrick,,Golf,GOLF
639145381547532772,Draftkings Sportsbook,straight,SETTLED_LOSS,1.9433962264150944,,,26,-26.00,05/16/2026 14:22:34 GMT,05/16/2026 18:10:00 GMT,2026-05-16T14:22:34.734Z,2026-05-16T18:10:00.000Z,Over 3.5 Rickie Fowler vs Xander Schauffele Rickie Fowler Birdies or Better - Round 3 O/U Rickie Fowler vs Xander Schauffele,,Golf,GOLF
639145080251249227,Draftkings Sportsbook,parlay,SETTLED_LOSS,4.6,,,25,-25.00,05/16/2026 06:00:24 GMT,05/16/2026 16:15:00 GMT,2026-05-16T06:00:24.750Z,2026-05-16T16:15:00.000Z,Under 8.5 Hideki Matsuyama vs Chris Gotterup Hideki Matsuyama Fairways Hit - Round 3 O/U Hideki Matsuyama vs Chris Gotterup | Under 12.5 Harris English vs Si Woo Kim Harris English Greens in Regulation - Round 3 O/U Harris English vs Si Woo Kim | Under 3.5 Justin Rose vs Brian Harman Justin Rose Birdies or Better - Round 3 O/U Justin Rose vs Brian Harman,,Golf,GOLF
639144763346414507,Draftkings Sportsbook,parlay,SETTLED_LOSS,1.7692307692307692,1.9665949067453035,-0.1004,40,-40.00,05/15/2026 21:12:14 GMT,05/16/2026 04:35:36 GMT,2026-05-15T21:12:14.725Z,2026-05-16T04:35:36.172Z,4+ Ayo Dosunmu Rebounds SA Spurs @ MIN Timberwolves | Under 0.5 AJ Ewing Doubles O/U NY Yankees @ NY Mets,,Basketball | Baseball,NBA | MLB
639144973745177603,Draftkings Sportsbook,parlay,SETTLED_WIN,13,,,25,300.00,05/16/2026 03:02:54 GMT,05/16/2026 04:34:44 GMT,2026-05-16T03:02:54.938Z,2026-05-16T04:34:44.077Z,7+ Live Naz Reid Rebounds SA Spurs @ MIN Timberwolves | 15+ Live Terrence Shannon Jr. Points SA Spurs @ MIN Timberwolves | 12+ Live Dylan Harper Points SA Spurs @ MIN Timberwolves | Under 0.5 Live Victor Wembanyama Three Pointers Made O/U SA Spurs @ MIN Timberwolves,,Basketball,NBA
639144933798586175,Draftkings Sportsbook,straight,SETTLED_LOSS,1.925925925925926,,,25,-25.00,05/16/2026 01:56:21 GMT,05/16/2026 04:12:51 GMT,2026-05-16T01:56:21.142Z,2026-05-16T04:12:51.771Z,Under 1.5 Live Henry Bolte Hits + Runs + RBIs O/U SF Giants @ Athletics,,Baseball,MLB
639144752602303329,Draftkings Sportsbook,parlay,SETTLED_LOSS,2.16,2.433180167899981,-0.1123,30,-30.00,05/15/2026 20:54:19 GMT,05/16/2026 02:03:23 GMT,2026-05-15T20:54:19.181Z,2026-05-16T02:03:23.429Z,4+ Evan Mobley Assists DET Pistons @ CLE Cavaliers | Under 0.5 Michael Gasper RBIs O/U BOS Red Sox @ ATL Braves,,Basketball | Baseball,NBA | MLB
639144826758222991,Draftkings Sportsbook,parlay,SETTLED_LOSS,5.05,,,25,-25.00,05/15/2026 22:57:54 GMT,05/16/2026 02:02:27 GMT,2026-05-15T22:57:54.754Z,2026-05-16T02:02:27.165Z,Over 19.5 James Harden Points O/U DET Pistons @ CLE Cavaliers | 1+ Duncan Robinson Three Pointers Made DET Pistons @ CLE Cavaliers | 5+ Cade Cunningham Rebounds DET Pistons @ CLE Cavaliers | 10+ Daniss Jenkins Points DET Pistons @ CLE Cavaliers,,Basketball,NBA
639144646828622820,Draftkings Sportsbook,straight,SETTLED_LOSS,2.06,,,25.22,-25.22,05/15/2026 17:58:02 GMT,05/15/2026 20:58:02 GMT,2026-05-15T17:58:02.685Z,2026-05-15T20:58:02.685Z,Xander Schauffele Live Matchup - Round 2 Jon Rahm vs Xander Schauffele,,Golf,GOLF
639144170305520935,Draftkings Sportsbook,parlay,SETTLED_LOSS,2.6,,,25,-25.00,05/15/2026 04:43:50 GMT,05/15/2026 20:54:00 GMT,2026-05-15T04:43:50.960Z,2026-05-15T20:54:00.000Z,Over 7.5 Brooks Koepka Fairways Hit - Round 2 O/U Xander Schauffele v Brooks Koepka v Tyrrell Hatton - R2 | Over 7.5 Rory McIlroy Fairways Hit - Round 2 O/U Rory McIlroy v Jordan Spieth v Jon Rahm - R2,,Golf,GOLF
639144160838675949,Draftkings Sportsbook,parlay,SETTLED_LOSS,4.8,,,15,-15.00,05/15/2026 04:28:04 GMT,05/15/2026 20:54:00 GMT,2026-05-15T04:28:04.966Z,2026-05-15T20:54:00.000Z,Over 3.5 Xander Schauffele Birdies or Better - Round 2 O/U Xander Schauffele v Brooks Koepka v Tyrrell Hatton - R2 | Over 3.5 Min Woo Lee Birdies or Better - Round 2 O/U Patrick Cantlay v Min Woo Lee v Sahith Theegala - R2,,Golf,GOLF
639144172180215989,Draftkings Sportsbook,parlay,SETTLED_WIN,2.8,,,25,45.00,05/15/2026 04:46:59 GMT,05/15/2026 15:18:00 GMT,2026-05-15T04:46:59.495Z,2026-05-15T15:18:00.000Z,Over 70.5 Robert MacIntyre Round Score - Round 2 O/U Chris Gotterup v Robert MacIntyre v Tommy Fleetwood - R2 | Over 2.5 Russell Henley Bogeys or Worse - Round 2 O/U Ben Kern v J.T. Poston v Russell Henley - R2,,Golf,GOLF
639144084003413120,Draftkings Sportsbook,straight,SETTLED_WIN,1.8333333333333335,,,32.85,27.37,05/15/2026 02:20:00 GMT,05/15/2026 15:07:00 GMT,2026-05-15T02:20:00.888Z,2026-05-15T15:07:00.000Z,Over 70.5 Viktor Hovland Round Score - Round 2 O/U Viktor Hovland v Collin Morikawa v Shane Lowry - R2,,Golf,GOLF
639143668880373704,Draftkings Sportsbook,straight,SETTLED_WIN,2.1,,,20,22.00,05/14/2026 14:48:09 GMT,05/14/2026 20:54:00 GMT,2026-05-14T14:48:09.146Z,2026-05-14T20:54:00.000Z,Over 8.5 Cameron Young Fairways Hit - Round 1 O/U Young v Bradley v Thomas - R1,,Golf,GOLF
639143331054421879,Draftkings Sportsbook,parlay,SETTLED_WIN,2.8,,,24.02,43.23,05/14/2026 05:25:05 GMT,05/14/2026 20:32:00 GMT,2026-05-14T05:25:05.831Z,2026-05-14T20:32:00.000Z,Over 3.5 Xander Schauffele Birdies or Better - Round 1 O/U Schauffele v Koepka v Hatton - R1 | Over 3.5 Collin Morikawa Birdies or Better - Round 1 O/U Hovland v Morikawa v Lowry - R1,,Golf,GOLF
639143623452141001,Draftkings Sportsbook,straight,SETTLED_WIN,2.1799999999999997,,,20,23.60,05/14/2026 13:32:25 GMT,05/14/2026 16:32:25 GMT,2026-05-14T13:32:25.686Z,2026-05-14T16:32:25.686Z,Over 3.5 Live Rickie Fowler Birdies or Better - Round 1 O/U DeChambeau v Aberg v Fowler - R1,,Golf,GOLF
639143326824726899,Draftkings Sportsbook,parlay,SETTLED_LOSS,2.4,,,99.98,-99.98,05/14/2026 05:18:01 GMT,05/14/2026 15:40:00 GMT,2026-05-14T05:18:01.631Z,2026-05-14T15:40:00.000Z,Over 8.5 Bryson DeChambeau Fairways Hit - Round 1 O/U DeChambeau v Aberg v Fowler - R1 | Over 9.5 Rory McIlroy Fairways Hit - Round 1 O/U McIlroy v Spieth v Rahm - R1,,Golf,GOLF
639143333670160608,Draftkings Sportsbook,straight,SETTLED_LOSS,2.12,,,30,-30.00,05/14/2026 05:29:26 GMT,05/14/2026 13:45:00 GMT,2026-05-14T05:29:26.186Z,2026-05-14T13:45:00.000Z,Under 69.5 Ben Griffin Round Score - Round 1 O/U Shattuck v A.Fitzpatrick v Griffin - R1,,Golf,GOLF
639143149860456073,Draftkings Sportsbook,parlay,SETTLED_LOSS,5,,,25,-25.00,05/14/2026 00:23:07 GMT,05/14/2026 03:23:07 GMT,2026-05-14T00:23:07.461Z,2026-05-14T03:23:07.461Z,2+ Live James Harden Three Pointers Made CLE Cavaliers @ DET Pistons | 9+ Live Caris LeVert Points CLE Cavaliers @ DET Pistons | DET Pistons Live Moneyline CLE Cavaliers @ DET Pistons,,Basketball,NBA
639142232079533270,Draftkings Sportsbook,parlay,SETTLED_LOSS,4.75,,,25,-25.00,05/12/2026 22:53:27 GMT,05/13/2026 02:58:07 GMT,2026-05-12T22:53:27.968Z,2026-05-13T02:58:07.424Z,28+ Victor Wembanyama Points MIN Timberwolves @ SA Spurs | 12+ Naz Reid Points MIN Timberwolves @ SA Spurs | 5+ Anthony Edwards Rebounds MIN Timberwolves @ SA Spurs,,Basketball,NBA
639142355894489376,Draftkings Sportsbook,straight,SETTLED_WIN,2.45,,,20,29.00,05/13/2026 02:19:48 GMT,05/13/2026 02:57:08 GMT,2026-05-13T02:19:48.424Z,2026-05-13T02:57:08.143Z,10+ Live Dylan Harper Points MIN Timberwolves @ SA Spurs,,Basketball,NBA
639142091366785254,Draftkings Sportsbook,parlay,SETTLED_LOSS,2.25,,,25,-25.00,05/12/2026 18:58:56 GMT,05/13/2026 01:28:41 GMT,2026-05-12T18:58:56.383Z,2026-05-13T01:28:41.071Z,Under 0.5 Runs - 1st Inning COL Rockies @ PIT Pirates | 3+ Michael Lorenzen Strikeouts Thrown COL Rockies @ PIT Pirates,,Baseball,MLB
639141489675594063,Draftkings Sportsbook,parlay,SETTLED_LOSS,6.44,,,25,-25.00,05/12/2026 02:16:08 GMT,05/12/2026 05:40:00 GMT,2026-05-12T02:16:08.323Z,2026-05-12T05:40:00.000Z,5+ Ajay Mitchell Assists OKC Thunder @ LA Lakers | 12+ Rui Hachimura Points OKC Thunder @ LA Lakers | 7+ Deandre Ayton Rebounds OKC Thunder @ LA Lakers | 6+ Austin Reaves Assists OKC Thunder @ LA Lakers,,Basketball,NBA
639141307290344185,Draftkings Sportsbook,parlay,SETTLED_LOSS,7.1,,,25,-25.00,05/11/2026 21:12:09 GMT,05/12/2026 02:56:59 GMT,2026-05-11T21:12:09.917Z,2026-05-12T02:56:59.079Z,1+ Donovan Mitchell Three Pointers Made DET Pistons @ CLE Cavaliers | 9+ Donovan Mitchell Rebounds + Assists DET Pistons @ CLE Cavaliers | 10+ Tobias Harris Points DET Pistons @ CLE Cavaliers | 4+ Ausar Thompson Assists DET Pistons @ CLE Cavaliers,,Basketball,NBA
639141312050733044,Draftkings Sportsbook,parlay,SETTLED_LOSS,1.9523809523809523,2.197356744586759,-0.1115,27.9,-27.90,05/11/2026 21:20:05 GMT,05/12/2026 02:07:00 GMT,2026-05-11T21:20:05.168Z,2026-05-12T02:07:00.000Z,12+ Jarrett Allen Points DET Pistons @ CLE Cavaliers | Under 1.5 Runs - 1st Inning TB Rays @ TOR Blue Jays,,Basketball | Baseball,NBA | MLB
639140526589974908,Draftkings Sportsbook,parlay,SETTLED_LOSS,5,,,25,-25.00,05/10/2026 23:30:59 GMT,05/11/2026 02:32:20 GMT,2026-05-10T23:30:59.049Z,2026-05-11T02:32:20.727Z,20+ Ayo Dosunmu Points + Rebounds + Assists SA Spurs @ MIN Timberwolves | 25+ Victor Wembanyama Points SA Spurs @ MIN Timberwolves | 12+ Victor Wembanyama Rebounds SA Spurs @ MIN Timberwolves | 25+ Anthony Edwards Points SA Spurs @ MIN Timberwolves,,Basketball,NBA
639140385600345906,Draftkings Sportsbook,parlay,SETTLED_LOSS,5.32,,,15,-15.00,05/10/2026 19:36:00 GMT,05/10/2026 22:28:24 GMT,2026-05-10T19:36:00.186Z,2026-05-10T22:28:24.300Z,6+ Tyrese Maxey Assists NY Knicks @ PHI 76ers | 12+ VJ Edgecombe Points NY Knicks @ PHI 76ers | 12+ Mikal Bridges Points NY Knicks @ PHI 76ers | 6+ Jalen Brunson Assists NY Knicks @ PHI 76ers,,Basketball,NBA
639140433444758737,Draftkings Sportsbook,straight,SETTLED_LOSS,2.12,,,50,-50.00,05/10/2026 20:55:45 GMT,05/10/2026 22:05:05 GMT,2026-05-10T20:55:45.381Z,2026-05-10T22:05:05.981Z,Alex Fitzpatrick Live Outright Winner Truist Championship 2026,,Golf,GOLF
639140412993249569,Draftkings Sportsbook,straight,SETTLED_WIN,1.4545454545454546,,,35,15.90,05/10/2026 20:21:39 GMT,05/10/2026 21:59:07 GMT,2026-05-10T20:21:39.694Z,2026-05-10T21:59:07.631Z,Over 10.5 Alex Fitzpatrick vs Kristoffer Reitan Live Kristoffer Reitan Greens in Regulation - Round 4 O/U Alex Fitzpatrick vs Kristoffer Reitan,,Golf,GOLF
639140302666177619,Draftkings Sportsbook,straight,SETTLED_WIN,2.08,,,25,27.00,05/10/2026 17:17:46 GMT,05/10/2026 20:45:00 GMT,2026-05-10T17:17:46.743Z,2026-05-10T20:45:00.000Z,Over 10.5 Alex Fitzpatrick vs Kristoffer Reitan Alex Fitzpatrick Greens in Regulation - Round 4 O/U Alex Fitzpatrick vs Kristoffer Reitan,,Golf,GOLF
639139868201073634,Draftkings Sportsbook,parlay,SETTLED_LOSS,7.24,,,25,-25.00,05/10/2026 05:13:38 GMT,05/10/2026 19:10:00 GMT,2026-05-10T05:13:38.580Z,2026-05-10T19:10:00.000Z,Over 10.5 Alex Fitzpatrick vs Kristoffer Reitan Alex Fitzpatrick Greens in Regulation - Round 4 O/U Alex Fitzpatrick vs Kristoffer Reitan | Over 10.5 Kurt Kitayama vs Matt McCarty Matt McCarty Greens in Regulation - Round 4 O/U Kurt Kitayama vs Matt McCarty | Under 2.5 Ludvig Aberg vs Bud Cauley Ludvig Aberg Bogeys or Worse - Round 4 O/U Ludvig Aberg vs Bud Cauley,,Golf,GOLF
639139819033945964,Draftkings Sportsbook,straight,SETTLED_LOSS,9.5,,,2.93,-2.93,05/10/2026 03:51:43 GMT,05/10/2026 04:56:07 GMT,2026-05-10T03:51:43.731Z,2026-05-10T04:56:07.571Z,Sean Strickland: Sean Strickland KO/TKO/DQ Khamzat Chimaev vs Sean Strickland,,MMA,UFC
639139785574232263,Draftkings Sportsbook,straight,SETTLED_WIN,2.3600000000000003,2.5990316288142683,-0.0920,25,34.00,05/10/2026 02:55:57 GMT,05/10/2026 03:51:20 GMT,2026-05-10T02:55:57.214Z,2026-05-10T03:51:20.751Z,Joshua Van Moneyline Joshua Van vs Tatsuro Taira,,MMA,UFC
639139699261337286,Draftkings Sportsbook,parlay,SETTLED_LOSS,6.88,,,15,-15.00,05/10/2026 00:32:06 GMT,05/10/2026 03:17:00 GMT,2026-05-10T00:32:06.992Z,2026-05-10T03:17:00.816Z,17+ Chet Holmgren Points OKC Thunder @ LA Lakers | 20+ LeBron James Points OKC Thunder @ LA Lakers | 4+ Ajay Mitchell Assists OKC Thunder @ LA Lakers | 4+ Marcus Smart Assists OKC Thunder @ LA Lakers,,Basketball,NBA
639139687359464295,Draftkings Sportsbook,parlay,SETTLED_CASH_OUT,9.75,,,13.35,-3.17,05/10/2026 00:12:15 GMT,05/10/2026 03:16:43 GMT,2026-05-10T00:12:15.572Z,2026-05-10T03:16:43.310Z,4+ Isaiah Hartenstein Assists OKC Thunder @ LA Lakers | 6+ Austin Reaves Assists OKC Thunder @ LA Lakers | 3+ Rui Hachimura Three Pointers Made OKC Thunder @ LA Lakers,,Basketball,NBA
639139464759394358,Draftkings Sportsbook,parlay,SETTLED_WIN,2.15,2.4624788387601977,-0.1269,25,28.75,05/09/2026 18:01:14 GMT,05/10/2026 03:15:46 GMT,2026-05-09T18:01:14.563Z,2026-05-10T03:15:46.781Z,10+ Jarrett Allen Points DET Pistons @ CLE Cavaliers | 10+ Marcus Smart Points OKC Thunder @ LA Lakers,,Basketball,NBA
639139776889476890,Draftkings Sportsbook,straight,SETTLED_WIN,3.5,,,10,25.00,05/10/2026 02:41:30 GMT,05/10/2026 03:15:42 GMT,2026-05-10T02:41:30.048Z,2026-05-10T03:15:42.062Z,4+ Live Luke Kennard Three Pointers Made OKC Thunder @ LA Lakers,,Basketball,NBA
639139709495525973,Draftkings Sportsbook,straight,SETTLED_LOSS,8.8,,,5,-5.00,05/10/2026 00:49:09 GMT,05/10/2026 02:00:44 GMT,2026-05-10T00:49:09.310Z,2026-05-10T02:00:44.076Z,Jeremy Stephens: Jeremy Stephens KO/TKO/DQ King Green vs Jeremy Stephens,,MMA,UFC
639139007630595666,Draftkings Sportsbook,parlay,SETTLED_WIN,3.69,,,25,67.25,05/09/2026 05:19:22 GMT,05/09/2026 23:25:48 GMT,2026-05-09T05:19:22.833Z,2026-05-09T23:25:48.154Z,Under 1.5 Runs - 1st Inning NY Yankees @ MIL Brewers | Over 10.5 Kristoffer Reitan vs Alex Fitzpatrick Alex Fitzpatrick Greens in Regulation - Round 3 O/U Kristoffer Reitan vs Alex Fitzpatrick | Under 3.5 Kristoffer Reitan vs Alex Fitzpatrick Alex Fitzpatrick Bogeys or Worse - Round 3 O/U Kristoffer Reitan vs Alex Fitzpatrick | Alex Fitzpatrick Matchup - Round 3 Kristoffer Reitan vs Alex Fitzpatrick,,Baseball | Golf,MLB | GOLF
639139021965140850,Draftkings Sportsbook,parlay,SETTLED_WIN,3.1,,,31,65.10,05/09/2026 05:43:16 GMT,05/09/2026 20:50:00 GMT,2026-05-09T05:43:16.218Z,2026-05-09T20:50:00.000Z,Over 10.5 Matt McCarty vs Akshay Bhatia Matt McCarty Greens in Regulation - Round 3 O/U Matt McCarty vs Akshay Bhatia | Over 10.5 Sungjae Im vs Tommy Fleetwood Sungjae Im Greens in Regulation - Round 3 O/U Sungjae Im vs Tommy Fleetwood,,Golf,GOLF
639138878951718760,Draftkings Sportsbook,parlay,SETTLED_LOSS,5.3,,,25,-25.00,05/09/2026 01:44:56 GMT,05/09/2026 04:44:57 GMT,2026-05-09T01:44:56.529Z,2026-05-09T04:44:57.752Z,Over 4.5 Anthony Edwards Rebounds O/U SA Spurs @ MIN Timberwolves | Yes Victor Wembanyama Double-Double SA Spurs @ MIN Timberwolves | 12+ Jaden McDaniels Points SA Spurs @ MIN Timberwolves | 10+ Dylan Harper Points SA Spurs @ MIN Timberwolves | 20+ Victor Wembanyama Points SA Spurs @ MIN Timberwolves,,Basketball,NBA
639138871066411820,Draftkings Sportsbook,straight,SETTLED_LOSS,2.0300000000000002,2.0770892884623837,-0.0227,25,-25.00,05/09/2026 01:31:46 GMT,05/09/2026 04:43:38 GMT,2026-05-09T01:31:46.927Z,2026-05-09T04:43:38.810Z,Under 2.5 Ayo Dosunmu Assists O/U SA Spurs @ MIN Timberwolves,,Basketball,NBA
639138940440153924,Draftkings Sportsbook,parlay,SETTLED_WIN,2.24,,,25,31.00,05/09/2026 03:27:25 GMT,05/09/2026 04:43:22 GMT,2026-05-09T03:27:25.113Z,2026-05-09T04:43:22.641Z,6+ Live Julian Champagnie Points SA Spurs @ MIN Timberwolves | 12+ Live Rudy Gobert Points SA Spurs @ MIN Timberwolves,,Basketball,NBA
639138780385481733,Draftkings Sportsbook,parlay,SETTLED_LOSS,4.66,,,25,-25.00,05/08/2026 23:00:38 GMT,05/09/2026 02:03:03 GMT,2026-05-08T23:00:38.562Z,2026-05-09T02:03:03.445Z,Over 11.5 Kelly Oubre Jr. Points O/U NY Knicks @ PHI 76ers | 1+ Josh Hart Three Pointers Made NY Knicks @ PHI 76ers | Over 10.5 Miles McBride Points O/U NY Knicks @ PHI 76ers,,Basketball,NBA
639138835385742438,Draftkings Sportsbook,parlay,SETTLED_LOSS,5.69,,,25.03,-25.03,05/09/2026 00:32:18 GMT,05/09/2026 02:02:35 GMT,2026-05-09T00:32:18.370Z,2026-05-09T02:02:35.563Z,20+ Live Joel Embiid Points NY Knicks @ PHI 76ers | NY Knicks +5.5 Live Spread Alternate NY Knicks @ PHI 76ers | 9+ Live Kelly Oubre Jr. Rebounds NY Knicks @ PHI 76ers | 10+ Live Jalen Brunson Assists NY Knicks @ PHI 76ers,,Basketball,NBA
639138827846859444,Draftkings Sportsbook,parlay,SETTLED_LOSS,2,,,25,-25.00,05/09/2026 00:19:44 GMT,05/09/2026 02:01:42 GMT,2026-05-09T00:19:44.449Z,2026-05-09T02:01:42.770Z,20+ Live Mikal Bridges Points NY Knicks @ PHI 76ers | 12+ Live VJ Edgecombe Points NY Knicks @ PHI 76ers,,Basketball,NBA
639138695608483573,Draftkings Sportsbook,straight,SETTLED_LOSS,10.9,8.529411764705882,0.2779,5,-5.00,05/08/2026 20:39:20 GMT,05/09/2026 01:51:21 GMT,2026-05-08T20:39:20.187Z,2026-05-09T01:51:21.771Z,1+ Daulton Varsho Home Runs LA Angels @ TOR Blue Jays,,Baseball,MLB
639137171886825051,Draftkings Sportsbook,straight,SETTLED_CASH_OUT,2.9,2.0387683189392556,0.4224,43.2,3.14,05/07/2026 02:19:48 GMT,05/08/2026 23:19:14 GMT,2026-05-07T02:19:48.633Z,2026-05-08T23:19:14.987Z,15+ Mikal Bridges Points NY Knicks @ PHI 76ers,,Basketball,NBA
639138565239022643,Draftkings Sportsbook,straight,SETTLED_WIN,1.8771929824561404,,,25,21.92,05/08/2026 17:02:05 GMT,05/08/2026 20:02:05 GMT,2026-05-08T17:02:05.016Z,2026-05-08T20:02:05.016Z,Over 11.5 Live Ludvig Aberg Pars - Round 2 O/U Fleetwood v Harman v Aberg - R2,,Golf,GOLF
639138186505633523,Draftkings Sportsbook,parlay,SETTLED_WIN,5,,,20,80.00,05/08/2026 06:30:52 GMT,05/08/2026 20:01:00 GMT,2026-05-08T06:30:52.059Z,2026-05-08T20:01:00.000Z,Over 10.5 Harry Hall Greens in Regulation - Round 2 O/U Taylor v McNealy v Hall - R2 | Over 10.5 Min Woo Lee Greens in Regulation - Round 2 O/U M.W.Lee v Wallace v McCarthy - R2 | Over 10.5 Matt McCarty Greens in Regulation - Round 2 O/U McCarty v Cauley v Blanchet - R2,,Golf,GOLF
639138492845155707,Draftkings Sportsbook,straight,SETTLED_LOSS,1.819672131147541,,,22,-22.00,05/08/2026 15:01:24 GMT,05/08/2026 18:22:00 GMT,2026-05-08T15:01:24.946Z,2026-05-08T18:22:00.000Z,Under 70.5 Ben Griffin Round Score - Round 2 O/U Woodland v Bhatia v Griffin - R2,,Golf,GOLF
639137254781170123,Draftkings Sportsbook,parlay,SETTLED_LOSS,5.01,,,25,-25.00,05/07/2026 04:37:58 GMT,05/08/2026 14:56:26 GMT,2026-05-07T04:37:58.041Z,2026-05-08T14:56:26.583Z,OKC Thunder Moneyline LA Lakers @ OKC Thunder | Over 3.5 Matt Fitzpatrick Birdies or Better - Round 1 O/U Truist Championship 2026 - Matt Fitzpatrick Birdies or Better - Round 1 O/U | Over 3.5 Min Woo Lee Birdies or Better - Round 1 O/U Truist Championship 2026 - Matt Fitzpatrick Birdies or Better - Round 1 O/U | Over 3.5 Si Woo Kim Birdies or Better - Round 1 O/U Truist Championship 2026 - Matt Fitzpatrick Birdies or Better - Round 1 O/U,,Basketball | Golf,NBA | GOLF
639138003806207916,Draftkings Sportsbook,parlay,SETTLED_LOSS,5.13,,,25,-25.00,05/08/2026 01:26:21 GMT,05/08/2026 04:43:42 GMT,2026-05-08T01:26:21.170Z,2026-05-08T04:43:42.267Z,15+ Chet Holmgren Points LA Lakers @ OKC Thunder | 9+ Chet Holmgren Rebounds LA Lakers @ OKC Thunder | 3+ Isaiah Hartenstein Assists LA Lakers @ OKC Thunder | 1+ Luguentz Dort Three Pointers Made LA Lakers @ OKC Thunder,,Basketball,NBA
639138052325780799,Draftkings Sportsbook,straight,SETTLED_WIN,2.2,,,25,30.00,05/08/2026 02:47:13 GMT,05/08/2026 04:42:18 GMT,2026-05-08T02:47:13.015Z,2026-05-08T04:42:18.788Z,Over 5.5 Live Austin Reaves Assists O/U LA Lakers @ OKC Thunder,,Basketball,NBA
639137858309876576,Draftkings Sportsbook,straight,SETTLED_LOSS,2.2800000000000002,2.3262495519316664,-0.0199,28,-28.00,05/07/2026 21:23:51 GMT,05/08/2026 02:00:44 GMT,2026-05-07T21:23:51.207Z,2026-05-08T02:00:44.880Z,Over 3.5 Ausar Thompson Assists O/U CLE Cavaliers @ DET Pistons,,Basketball,NBA
639137603730802086,Draftkings Sportsbook,parlay,SETTLED_WIN,2.0700000000000003,2.3513581526071072,-0.1197,25,26.77,05/07/2026 14:19:32 GMT,05/08/2026 02:00:12 GMT,2026-05-07T14:19:32.409Z,2026-05-08T02:00:12.078Z,25+ Donovan Mitchell Points CLE Cavaliers @ DET Pistons | Under 0.5 Dane Myers Doubles O/U CIN Reds @ CHI Cubs,,Basketball | Baseball,NBA | MLB
639137147392057996,Draftkings Sportsbook,parlay,SETTLED_LOSS,10.6,,,15,-15.00,05/07/2026 01:39:00 GMT,05/07/2026 04:45:00 GMT,2026-05-07T01:39:00.389Z,2026-05-07T04:45:00.000Z,SA Spurs Moneyline MIN Timberwolves @ SA Spurs | 4+ Devin Vassell Rebounds MIN Timberwolves @ SA Spurs | 6+ Julius Randle Rebounds MIN Timberwolves @ SA Spurs | 25+ Victor Wembanyama Points MIN Timberwolves @ SA Spurs | 2+ Stephon Castle Three Pointers Made MIN Timberwolves @ SA Spurs,,Basketball,NBA
639136881980751000,Draftkings Sportsbook,parlay,SETTLED_WIN,2.4,2.6344003234278,-0.0890,24,33.73,05/06/2026 18:16:37 GMT,05/07/2026 02:05:23 GMT,2026-05-06T18:16:37.617Z,2026-05-07T02:05:23.363Z,15+ VJ Edgecombe Points PHI 76ers @ NY Knicks | Under 1.5 Cody Bellinger Hits O/U TEX Rangers @ NY Yankees,,Basketball | Baseball,NBA | MLB
639137011400266849,Draftkings Sportsbook,parlay,SETTLED_LOSS,6.25,,,20,-20.00,05/06/2026 21:52:20 GMT,05/07/2026 02:04:39 GMT,2026-05-06T21:52:20.142Z,2026-05-07T02:04:39.220Z,4+ Karl-Anthony Towns Assists PHI 76ers @ NY Knicks | 25+ Jalen Brunson Points PHI 76ers @ NY Knicks | 25+ Tyrese Maxey Points PHI 76ers @ NY Knicks | 4+ Tyrese Maxey Rebounds PHI 76ers @ NY Knicks,,Basketball,NBA
639136858945739680,Draftkings Sportsbook,parlay,SETTLED_LOSS,1.9090909090909092,,,53.46,-53.46,05/06/2026 17:38:15 GMT,05/07/2026 02:04:07 GMT,2026-05-06T17:38:15.199Z,2026-05-07T02:04:07.006Z,6+ Andre Drummond Points PHI 76ers @ NY Knicks | 2+ Jalen Brunson Three Pointers Made PHI 76ers @ NY Knicks,,Basketball,NBA
639137145814857840,Draftkings Sportsbook,parlay,SETTLED_CASH_OUT,6.7,,,15,0.00,05/07/2026 01:36:22 GMT,05/07/2026 01:38:14 GMT,2026-05-07T01:36:22.819Z,2026-05-07T01:38:14.830Z,SA Spurs Moneyline MIN Timberwolves @ SA Spurs | 10+ Dylan Harper Points MIN Timberwolves @ SA Spurs | 25+ Victor Wembanyama Points MIN Timberwolves @ SA Spurs | 2+ Stephon Castle Three Pointers Made MIN Timberwolves @ SA Spurs,,Basketball,NBA
639137016261204006,Draftkings Sportsbook,parlay,SETTLED_CASH_OUT,8.2,,,15,-13.03,05/06/2026 22:00:27 GMT,05/07/2026 00:38:21 GMT,2026-05-06T22:00:27.460Z,2026-05-07T00:38:21.183Z,Yes Andre Drummond Double-Double PHI 76ers @ NY Knicks | Yes Karl-Anthony Towns Double-Double PHI 76ers @ NY Knicks,,Basketball,NBA
639136712540973125,Draftkings Sportsbook,parlay,SETTLED_WIN,5.15,,,50,207.50,05/06/2026 13:34:14 GMT,05/06/2026 22:11:09 GMT,2026-05-06T13:34:14.186Z,2026-05-06T22:11:09.563Z,Under 1.5 Bryce Eldridge Hits + Runs + RBIs O/U SD Padres @ SF Giants | 4+ Brandon Sproat Strikeouts Thrown MIL Brewers @ STL Cardinals | Under 1.5 David Hamilton Hits + Runs + RBIs O/U MIL Brewers @ STL Cardinals,,Baseball,MLB
639136703634613442,Draftkings Sportsbook,straight,SETTLED_LOSS,2.84,2.906704246530994,-0.0229,20,-20.00,05/06/2026 13:19:24 GMT,05/06/2026 20:54:54 GMT,2026-05-06T13:19:24.427Z,2026-05-06T20:54:54.071Z,HOU Astros Moneyline LA Dodgers @ HOU Astros,,Baseball,MLB
639136279705561253,Draftkings Sportsbook,straight,SETTLED_LOSS,5,,,20,-20.00,05/06/2026 01:32:49 GMT,05/06/2026 03:22:27 GMT,2026-05-06T01:32:49.360Z,2026-05-06T03:22:27.381Z,6+ Live Isaiah Hartenstein Assists LA Lakers @ OKC Thunder,,Basketball,NBA
639135997496017677,Draftkings Sportsbook,parlay,SETTLED_LOSS,5.32,,,20,-20.00,05/05/2026 17:42:29 GMT,05/06/2026 03:22:22 GMT,2026-05-05T17:42:29.648Z,2026-05-06T03:22:22.754Z,Under 35.5 LeBron James Points + Rebounds + Assists O/U LA Lakers @ OKC Thunder | 6+ Alex Caruso Points LA Lakers @ OKC Thunder | 1+ Luguentz Dort Three Pointers Made LA Lakers @ OKC Thunder | Under 29.5 Austin Reaves Points + Rebounds + Assists O/U LA Lakers @ OKC Thunder,,Basketball,NBA
639136306337702324,Draftkings Sportsbook,straight,SETTLED_WIN,1.7692307692307692,,,50,38.46,05/06/2026 02:17:13 GMT,05/06/2026 03:21:16 GMT,2026-05-06T02:17:13.454Z,2026-05-06T03:21:16.487Z,Under 10.5 Live Austin Reaves Points O/U LA Lakers @ OKC Thunder,,Basketball,NBA
639136152020972027,Draftkings Sportsbook,parlay,SETTLED_LOSS,58.33,,,4.28,-4.28,05/05/2026 22:00:03 GMT,05/06/2026 02:10:00 GMT,2026-05-05T22:00:03.116Z,2026-05-06T02:10:00.000Z,6+ Isaiah Hartenstein Assists LA Lakers @ OKC Thunder | 6+ Ausar Thompson Assists CLE Cavaliers @ DET Pistons,,Basketball,NBA
639136051350922671,Draftkings Sportsbook,parlay,SETTLED_WIN,4.6,,,25,90.00,05/05/2026 19:12:13 GMT,05/06/2026 01:50:18 GMT,2026-05-05T19:12:13.640Z,2026-05-06T01:50:18.465Z,Under 0.5 Isaiah Stewart Three Pointers Made O/U CLE Cavaliers @ DET Pistons | 1+ Donovan Mitchell Three Pointers Made CLE Cavaliers @ DET Pistons | Under 12.5 Jarrett Allen Points O/U CLE Cavaliers @ DET Pistons | Under 43.5 Cade Cunningham Points + Rebounds + Assists O/U CLE Cavaliers @ DET Pistons,,Basketball,NBA
639135870079918654,Draftkings Sportsbook,parlay,SETTLED_WIN,2,2.0099460849754465,-0.0049,25,25.00,05/05/2026 14:10:08 GMT,05/06/2026 01:30:16 GMT,2026-05-05T14:10:08.723Z,2026-05-06T01:30:16.158Z,Under 1.5 Austin Wynns Hits + Runs + RBIs O/U Athletics @ PHI Phillies | Under 0.5 Isiah Kiner-Falefa Doubles O/U BOS Red Sox @ DET Tigers,,Baseball,MLB
639136141115768105,Draftkings Sportsbook,parlay,SETTLED_CASH_OUT,1.8333333333333335,,,25,0.00,05/05/2026 21:41:51 GMT,05/05/2026 21:45:04 GMT,2026-05-05T21:41:51.677Z,2026-05-05T21:45:04.724Z,3+ Ausar Thompson Assists CLE Cavaliers @ DET Pistons | Under 0.5 Isaiah Stewart Three Pointers Made O/U CLE Cavaliers @ DET Pistons,,Basketball,NBA
639135465715479541,Draftkings Sportsbook,parlay,SETTLED_LOSS,6.35,,,12.85,-12.85,05/05/2026 02:56:11 GMT,05/05/2026 04:36:42 GMT,2026-05-05T02:56:11.690Z,2026-05-05T04:36:42.551Z,8+ Live Terrence Shannon Jr. Points MIN Timberwolves @ SA Spurs | 10+ Live Julius Randle Rebounds MIN Timberwolves @ SA Spurs | 18+ Live Stephon Castle Points MIN Timberwolves @ SA Spurs,,Basketball,NBA
639135404522713022,Draftkings Sportsbook,parlay,SETTLED_LOSS,4.720000000000001,,,25,-25.00,05/05/2026 01:14:12 GMT,05/05/2026 04:36:29 GMT,2026-05-05T01:14:12.059Z,2026-05-05T04:36:29.600Z,15+ Terrence Shannon Jr. Points MIN Timberwolves @ SA Spurs | 15+ De'Aaron Fox Points MIN Timberwolves @ SA Spurs,,Basketball,NBA
639135495008521297,Draftkings Sportsbook,straight,SETTLED_WIN,1.9523809523809523,,,15,14.28,05/05/2026 03:45:01 GMT,05/05/2026 04:35:19 GMT,2026-05-05T03:45:01.134Z,2026-05-05T04:35:19.867Z,Under 17.5 Live Stephon Castle Points O/U MIN Timberwolves @ SA Spurs,,Basketball,NBA
639132186759398272,Draftkings Sportsbook,parlay,SETTLED_WIN,5.88,,,20,97.60,05/01/2026 07:51:17 GMT,05/02/2026 01:23:47 GMT,2026-05-01T07:51:17.049Z,2026-05-02T01:23:47.244Z,TB Rays Moneyline SF Giants @ TB Rays | Over 1.5 Junior Caminero Hits + Runs + RBIs O/U SF Giants @ TB Rays | Under 1.5 Runs - 1st Inning SF Giants @ TB Rays | Under 1.5 Luis Arraez Hits O/U SF Giants @ TB Rays,,Baseball,MLB
639132240825711756,Draftkings Sportsbook,parlay,SETTLED_LOSS,8.8,,,25,-25.00,05/01/2026 09:21:21 GMT,05/01/2026 17:25:00 GMT,2026-05-01T09:21:21.824Z,2026-05-01T17:25:00.000Z,Chris Gotterup Matchup - Round 2 Russell Henley vs Chris Gotterup | Tommy Fleetwood 2 Ball - Round 2 Tommy Fleetwood vs Viktor Hovland | Rickie Fowler 2 Ball - Round 2 Collin Morikawa vs Rickie Fowler,,Golf,GOLF
639131963599913563,Draftkings Sportsbook,parlay,SETTLED_LOSS,7.25,,,15,-15.00,05/01/2026 01:39:19 GMT,05/01/2026 04:32:11 GMT,2026-05-01T01:39:19.488Z,2026-05-01T04:32:11.501Z,6+ Spencer Jones Points DEN Nuggets @ MIN Timberwolves | Over 4.5 Mike Conley Assists O/U DEN Nuggets @ MIN Timberwolves | 25+ Jamal Murray Points DEN Nuggets @ MIN Timberwolves | 10+ Terrence Shannon Jr. Points DEN Nuggets @ MIN Timberwolves,,Basketball,NBA
639131829169926830,Draftkings Sportsbook,parlay,SETTLED_LOSS,2.06,2.314568858461913,-0.1100,20,-20.00,04/30/2026 21:55:17 GMT,05/01/2026 02:51:03 GMT,2026-04-30T21:55:17.206Z,2026-05-01T02:51:03.721Z,25+ Jaylen Brown Points BOS Celtics @ PHI 76ers | Under 1.5 Runs - 1st Inning TOR Blue Jays @ MIN Twins,,Basketball | Baseball,NBA | MLB
639131820372824275,Draftkings Sportsbook,parlay,SETTLED_LOSS,12.25,,,20,-20.00,04/30/2026 21:40:36 GMT,05/01/2026 02:50:47 GMT,2026-04-30T21:40:36.393Z,2026-05-01T02:50:47.068Z,10+ VJ Edgecombe Points BOS Celtics @ PHI 76ers | 2+ Payton Pritchard Three Pointers Made BOS Celtics @ PHI 76ers | Over 24.5 Jayson Tatum Points O/U BOS Celtics @ PHI 76ers | Under 27.5 Joel Embiid Points O/U BOS Celtics @ PHI 76ers | 6+ Jaylen Brown Rebounds BOS Celtics @ PHI 76ers,,Basketball,NBA
639131826429045543,Draftkings Sportsbook,parlay,SETTLED_WIN,2,,,40,40.25,04/30/2026 21:50:41 GMT,05/01/2026 02:21:47 GMT,2026-04-30T21:50:41.729Z,2026-05-01T02:21:47.905Z,20+ Karl-Anthony Towns Points + Assists NY Knicks @ ATL Hawks | Under 0.5 Yohendrick Pinango Runs O/U TOR Blue Jays @ MIN Twins,,Basketball | Baseball,NBA | MLB
639131812620845985,Draftkings Sportsbook,straight,SETTLED_LOSS,3.7,,,10,-10.00,04/30/2026 21:27:40 GMT,04/30/2026 21:41:06 GMT,2026-04-30T21:27:40.952Z,2026-04-30T21:41:06.161Z,Bogey or Worse Alex Fitzpatrick vs Nico Echavarria Live Nico Echavarria Hole Score - Hole 18 - Round 1 Alex Fitzpatrick vs Nico Echavarria,,Golf,GOLF
639131808315825604,Draftkings Sportsbook,straight,SETTLED_LOSS,3.7,,,13.22,-13.22,04/30/2026 21:20:32 GMT,04/30/2026 21:34:15 GMT,2026-04-30T21:20:32.228Z,2026-04-30T21:34:15.022Z,Bogey or Worse Nick Taylor vs Nicolai Hojgaard Live Nick Taylor Hole Score - Hole 18 - Round 1 Nick Taylor vs Nicolai Hojgaard,,Golf,GOLF
639131229065793398,Draftkings Sportsbook,parlay,SETTLED_LOSS,4.6,,,25,-25.00,04/30/2026 05:15:06 GMT,04/30/2026 20:20:00 GMT,2026-04-30T05:15:06.440Z,2026-04-30T20:20:00.000Z,Min Woo Lee 2 Ball - Round 1 Min Woo Lee vs Jordan Smith | Alex Fitzpatrick 2 Ball - Round 1 Alex Fitzpatrick vs Nico Echavarria | Sam Burns 2 Ball - Round 1 Andrew Novak vs Sam Burns | J.J. Spaun Matchup - Round 1 J.J. Spaun vs Pierceson Coody,,Golf,GOLF
639131576920048804,Draftkings Sportsbook,parlay,SETTLED_LOSS,6.27,,,20,-20.00,04/30/2026 14:54:53 GMT,04/30/2026 19:35:00 GMT,2026-04-30T14:54:53.573Z,2026-04-30T19:35:00.000Z,Under 0.5 Runs - 1st Inning SF Giants @ PHI Phillies | Under 0.5 Runs - 1st Inning DET Tigers @ ATL Braves | Under 0.5 Runs - 1st Inning STL Cardinals @ PIT Pirates | PIT Pirates +3.5 Run Line Alternate STL Cardinals @ PIT Pirates,,Baseball,MLB
639131211181273624,Draftkings Sportsbook,parlay,SETTLED_WIN,5.68,,,20,93.60,04/30/2026 04:45:17 GMT,04/30/2026 19:25:00 GMT,2026-04-30T04:45:17.806Z,2026-04-30T19:25:00.000Z,Over 71.5 Michael Kim Round Score - Round 1 Michael Kim vs Austin Smotherman | Over 71.5 Max Greyserman Round Score - Round 1 Max Homa vs Max Greyserman | Over 71.5 Alex Noren Round Score - Round 1 Ryan Fox vs Alex Noren,,Golf,GOLF
639131109557326874,Draftkings Sportsbook,parlay,SETTLED_WIN,2.1,,,25,27.50,04/30/2026 01:55:56 GMT,04/30/2026 05:10:00 GMT,2026-04-30T01:55:56.689Z,2026-04-30T05:10:00.000Z,4+ Austin Reaves Assists HOU Rockets @ LA Lakers | 20+ LeBron James Points HOU Rockets @ LA Lakers,,Basketball,NBA
639131022047131918,Draftkings Sportsbook,parlay,SETTLED_WIN,2.06,,,25,26.50,04/29/2026 23:30:05 GMT,04/30/2026 02:39:33 GMT,2026-04-29T23:30:05.591Z,2026-04-30T02:39:33.163Z,20+ Evan Mobley Points + Assists TOR Raptors @ CLE Cavaliers | 1+ Sam Merrill Three Pointers Made TOR Raptors @ CLE Cavaliers,,Basketball,NBA
639130343765672127,Draftkings Sportsbook,parlay,SETTLED_LOSS,31.52,,,9.5,-9.50,04/29/2026 04:39:36 GMT,04/30/2026 02:15:00 GMT,2026-04-29T04:39:36.232Z,2026-04-30T02:15:00.000Z,Under 0.5 Runs - 1st Inning LA Angels @ CHI White Sox | Under 0.5 Runs - 1st Inning NY Yankees @ TEX Rangers | Under 0.5 Runs - 1st Inning SEA Mariners @ MIN Twins | Under 0.5 Runs - 1st Inning MIA Marlins @ LA Dodgers | Under 1.5 Leody Taveras Total Bases O/U HOU Astros @ BAL Orioles | Under 0.5 Runs - 1st Inning DET Tigers @ ATL Braves | CLE Cavaliers Moneyline TOR Raptors @ CLE Cavaliers | BOS Celtics Moneyline BOS Celtics @ PHI 76ers,,Baseball | other | Basketball,MLB | other | NBA
639130983457867423,Draftkings Sportsbook,parlay,SETTLED_LOSS,11.8,,,5.5,-5.50,04/29/2026 22:25:45 GMT,04/30/2026 01:59:23 GMT,2026-04-29T22:25:45.287Z,2026-04-30T01:59:23.887Z,3+ Wendell Carter Jr. Assists ORL Magic @ DET Pistons | DET Pistons Moneyline ORL Magic @ DET Pistons | 4+ Tobias Harris Rebounds ORL Magic @ DET Pistons | 3+ Jalen Duren Assists ORL Magic @ DET Pistons,,Basketball,NBA
639130921247335029,Draftkings Sportsbook,parlay,SETTLED_WIN,1.625,,,25,15.62,04/29/2026 20:42:03 GMT,04/30/2026 01:59:04 GMT,2026-04-29T20:42:03.756Z,2026-04-30T01:59:04.169Z,6+ Tobias Harris Rebounds ORL Magic @ DET Pistons | Under 0.5 Jerar Encarnacion RBIs O/U SF Giants @ PHI Phillies,,Basketball | other,NBA | other
639130236139750497,Draftkings Sportsbook,parlay,SETTLED_LOSS,5.38,,,25,-25.00,04/29/2026 01:40:14 GMT,04/29/2026 04:42:08 GMT,2026-04-29T01:40:14.772Z,2026-04-29T04:42:08.881Z,1+ Scoot Henderson Three Pointers Made POR Trail Blazers @ SA Spurs | 17+ Jrue Holiday Points POR Trail Blazers @ SA Spurs | 1+ Keldon Johnson Three Pointers Made POR Trail Blazers @ SA Spurs | Under 2.5 Victor Wembanyama Three Pointers Made O/U POR Trail Blazers @ SA Spurs,,Basketball,NBA
639130284588070719,Draftkings Sportsbook,parlay,SETTLED_LOSS,2.08,,,100,-100.00,04/29/2026 03:00:58 GMT,04/29/2026 04:42:01 GMT,2026-04-29T03:00:58.893Z,2026-04-29T04:42:01.877Z,6+ Live Scoot Henderson Points POR Trail Blazers @ SA Spurs | 15+ Live Dylan Harper Points POR Trail Blazers @ SA Spurs,,Basketball,NBA
639130173527086335,Draftkings Sportsbook,parlay,SETTLED_LOSS,8.4,,,25,-25.00,04/28/2026 23:55:52 GMT,04/29/2026 03:12:00 GMT,2026-04-28T23:55:52.883Z,2026-04-29T03:12:00.000Z,20+ OG Anunoby Points + Rebounds ATL Hawks @ NY Knicks | Over 17.5 Nickeil Alexander-Walker Points O/U ATL Hawks @ NY Knicks | 28+ Victor Wembanyama Points POR Trail Blazers @ SA Spurs | 15+ Jrue Holiday Points POR Trail Blazers @ SA Spurs,,Basketball,NBA
639130082691012255,Draftkings Sportsbook,parlay,SETTLED_LOSS,5.94,,,25,-25.00,04/28/2026 21:24:28 GMT,04/29/2026 03:01:24 GMT,2026-04-28T21:24:28.996Z,2026-04-29T03:01:24.746Z,6+ OG Anunoby Rebounds ATL Hawks @ NY Knicks | 2+ CJ McCollum Three Pointers Made ATL Hawks @ NY Knicks | 2+ Jalen Brunson Three Pointers Made ATL Hawks @ NY Knicks | Over 3.5 Karl-Anthony Towns Assists O/U ATL Hawks @ NY Knicks,,Basketball,NBA
639130131376584902,Draftkings Sportsbook,straight,SETTLED_LOSS,1.8695652173913042,1.993293721370678,-0.0621,56.96,-56.96,04/28/2026 22:45:36 GMT,04/29/2026 01:52:02 GMT,2026-04-28T22:45:36.110Z,2026-04-29T01:52:02.170Z,Over 3.5 Baylor Scheierman Points O/U PHI 76ers @ BOS Celtics,,Basketball,NBA
639130066756902501,Draftkings Sportsbook,parlay,SETTLED_LOSS,6.4,,,25,-25.00,04/28/2026 20:57:55 GMT,04/29/2026 01:50:47 GMT,2026-04-28T20:57:55.958Z,2026-04-29T01:50:47.525Z,Over 12.5 Derrick White Points O/U PHI 76ers @ BOS Celtics | BOS Celtics Moneyline PHI 76ers @ BOS Celtics | Over 2.5 Tyrese Maxey Three Pointers Made O/U PHI 76ers @ BOS Celtics | 30+ Jayson Tatum Points + Assists PHI 76ers @ BOS Celtics,,Basketball,NBA
639130065340886662,Draftkings Sportsbook,parlay,SETTLED_LOSS,5.32,,,2,-2.00,04/28/2026 20:55:33 GMT,04/29/2026 01:50:42 GMT,2026-04-28T20:55:33.816Z,2026-04-29T01:50:42.402Z,Over 12.5 Derrick White Points O/U PHI 76ers @ BOS Celtics | Over 2.5 Tyrese Maxey Three Pointers Made O/U PHI 76ers @ BOS Celtics | 30+ Jayson Tatum Points + Assists PHI 76ers @ BOS Celtics,,Basketball,NBA
639129838968334745,Draftkings Sportsbook,parlay,SETTLED_LOSS,3.45,,,50,-50.00,04/28/2026 14:38:17 GMT,04/29/2026 01:40:42 GMT,2026-04-28T14:38:17.991Z,2026-04-29T01:40:42.717Z,6+ Payton Tolle Strikeouts Thrown BOS Red Sox @ TOR Blue Jays | Under 1.5 Runs - 1st Inning BOS Red Sox @ TOR Blue Jays | BOS Red Sox +4.5 Run Line Alternate BOS Red Sox @ TOR Blue Jays,,Baseball,MLB
639130128161612865,Draftkings Sportsbook,straight,SETTLED_CASH_OUT,1.8695652173913042,1.993293721370678,-0.0621,56.96,0.00,04/28/2026 22:40:16 GMT,04/28/2026 22:44:43 GMT,2026-04-28T22:40:16.655Z,2026-04-28T22:44:43.339Z,Over 3.5 Baylor Scheierman Points O/U PHI 76ers @ BOS Celtics,,Basketball,NBA
639130124499642189,Draftkings Sportsbook,straight,SETTLED_CASH_OUT,1.9615384615384617,1.951782414383766,0.0050,26.96,0.00,04/28/2026 22:34:11 GMT,04/28/2026 22:40:05 GMT,2026-04-28T22:34:11.467Z,2026-04-28T22:40:05.370Z,Under 26.5 Joel Embiid Points O/U PHI 76ers @ BOS Celtics,,Basketball,NBA
639129394237802683,Draftkings Sportsbook,parlay,SETTLED_LOSS,10.78,,,10,-10.00,04/28/2026 02:17:04 GMT,04/28/2026 05:33:20 GMT,2026-04-28T02:17:04.976Z,2026-04-28T05:33:20.031Z,10+ Nikola Jokic Assists MIN Timberwolves @ DEN Nuggets | 28+ Jamal Murray Points MIN Timberwolves @ DEN Nuggets | 6+ Ayo Dosunmu Assists MIN Timberwolves @ DEN Nuggets | 15+ Jaden McDaniels Points MIN Timberwolves @ DEN Nuggets,,Basketball,NBA
639129395258872747,Draftkings Sportsbook,parlay,SETTLED_WIN,4.7,,,20,74.00,04/28/2026 02:18:45 GMT,04/28/2026 05:32:08 GMT,2026-04-28T02:18:45.144Z,2026-04-28T05:32:08.277Z,15+ Bones Hyland Points MIN Timberwolves @ DEN Nuggets | 4+ Mike Conley Assists MIN Timberwolves @ DEN Nuggets,,Basketball,NBA
639129232906700633,Draftkings Sportsbook,parlay,SETTLED_LOSS,5,,,25,-25.00,04/27/2026 21:48:09 GMT,04/28/2026 03:10:00 GMT,2026-04-27T21:48:09.989Z,2026-04-28T03:10:00.000Z,8+ Ausar Thompson Points DET Pistons @ ORL Magic | 2+ Desmond Bane Three Pointers Made DET Pistons @ ORL Magic | 6+ Tobias Harris Rebounds DET Pistons @ ORL Magic | 5+ Paolo Banchero Assists DET Pistons @ ORL Magic,,Basketball,NBA
639129005090421086,Draftkings Sportsbook,parlay,SETTLED_LOSS,5.06,5.14265551253661,-0.0161,25,-25.00,04/27/2026 15:28:30 GMT,04/28/2026 01:10:00 GMT,2026-04-27T15:28:30.436Z,2026-04-28T01:10:00.000Z,Under 1.5 Ryan Vilade Hits + Runs + RBIs O/U TB Rays @ CLE Guardians | Under 1.5 Myles Straw Hits + Runs + RBIs O/U BOS Red Sox @ TOR Blue Jays | Under 1.5 Tristan Peters Hits + Runs + RBIs O/U LA Angels @ CHI White Sox,,Baseball,MLB
639129226549571056,Draftkings Sportsbook,parlay,SETTLED_CASH_OUT,1.970873786407767,2.186218839735777,-0.0985,33,-0.04,04/27/2026 21:37:35 GMT,04/28/2026 00:35:49 GMT,2026-04-27T21:37:35.177Z,2026-04-28T00:35:49.982Z,Yes Jalen Duren Double-Double DET Pistons @ ORL Magic | Under 0.5 Jasson Dominguez Doubles O/U NY Yankees @ TEX Rangers,,Basketball | Baseball,NBA | MLB
639128488704316001,Draftkings Sportsbook,straight,SETTLED_LOSS,2.1399999999999997,1.9817313538443933,0.0799,20,-20.00,04/27/2026 01:07:51 GMT,04/27/2026 04:32:06 GMT,2026-04-27T01:07:51.971Z,2026-04-27T04:32:06.675Z,23+ Alperen Sengun Points LA Lakers @ HOU Rockets,,Basketball,NBA
639128385377913143,Draftkings Sportsbook,parlay,SETTLED_LOSS,8.5,,,23.62,-23.62,04/26/2026 22:15:38 GMT,04/27/2026 01:50:34 GMT,2026-04-26T22:15:38.886Z,2026-04-27T01:50:34.187Z,Over 1.5 Jaylen Brown Three Pointers Made O/U BOS Celtics @ PHI 76ers | Under 4.5 Jaylen Brown Assists O/U BOS Celtics @ PHI 76ers | Under 2.5 Paul George Three Pointers Made O/U BOS Celtics @ PHI 76ers | BOS Celtics Moneyline BOS Celtics @ PHI 76ers,,Basketball,NBA
639128392088877545,Draftkings Sportsbook,parlay,SETTLED_LOSS,1.9523809523809523,,,30,-30.00,04/26/2026 22:26:49 GMT,04/27/2026 01:50:15 GMT,2026-04-26T22:26:49.637Z,2026-04-27T01:50:15.657Z,1+ Nikola Vucevic Three Pointers Made BOS Celtics @ PHI 76ers | 10+ Derrick White Points BOS Celtics @ PHI 76ers,,Basketball,NBA
639128479028245536,Draftkings Sportsbook,straight,SETTLED_WIN,3.6,,,25,65.00,04/27/2026 00:51:42 GMT,04/27/2026 01:48:49 GMT,2026-04-27T00:51:42.327Z,2026-04-27T01:48:49.837Z,Over 2.5 Live Paul George Three Pointers Made O/U BOS Celtics @ PHI 76ers,,Basketball,NBA
639128232638188624,Draftkings Sportsbook,straight,SETTLED_LOSS,1.9433962264150944,,,56.2,-56.20,04/26/2026 18:01:04 GMT,04/26/2026 22:27:12 GMT,2026-04-26T18:01:04.430Z,2026-04-26T22:27:12.932Z,6+ Luke Kornet Points SA Spurs @ POR Trail Blazers,,Basketball,NBA
639128161301520040,Draftkings Sportsbook,parlay,SETTLED_LOSS,5.13,5.070021570722974,0.0118,25,-25.00,04/26/2026 16:02:10 GMT,04/26/2026 20:40:00 GMT,2026-04-26T16:02:10.916Z,2026-04-26T20:40:00.000Z,Under 0.5 Braden Shewmake Hits + Runs + RBIs O/U NY Yankees @ HOU Astros | Under 0.5 Billy Cook RBIs O/U PIT Pirates @ MIL Brewers | Under 1.5 Edouard Julien Hits + Runs + RBIs O/U COL Rockies @ NY Mets,,Baseball,MLB
639128134105550812,Draftkings Sportsbook,parlay,SETTLED_WIN,2.06,2.416802699532791,-0.1476,26,27.62,04/26/2026 15:16:50 GMT,04/26/2026 20:30:33 GMT,2026-04-26T15:16:50.595Z,2026-04-26T20:30:33.366Z,Over 11.5 Collin Murray-Boyles Points O/U CLE Cavaliers @ TOR Raptors | Under 0.5 Dylan Moore Doubles O/U PHI Phillies @ ATL Braves,,Basketball | Baseball,NBA | MLB
639127669068838923,Draftkings Sportsbook,straight,SETTLED_WIN,1.8695652173913042,,,25.25,21.95,04/26/2026 02:21:46 GMT,04/26/2026 03:30:40 GMT,2026-04-26T02:21:46.076Z,2026-04-26T03:30:40.500Z,Under 20.5 Live Naz Reid Points O/U DEN Nuggets @ MIN Timberwolves,,Basketball,NBA
639127526546371629,Draftkings Sportsbook,straight,SETTLED_LOSS,2.55,,,12.03,-12.03,04/25/2026 22:24:14 GMT,04/26/2026 01:01:29 GMT,2026-04-25T22:24:14.413Z,2026-04-26T01:01:29.662Z,Over 15.5 Live Total Alternate SD Padres @ ARI Diamondbacks,,Baseball,MLB
639126910586720341,Draftkings Sportsbook,parlay,SETTLED_WIN,9.41,,,25,210.25,04/25/2026 05:17:37 GMT,04/26/2026 01:01:21 GMT,2026-04-25T05:17:37.828Z,2026-04-26T01:01:21.815Z,BOS Red Sox Moneyline BOS Red Sox @ BAL Orioles | Under 15.5 Total SD Padres @ ARI Diamondbacks | Under 0.5 Runs - 1st Inning SD Padres @ ARI Diamondbacks,,Baseball,MLB
639127217863938468,Draftkings Sportsbook,straight,SETTLED_WIN,2,1.9466365427218697,0.0274,20,20.00,04/25/2026 13:49:47 GMT,04/25/2026 22:20:27 GMT,2026-04-25T13:49:47.492Z,2026-04-25T22:20:27.386Z,Under 1.5 Runs - 1st Inning SD Padres @ ARI Diamondbacks,,Baseball,MLB
639126802675702823,Draftkings Sportsbook,parlay,SETTLED_LOSS,5.94,,,20,-20.00,04/25/2026 02:17:47 GMT,04/25/2026 05:42:19 GMT,2026-04-25T02:17:47.131Z,2026-04-25T05:42:19.798Z,6+ Jrue Holiday Assists SA Spurs @ POR Trail Blazers | 15+ Scoot Henderson Points SA Spurs @ POR Trail Blazers | 6+ Stephon Castle Rebounds SA Spurs @ POR Trail Blazers,,Basketball,NBA
639126819694682148,Draftkings Sportsbook,straight,SETTLED_LOSS,2.4,2.582629757785467,-0.0707,20,-20.00,04/25/2026 02:46:10 GMT,04/25/2026 05:42:05 GMT,2026-04-25T02:46:10.588Z,2026-04-25T05:42:05.744Z,3+ Luke Kornet Assists SA Spurs @ POR Trail Blazers,,Basketball,NBA
639126773703811398,Draftkings Sportsbook,straight,SETTLED_LOSS,10.1,7.066666666666666,0.4292,10,-10.00,04/25/2026 01:29:30 GMT,04/25/2026 05:41:31 GMT,2026-04-25T01:29:30.480Z,2026-04-25T05:41:31.268Z,Yes Robert Williams Double-Double SA Spurs @ POR Trail Blazers,,Basketball,NBA
639126848501125278,Draftkings Sportsbook,parlay,SETTLED_WIN,2.1,,,8.11,8.92,04/25/2026 03:34:10 GMT,04/25/2026 05:41:24 GMT,2026-04-25T03:34:10.502Z,2026-04-25T05:41:24.053Z,10+ Live Robert Williams Points SA Spurs @ POR Trail Blazers | 10+ Live Luke Kornet Points SA Spurs @ POR Trail Blazers,,Basketball,NBA
639126555151366280,Draftkings Sportsbook,straight,SETTLED_LOSS,10.8,7.533333333333332,0.4336,10,-10.00,04/24/2026 19:25:14 GMT,04/25/2026 03:09:24 GMT,2026-04-24T19:25:14.654Z,2026-04-25T03:09:24.985Z,1+ Jordan Walker Home Runs SEA Mariners @ STL Cardinals,,Baseball,MLB
639126503846792299,Draftkings Sportsbook,parlay,SETTLED_LOSS,5.33,5.864659001709387,-0.0912,25,-25.00,04/24/2026 17:59:45 GMT,04/25/2026 02:10:00 GMT,2026-04-24T17:59:45.506Z,2026-04-25T02:10:00.000Z,6+ George Kirby Strikeouts Thrown SEA Mariners @ STL Cardinals | Under 1.5 Runs - 1st Inning PIT Pirates @ MIL Brewers | 3+ Derrick White Three Pointers Made BOS Celtics @ PHI 76ers,,Baseball | Basketball,MLB | NBA
639126345278483136,Draftkings Sportsbook,parlay,SETTLED_LOSS,5.44,4.179428550899323,0.3016,20,-20.00,04/24/2026 13:35:27 GMT,04/25/2026 02:10:00 GMT,2026-04-24T13:35:27.515Z,2026-04-25T02:10:00.000Z,15+ VJ Edgecombe Points BOS Celtics @ PHI 76ers | 15+ Marcus Smart Points LA Lakers @ HOU Rockets,,Basketball,NBA
639126464420236237,Draftkings Sportsbook,parlay,SETTLED_LOSS,4.55,4.615550599251958,-0.0142,20,-20.00,04/24/2026 16:54:01 GMT,04/25/2026 02:06:07 GMT,2026-04-24T16:54:01.553Z,2026-04-25T02:06:07.453Z,Under 1.5 Sam Antonacci Hits + Runs + RBIs O/U WAS Nationals @ CHI White Sox | Under 1.5 Ronny Mauricio Hits + Runs + RBIs O/U COL Rockies @ NY Mets | Under 0.5 Caleb Durbin RBIs O/U BOS Red Sox @ BAL Orioles,,Baseball,MLB
639125907192678584,Draftkings Sportsbook,parlay,SETTLED_LOSS,5.36,,,25,-25.00,04/24/2026 01:25:19 GMT,04/24/2026 04:23:19 GMT,2026-04-24T01:25:19.289Z,2026-04-24T04:23:19.161Z,20+ Nikola Jokic Points DEN Nuggets @ MIN Timberwolves | 5+ Christian Braun Rebounds DEN Nuggets @ MIN Timberwolves | 5+ Anthony Edwards Rebounds DEN Nuggets @ MIN Timberwolves | 20+ Julius Randle Points DEN Nuggets @ MIN Timberwolves,,Basketball,NBA
639125984551554743,Draftkings Sportsbook,straight,SETTLED_WIN,1.6896551724137931,,,19.6,13.51,04/24/2026 03:34:14 GMT,04/24/2026 04:22:44 GMT,2026-04-24T03:34:14.543Z,2026-04-24T04:22:44.553Z,15+ Live Jaden McDaniels Points DEN Nuggets @ MIN Timberwolves,,Basketball,NBA
639125736993743246,Draftkings Sportsbook,parlay,SETTLED_WIN,1.8620689655172413,,,56,48.25,04/23/2026 20:41:38 GMT,04/24/2026 03:11:13 GMT,2026-04-23T20:41:38.932Z,2026-04-24T03:11:13.881Z,18+ Karl-Anthony Towns Points NY Knicks @ ATL Hawks | Akheem Mesidor To be Drafted in Round 1 2026 NFL Draft,,Basketball | American Football,NBA | NFL
639125154803033063,Draftkings Sportsbook,parlay,SETTLED_LOSS,6.61,,,20,-20.00,04/23/2026 04:31:21 GMT,04/23/2026 20:29:00 GMT,2026-04-23T04:31:21.863Z,2026-04-23T20:29:00.000Z,Koepka / Lowry Moneyline Fitzpatrick / Fitzpatrick vs Koepka / Lowry | Li / Smith Moneyline Li / Smith vs Dumont De Chassart / Chatfield | Rai / Theegala Moneyline Rai / Theegala vs Brown / Clanton,,other,other
639125123614430777,Draftkings Sportsbook,straight,SETTLED_LOSS,2.4,,,25,-25.00,04/23/2026 03:39:22 GMT,04/23/2026 05:04:02 GMT,2026-04-23T03:39:22.897Z,2026-04-23T05:04:02.723Z,8+ Live Collin Gillespie Points PHO Suns @ OKC Thunder,,Basketball,NBA
639125134372829291,Draftkings Sportsbook,straight,SETTLED_LOSS,11,,,5,-5.00,04/23/2026 03:57:17 GMT,04/23/2026 05:03:13 GMT,2026-04-23T03:57:17.230Z,2026-04-23T05:03:13.891Z,2+ Live Devin Booker Three Pointers Made PHO Suns @ OKC Thunder,,Basketball,NBA
639125085781777757,Draftkings Sportsbook,parlay,SETTLED_WIN,2,,,50.45,50.45,04/23/2026 02:36:19 GMT,04/23/2026 05:03:11 GMT,2026-04-23T02:36:19.532Z,2026-04-23T05:03:11.413Z,Under 1.5 Live Devin Booker Three Pointers Made O/U PHO Suns @ OKC Thunder | 2+ Live Dillon Brooks Three Pointers Made PHO Suns @ OKC Thunder,,Basketball,NBA
639125116618130159,Draftkings Sportsbook,straight,SETTLED_WIN,1.9090909090909092,,,50,45.45,04/23/2026 03:27:42 GMT,04/23/2026 05:02:40 GMT,2026-04-23T03:27:42.898Z,2026-04-23T05:02:40.255Z,Under 24.5 Live Jalen Williams Points O/U PHO Suns @ OKC Thunder,,Basketball,NBA
639124860832695304,Draftkings Sportsbook,parlay,SETTLED_WIN,1.847457627118644,2.283818585549722,-0.1911,48,40.83,04/22/2026 20:21:24 GMT,04/23/2026 02:10:00 GMT,2026-04-22T20:21:24.014Z,2026-04-23T02:10:00.000Z,8+ Franz Wagner Rebounds + Assists ORL Magic @ DET Pistons | Under 0.5 Gary Sanchez Doubles O/U MIL Brewers @ DET Tigers,,Basketball | Baseball,NBA | MLB
639124317272044262,Draftkings Sportsbook,parlay,SETTLED_LOSS,6.28,,,25,-25.00,04/22/2026 05:15:28 GMT,04/23/2026 01:25:11 GMT,2026-04-22T05:15:28.043Z,2026-04-23T01:25:11.340Z,1+ Trevor Story RBIs NY Yankees @ BOS Red Sox | 1+ Trevor Story Singles NY Yankees @ BOS Red Sox,,Baseball,MLB
639124907326736209,Draftkings Sportsbook,parlay,SETTLED_LOSS,2.1799999999999997,2.566799017393643,-0.1507,58,-58.00,04/22/2026 21:38:53 GMT,04/23/2026 01:25:03 GMT,2026-04-22T21:38:53.716Z,2026-04-23T01:25:03.317Z,Under 1.5 Isiah Kiner-Falefa Hits + Runs + RBIs O/U NY Yankees @ BOS Red Sox | Under 0.5 Kyle Higashioka Doubles O/U PIT Pirates @ TEX Rangers | Under 0.5 Brice Turang Stolen Bases O/U MIL Brewers @ DET Tigers,,Baseball,MLB
639124688619056197,Draftkings Sportsbook,parlay,SETTLED_LOSS,4.25,5.233827964048169,-0.1880,25,-25.00,04/22/2026 15:34:22 GMT,04/22/2026 22:07:00 GMT,2026-04-22T15:34:22.663Z,2026-04-22T22:07:00.000Z,Under 1.5 Daniel Johnson Hits + Runs + RBIs O/U HOU Astros @ CLE Guardians | Under 1.5 Vaughn Grissom Hits + Runs + RBIs O/U TOR Blue Jays @ LA Angels | Under 1.5 Isiah Kiner-Falefa Hits + Runs + RBIs O/U NY Yankees @ BOS Red Sox,,Baseball,MLB
639124215698375555,Draftkings Sportsbook,parlay,SETTLED_LOSS,151,,,1.23,-1.23,04/22/2026 02:26:10 GMT,04/22/2026 05:34:20 GMT,2026-04-22T02:26:10.801Z,2026-04-22T05:34:20.320Z,9+ Luke Kennard Rebounds HOU Rockets @ LA Lakers | 9+ Luke Kennard Assists HOU Rockets @ LA Lakers,,Basketball,NBA
639124209054718046,Draftkings Sportsbook,parlay,SETTLED_WIN,1.9090909090909092,,,30,27.27,04/22/2026 02:15:05 GMT,04/22/2026 05:33:29 GMT,2026-04-22T02:15:05.826Z,2026-04-22T05:33:29.758Z,15+ Marcus Smart Points + Assists HOU Rockets @ LA Lakers | 2+ Luke Kennard Three Pointers Made HOU Rockets @ LA Lakers,,Basketball,NBA
639124139728842930,Draftkings Sportsbook,parlay,SETTLED_WIN,2.62,,,30,48.70,04/22/2026 00:19:31 GMT,04/22/2026 05:33:27 GMT,2026-04-22T00:19:31.683Z,2026-04-22T05:33:27.348Z,6+ Live Jrue Holiday Assists POR Trail Blazers @ SA Spurs | 6+ LeBron James Rebounds HOU Rockets @ LA Lakers,,Basketball,NBA
639123987969019802,Draftkings Sportsbook,parlay,SETTLED_WIN,2.35,,,20,27.00,04/21/2026 20:06:36 GMT,04/22/2026 05:32:51 GMT,2026-04-21T20:06:36.487Z,2026-04-22T05:32:51.011Z,Under 2.5 Kevin Durant Three Pointers Made O/U HOU Rockets @ LA Lakers | 25+ Amen Thompson Points + Rebounds + Assists HOU Rockets @ LA Lakers,,Basketball,NBA
639123764541381461,Draftkings Sportsbook,parlay,SETTLED_WIN,3.33,,,20,46.65,04/21/2026 13:54:12 GMT,04/22/2026 03:43:12 GMT,2026-04-21T13:54:12.545Z,2026-04-22T03:43:12.276Z,Under 1.5 Wenceel Perez Total Bases O/U MIL Brewers @ DET Tigers | Under 1.5 Felix Reyes Hits + Runs + RBIs O/U PHI Phillies @ CHI Cubs | Under 1.5 Bryce Teodosio Hits + Runs + RBIs O/U TOR Blue Jays @ LA Angels,,Baseball,MLB
639123818799965623,Draftkings Sportsbook,parlay,SETTLED_LOSS,5.08,,,20,-20.00,04/21/2026 15:24:40 GMT,04/22/2026 01:40:43 GMT,2026-04-21T15:24:40.117Z,2026-04-22T01:40:43.263Z,BOS Red Sox Moneyline NY Yankees @ BOS Red Sox | 4+ Connelly Early Strikeouts Thrown NY Yankees @ BOS Red Sox | Over 0.5 Alternate NY Yankees Total Runs NY Yankees @ BOS Red Sox | Over 8.5 Total NY Yankees @ BOS Red Sox,,Baseball,MLB
639123978691212050,Draftkings Sportsbook,parlay,SETTLED_LOSS,5.29,,,20,-20.00,04/21/2026 19:51:09 GMT,04/22/2026 01:40:25 GMT,2026-04-21T19:51:09.966Z,2026-04-22T01:40:25.163Z,10+ Jayson Tatum Rebounds PHI 76ers @ BOS Celtics | Yes Jayson Tatum Double-Double PHI 76ers @ BOS Celtics | 5+ Jayson Tatum Assists PHI 76ers @ BOS Celtics | 3+ Derrick White Three Pointers Made PHI 76ers @ BOS Celtics,,Basketball,NBA
639123992247082334,Draftkings Sportsbook,parlay,SETTLED_LOSS,4.66,,,25,-25.00,04/21/2026 20:13:45 GMT,04/22/2026 01:40:00 GMT,2026-04-21T20:13:45.594Z,2026-04-22T01:40:00.000Z,Under 0.5 Masataka Yoshida RBIs O/U NY Yankees @ BOS Red Sox | Under 0.5 David Hamilton Hits O/U MIL Brewers @ DET Tigers | Under 0.5 David Hamilton Runs O/U MIL Brewers @ DET Tigers,,Baseball,MLB
639124140641519338,Draftkings Sportsbook,straight,SETTLED_WIN,1.6493506493506493,,,30,19.48,04/22/2026 00:21:03 GMT,04/22/2026 01:39:08 GMT,2026-04-22T00:21:03.904Z,2026-04-22T01:39:08.818Z,Under 2.5 Live Derrick White Three Pointers Made O/U PHI 76ers @ BOS Celtics,,Basketball,NBA
639123349556109049,Draftkings Sportsbook,parlay,SETTLED_CASH_OUT,4.65,,,46,26.45,04/21/2026 02:22:34 GMT,04/21/2026 05:40:00 GMT,2026-04-21T02:22:34.237Z,2026-04-21T05:40:00.000Z,6+ Aaron Gordon Rebounds MIN Timberwolves @ DEN Nuggets | Over 15.5 Jaden McDaniels Points O/U MIN Timberwolves @ DEN Nuggets | 3+ Anthony Edwards Three Pointers Made MIN Timberwolves @ DEN Nuggets,,Basketball,NBA
639123381820528843,Draftkings Sportsbook,parlay,SETTLED_WIN,1.9615384615384617,,,44,42.30,04/21/2026 03:16:22 GMT,04/21/2026 04:56:28 GMT,2026-04-21T03:16:22.880Z,2026-04-21T04:56:28.722Z,CAR Hurricanes Live Moneyline OTT Senators @ CAR Hurricanes | EDM Oilers Live Moneyline ANA Ducks @ EDM Oilers,,Ice Hockey,NHL
639123253239922000,Draftkings Sportsbook,parlay,SETTLED_LOSS,5.74,,,9,-9.00,04/20/2026 23:42:04 GMT,04/21/2026 03:05:52 GMT,2026-04-20T23:42:04.330Z,2026-04-21T03:05:52.862Z,20+ Nickeil Alexander-Walker Points ATL Hawks @ NY Knicks | 10+ Mitchell Robinson Points + Rebounds ATL Hawks @ NY Knicks | 3+ Nickeil Alexander-Walker Three Pointers Made ATL Hawks @ NY Knicks | 20+ Karl-Anthony Towns Points ATL Hawks @ NY Knicks,,Basketball,NBA
639123263488431463,Draftkings Sportsbook,parlay,SETTLED_LOSS,6.04,,,14,-14.00,04/20/2026 23:59:07 GMT,04/21/2026 03:05:43 GMT,2026-04-20T23:59:07.818Z,2026-04-21T03:05:43.829Z,20+ CJ McCollum Points ATL Hawks @ NY Knicks | 5+ Dyson Daniels Assists ATL Hawks @ NY Knicks | 8+ Josh Hart Rebounds ATL Hawks @ NY Knicks,,Basketball,NBA
639123055401527707,Draftkings Sportsbook,parlay,SETTLED_LOSS,9.79,,,31,-31.00,04/20/2026 18:12:19 GMT,04/21/2026 02:10:00 GMT,2026-04-20T18:12:19.480Z,2026-04-21T02:10:00.000Z,5+ Jayson Tatum Assists PHI 76ers @ BOS Celtics | 20+ Nickeil Alexander-Walker Points ATL Hawks @ NY Knicks | 20+ Brandon Ingram Points TOR Raptors @ CLE Cavaliers | 15+ Jaden McDaniels Points MIN Timberwolves @ DEN Nuggets | 2+ Anthony Edwards Three Pointers Made MIN Timberwolves @ DEN Nuggets,,Basketball,NBA
639123042958786767,Draftkings Sportsbook,parlay,SETTLED_LOSS,6,5.985229461469896,0.0025,13.28,-13.28,04/20/2026 17:51:36 GMT,04/21/2026 01:10:00 GMT,2026-04-20T17:51:36.819Z,2026-04-21T01:10:00.000Z,2+ James Wood Total Bases ATL Braves @ WAS Nationals | 2+ Yordan Alvarez Total Bases HOU Astros @ CLE Guardians,,Baseball,MLB
639122884866977790,Draftkings Sportsbook,parlay,SETTLED_LOSS,8.26,,,25,-25.00,04/20/2026 13:28:07 GMT,04/21/2026 00:01:26 GMT,2026-04-20T13:28:07.629Z,2026-04-21T00:01:26.866Z,Under 1.5 Total Home Runs ATL Braves @ WAS Nationals | Under 1.5 Total Home Runs HOU Astros @ CLE Guardians | Over 4.5 Spencer Arrighetti Strikeouts Thrown O/U HOU Astros @ CLE Guardians,,Baseball,MLB
639122872317684353,Draftkings Sportsbook,parlay,SETTLED_LOSS,5.26,,,20,-20.00,04/20/2026 13:07:11 GMT,04/20/2026 18:10:00 GMT,2026-04-20T13:07:11.351Z,2026-04-20T18:10:00.000Z,Under 1.5 Jake Rogers Hits + Runs + RBIs O/U DET Tigers @ BOS Red Sox | 2+ Roman Anthony Hits + Runs + RBIs DET Tigers @ BOS Red Sox | Under 1.5 Runs - 1st Inning DET Tigers @ BOS Red Sox,,Baseball,MLB
639122287943639486,Draftkings Sportsbook,parlay,SETTLED_WIN,5.24,,,10,42.40,04/19/2026 20:53:13 GMT,04/20/2026 05:03:23 GMT,2026-04-19T20:53:13.242Z,2026-04-20T05:03:23.074Z,BOS Bruins +1.5 Puck Line BOS Bruins @ BUF Sabres | Under 6.5 Total UTA Mammoth @ VGK Golden Knights | VGK Golden Knights Moneyline UTA Mammoth @ VGK Golden Knights,,Ice Hockey,NHL
639122438370660256,Draftkings Sportsbook,parlay,SETTLED_LOSS,2.6,,,20,-20.00,04/20/2026 01:03:56 GMT,04/20/2026 04:05:20 GMT,2026-04-20T01:03:56.980Z,2026-04-20T04:05:20.992Z,12+ Jrue Holiday Points POR Trail Blazers @ SA Spurs | 5+ Deni Avdija Assists POR Trail Blazers @ SA Spurs | 12+ Stephon Castle Rebounds + Assists POR Trail Blazers @ SA Spurs,,Basketball,NBA
639122374380426215,Draftkings Sportsbook,straight,SETTLED_LOSS,2.25,,,25,-25.00,04/19/2026 23:17:17 GMT,04/20/2026 01:24:26 GMT,2026-04-19T23:17:17.818Z,2026-04-20T01:24:26.697Z,20+ Live Tobias Harris Points ORL Magic @ DET Pistons,,Basketball,NBA
639122104335145633,Draftkings Sportsbook,parlay,SETTLED_WIN,4.77,5.179295775044931,-0.0790,27,101.79,04/19/2026 15:47:13 GMT,04/19/2026 23:26:17 GMT,2026-04-19T15:47:13.044Z,2026-04-19T23:26:17.203Z,Under 1.5 Wenceel Perez Hits + Runs + RBIs O/U DET Tigers @ BOS Red Sox | Under 1.5 Shay Whitcomb Hits + Runs + RBIs O/U STL Cardinals @ HOU Astros | Under 1.5 Luis Matos Hits + Runs + RBIs O/U MIL Brewers @ MIA Marlins,,Baseball,MLB
639122242980704400,Draftkings Sportsbook,parlay,SETTLED_LOSS,7.25,,,14.67,-14.67,04/19/2026 19:38:16 GMT,04/19/2026 22:39:20 GMT,2026-04-19T19:38:16.756Z,2026-04-19T22:39:20.052Z,2+ Chet Holmgren Three Pointers Made PHO Suns @ OKC Thunder | 10+ Alex Caruso Points PHO Suns @ OKC Thunder,,Basketball,NBA
639122232413482707,Draftkings Sportsbook,straight,SETTLED_LOSS,1.8403361344537816,1.8975835167827875,-0.0302,29,-29.00,04/19/2026 19:20:42 GMT,04/19/2026 22:39:18 GMT,2026-04-19T19:20:42.441Z,2026-04-19T22:39:18.937Z,3+ Isaiah Hartenstein Assists PHO Suns @ OKC Thunder,,Basketball,NBA
639122234628020065,Draftkings Sportsbook,straight,SETTLED_WIN,1.8620689655172413,2.163743288358981,-0.1394,26,22.41,04/19/2026 19:24:23 GMT,04/19/2026 22:38:58 GMT,2026-04-19T19:24:23.161Z,2026-04-19T22:38:58.362Z,3+ Oso Ighodaro Assists PHO Suns @ OKC Thunder,,Basketball,NBA
639122328450595117,Draftkings Sportsbook,straight,SETTLED_LOSS,1.7142857142857144,,,14,-14.00,04/19/2026 22:00:45 GMT,04/19/2026 22:21:06 GMT,2026-04-19T22:00:45.941Z,2026-04-19T22:21:06.301Z,Scottie Scheffler Live Winner RBC Heritage 2026,,Golf,GOLF
639122303733529134,Draftkings Sportsbook,straight,SETTLED_LOSS,12.25,,,10,-10.00,04/19/2026 21:19:34 GMT,04/19/2026 22:21:02 GMT,2026-04-19T21:19:34.399Z,2026-04-19T22:21:02.608Z,Si Woo Kim Live Winner RBC Heritage 2026,,Golf,GOLF
639121682846575186,Draftkings Sportsbook,parlay,SETTLED_LOSS,4.779999999999999,,,25,-25.00,04/19/2026 04:04:45 GMT,04/19/2026 20:20:00 GMT,2026-04-19T04:04:45.309Z,2026-04-19T20:20:00.000Z,3+ Jayson Tatum Assists PHI 76ers @ BOS Celtics | Scottie Scheffler Gary Woodland vs Aldrich Potgieter 2 Ball - Round 4 Gary Woodland vs Aldrich Potgieter | Gary Woodland 2 Ball - Round 4 Gary Woodland vs Aldrich Potgieter | Jason Day Gary Woodland vs Aldrich Potgieter 2 Ball - Round 4 Gary Woodland vs Aldrich Potgieter,,Basketball | Golf,NBA | GOLF
639122150672439066,Draftkings Sportsbook,parlay,SETTLED_WIN,1.78125,,,8.24,6.43,04/19/2026 17:04:26 GMT,04/19/2026 20:20:00 GMT,2026-04-19T17:04:26.071Z,2026-04-19T20:20:00.000Z,3+ Jayson Tatum Assists PHI 76ers @ BOS Celtics | Gary Woodland 2 Ball - Round 4 Gary Woodland vs Aldrich Potgieter,,Basketball | Golf,NBA | GOLF
639122099134266805,Draftkings Sportsbook,parlay,SETTLED_WIN,5.81,,,28,134.68,04/19/2026 15:38:32 GMT,04/19/2026 19:46:50 GMT,2026-04-19T15:38:32.094Z,2026-04-19T19:46:50.972Z,6+ Jayson Tatum Assists PHI 76ers @ BOS Celtics | Yes Jayson Tatum Double-Double PHI 76ers @ BOS Celtics | BOS Celtics Moneyline PHI 76ers @ BOS Celtics | 2+ Payton Pritchard Three Pointers Made PHI 76ers @ BOS Celtics,,Basketball,NBA
639121543524096662,Draftkings Sportsbook,parlay,SETTLED_WIN,2.08,,,28,30.24,04/19/2026 00:12:32 GMT,04/19/2026 03:41:27 GMT,2026-04-19T00:12:32.734Z,2026-04-19T03:41:27.305Z,Yes LeBron James Double-Double HOU Rockets @ LA Lakers | 6+ LeBron James Rebounds HOU Rockets @ LA Lakers,,Basketball,NBA
639121569174186039,Draftkings Sportsbook,straight,SETTLED_LOSS,1.9090909090909092,,,24.81,-24.81,04/19/2026 00:55:16 GMT,04/19/2026 03:22:01 GMT,2026-04-19T00:55:16.983Z,2026-04-19T03:22:01.351Z,HOU Rockets Live Moneyline HOU Rockets @ LA Lakers,,Basketball,NBA
639121465648792605,Draftkings Sportsbook,parlay,SETTLED_LOSS,3.2,,,22,-22.00,04/18/2026 22:02:45 GMT,04/19/2026 01:10:25 GMT,2026-04-18T22:02:45.991Z,2026-04-19T01:10:25.326Z,Over 13.5 Mitchell Robinson Points + Rebounds O/U ATL Hawks @ NY Knicks | 20+ Nickeil Alexander-Walker Points ATL Hawks @ NY Knicks,,Basketball,NBA
639121152434947158,Draftkings Sportsbook,parlay,SETTLED_WIN,1.9090909090909092,,,55.23,50.20,04/18/2026 13:20:43 GMT,04/18/2026 22:54:45 GMT,2026-04-18T13:20:43.722Z,2026-04-18T22:54:45.462Z,5 or Fewer Tarik Skubal Hits Allowed (X or Fewer) DET Tigers @ BOS Red Sox | Under 1.5 Andruw Monasterio Hits + Runs + RBIs O/U DET Tigers @ BOS Red Sox,,Baseball,MLB
639121134646628406,Draftkings Sportsbook,parlay,SETTLED_WIN,2.48,,,48,71.38,04/18/2026 12:51:05 GMT,04/18/2026 20:50:00 GMT,2026-04-18T12:51:05.646Z,2026-04-18T20:50:00.000Z,Patrick Cantlay 2 Ball - Round 3 Harris English vs Patrick Cantlay | Si Woo Kim 2 Ball - Round 3 Si Woo Kim vs Michael Brennan,,Golf,GOLF
639121253546811764,Draftkings Sportsbook,parlay,SETTLED_LOSS,9.09,,,20,-20.00,04/18/2026 16:09:15 GMT,04/18/2026 20:10:00 GMT,2026-04-18T16:09:15.448Z,2026-04-18T20:10:00.000Z,Over 13.5 Mitchell Robinson Points + Rebounds O/U ATL Hawks @ NY Knicks | 20+ Nickeil Alexander-Walker Points ATL Hawks @ NY Knicks | Over 8.5 Ja'Kobe Walter Points O/U TOR Raptors @ CLE Cavaliers | 12+ Scottie Barnes Rebounds + Assists TOR Raptors @ CLE Cavaliers,,Basketball,NBA
639120862771835780,Draftkings Sportsbook,parlay,SETTLED_LOSS,34.6,,,20,-20.00,04/18/2026 05:17:58 GMT,04/18/2026 15:10:00 GMT,2026-04-18T05:17:58.446Z,2026-04-18T15:10:00.000Z,Over 68.5 Harris English Round Score - Round 3 Harris English vs Patrick Cantlay | Over 1.5 Robert MacIntyre vs Sami Valimaki Robert MacIntyre Bogeys or Worse - Round 3 Robert MacIntyre vs Sami Valimaki | Russell Henley 2 Ball - Round 3 Russell Henley vs Steven Fisk | Over 1.5 Lucas Glover vs Ben Griffin Ben Griffin Bogeys or Worse - Round 3 Lucas Glover vs Ben Griffin | Tommy Fleetwood 2 Ball - Round 3 Tommy Fleetwood vs David Lipsky | Over 1.5 Xander Schauffele vs Patrick Rodgers Xander Schauffele Bogeys or Worse - Round 3 Xander Schauffele vs Patrick Rodgers | Shane Lowry 2 Ball - Round 3 Harry Hall vs Shane Lowry | Sam Burns 2 Ball - Round 3 Sam Burns vs Nick Taylor,,Golf,GOLF
639120802680336942,Draftkings Sportsbook,parlay,SETTLED_WIN,6.25,,,15,78.75,04/18/2026 03:37:47 GMT,04/18/2026 05:13:48 GMT,2026-04-18T03:37:47.529Z,2026-04-18T05:13:48.093Z,8+ Live Jordan Goodwin Rebounds GS Warriors @ PHO Suns | Over 0.5 Live Al Horford Three Pointers Made O/U GS Warriors @ PHO Suns | 20+ Live Brandin Podziemski Points GS Warriors @ PHO Suns,,Basketball,NBA
639120567222059202,Draftkings Sportsbook,parlay,SETTLED_WIN,2.12,2.3523401662779775,-0.0988,50,56.48,04/17/2026 21:05:21 GMT,04/18/2026 05:13:22 GMT,2026-04-17T21:05:21.285Z,2026-04-18T05:13:22.599Z,Under 2.5 Total Home Runs LA Dodgers @ COL Rockies | 3+ Stephen Curry Rebounds GS Warriors @ PHO Suns,,Baseball | Basketball,MLB | NBA
639120755464874700,Draftkings Sportsbook,parlay,SETTLED_LOSS,6.27,,,25,-25.00,04/18/2026 02:19:06 GMT,04/18/2026 05:13:13 GMT,2026-04-18T02:19:06.864Z,2026-04-18T05:13:13.552Z,2+ Live Kristaps Porzingis Three Pointers Made GS Warriors @ PHO Suns | 20+ Live Devin Booker Points GS Warriors @ PHO Suns | 2+ Live Devin Booker Three Pointers Made GS Warriors @ PHO Suns | 4+ Live Stephen Curry Rebounds GS Warriors @ PHO Suns,,Basketball,NBA
639120642592067272,Draftkings Sportsbook,parlay,SETTLED_LOSS,2.19,2.571972198545326,-0.1485,29.05,-29.05,04/17/2026 23:10:59 GMT,04/18/2026 02:32:06 GMT,2026-04-17T23:10:59.154Z,2026-04-18T02:32:06.537Z,Under 1.5 Runs - 1st Inning DET Tigers @ BOS Red Sox | 20+ Desmond Bane Points CHA Hornets @ ORL Magic,,Baseball | Basketball,MLB | NBA
639120566268079050,Draftkings Sportsbook,straight,SETTLED_LOSS,7,,,10,-10.00,04/17/2026 21:03:48 GMT,04/18/2026 01:08:49 GMT,2026-04-17T21:03:48.278Z,2026-04-18T01:08:49.459Z,No Home Run 1st Home Run Type LA Dodgers @ COL Rockies,,Baseball,MLB
639120359824555647,Draftkings Sportsbook,straight,SETTLED_LOSS,1.9090909090909092,,,25,-25.00,04/17/2026 15:19:43 GMT,04/17/2026 20:40:00 GMT,2026-04-17T15:19:43.570Z,2026-04-17T20:40:00.000Z,Over 11.5 Justin Thomas vs Ludvig Aberg Ludvig Aberg Pars - Round 2 Justin Thomas vs Ludvig Aberg,,Golf,GOLF
639119994331811600,Draftkings Sportsbook,parlay,SETTLED_LOSS,49,,,15,-15.00,04/17/2026 05:10:31 GMT,04/17/2026 20:20:00 GMT,2026-04-17T05:10:31.761Z,2026-04-17T20:20:00.000Z,Under 69.5 Rickie Fowler Round Score - Round 2 Kurt Kitayama vs Rickie Fowler | Under 69.5 Akshay Bhatia Round Score - Round 2 Akshay Bhatia vs Nico Echavarria | Under 68.5 Xander Schauffele Round Score - Round 2 Xander Schauffele vs Russell Henley | Over 2.5 Gary Woodland vs Sepp Straka Sepp Straka Bogeys or Worse - Round 2 Gary Woodland vs Sepp Straka | Over 2.5 Chris Gotterup vs Viktor Hovland Viktor Hovland Bogeys or Worse - Round 2 Chris Gotterup vs Viktor Hovland | Over 1.5 Justin Thomas vs Ludvig Aberg Ludvig Aberg Bogeys or Worse - Round 2 Justin Thomas vs Ludvig Aberg,,Golf,GOLF
639120393411460144,Draftkings Sportsbook,straight,SETTLED_WIN,1.7352941176470589,,,30,22.05,04/17/2026 16:15:40 GMT,04/17/2026 20:05:00 GMT,2026-04-17T16:15:40.643Z,2026-04-17T20:05:00.000Z,Over 68.5 J.J. Spaun Round Score - Round 2 J.J. Spaun vs Jacob Bridgeman,,Golf,GOLF
639119936070026897,Draftkings Sportsbook,parlay,SETTLED_LOSS,5.2,,,8.67,-8.67,04/17/2026 03:33:27 GMT,04/17/2026 17:25:00 GMT,2026-04-17T03:33:27.629Z,2026-04-17T17:25:00.000Z,Under 69.5 Akshay Bhatia Round Score - Round 2 Akshay Bhatia vs Nico Echavarria | Collin Morikawa 2 Ball - Round 2 Collin Morikawa vs Shane Lowry | Max Homa 2 Ball - Round 2 Max Homa vs Sudarshan Yellamaraju,,Golf,GOLF
639119411978985432,Draftkings Sportsbook,parlay,SETTLED_LOSS,3.05,,,25,-25.00,04/16/2026 12:59:58 GMT,04/16/2026 20:50:00 GMT,2026-04-16T12:59:58.651Z,2026-04-16T20:50:00.000Z,Nicolai Hojgaard 2 Ball - Round 1 Alex Noren vs Nicolai Hojgaard | Max Homa 2 Ball - Round 1 Max Homa vs Sudarshan Yellamaraju | Scottie Scheffler 2 Ball - Round 1 Matt Fitzpatrick vs Scottie Scheffler,,Golf,GOLF
639119477762228525,Draftkings Sportsbook,straight,SETTLED_WIN,3.38,3.610684371048393,-0.0639,20,47.60,04/16/2026 14:49:36 GMT,04/16/2026 20:35:00 GMT,2026-04-16T14:49:36.626Z,2026-04-16T20:35:00.000Z,LA Angels Moneyline LA Angels @ NY Yankees,,Baseball,MLB
639119563594619540,Draftkings Sportsbook,straight,SETTLED_LOSS,2.02,,,22,-22.00,04/16/2026 17:12:40 GMT,04/16/2026 20:20:00 GMT,2026-04-16T17:12:40.331Z,2026-04-16T20:20:00.000Z,Over 4.5 Collin Morikawa vs Shane Lowry Shane Lowry Birdies or Better - Round 1 Collin Morikawa vs Shane Lowry,,Golf,GOLF
639119436775596771,Draftkings Sportsbook,straight,SETTLED_WIN,1.7692307692307692,,,30,23.07,04/16/2026 13:41:18 GMT,04/16/2026 20:05:00 GMT,2026-04-16T13:41:18.549Z,2026-04-16T20:05:00.000Z,Under 69.5 Patrick Cantlay Round Score - Round 1 Corey Conners vs Patrick Cantlay,,Golf,GOLF
639119436237743656,Draftkings Sportsbook,straight,SETTLED_LOSS,1.9803921568627452,,,22.4,-22.40,04/16/2026 13:40:22 GMT,04/16/2026 17:05:00 GMT,2026-04-16T13:40:22.561Z,2026-04-16T17:05:00.000Z,Under 69.5 Justin Thomas Round Score - Round 1 Justin Thomas vs Ludvig Aberg,,Golf,GOLF
639118902267891065,Draftkings Sportsbook,parlay,SETTLED_LOSS,9.45,,,10,-10.00,04/15/2026 22:50:26 GMT,04/16/2026 05:05:42 GMT,2026-04-15T22:50:26.712Z,2026-04-16T05:05:42.381Z,21+ Darius Garland Points GS Warriors @ LA Clippers | 3+ Stephen Curry Assists GS Warriors @ LA Clippers | Under 13.5 Brandin Podziemski Points O/U GS Warriors @ LA Clippers | 6+ Draymond Green Rebounds GS Warriors @ LA Clippers,,Basketball,NBA
639119063700658369,Draftkings Sportsbook,straight,SETTLED_WIN,1.7692307692307692,,,16.69,12.83,04/16/2026 03:19:30 GMT,04/16/2026 05:05:19 GMT,2026-04-16T03:19:30.465Z,2026-04-16T05:05:19.709Z,Over 13.5 Live Bennedict Mathurin Points O/U GS Warriors @ LA Clippers,,Basketball,NBA
639119029775654372,Draftkings Sportsbook,straight,SETTLED_WIN,2.5,,,15,22.50,04/16/2026 02:22:56 GMT,04/16/2026 05:05:12 GMT,2026-04-16T02:22:56.515Z,2026-04-16T05:05:12.835Z,15+ Live Bennedict Mathurin Points GS Warriors @ LA Clippers,,Basketball,NBA
639119100021554859,Draftkings Sportsbook,parlay,SETTLED_WIN,2.48,,,7.02,10.38,04/16/2026 04:20:00 GMT,04/16/2026 05:04:45 GMT,2026-04-16T04:20:00.847Z,2026-04-16T05:04:45.859Z,Under 6.5 Live Gary Payton II Points O/U GS Warriors @ LA Clippers | Under 7.5 Live De'Anthony Melton Points O/U GS Warriors @ LA Clippers,,Basketball,NBA
639118851736322034,Draftkings Sportsbook,straight,SETTLED_LOSS,1.9523809523809523,2.0529206138241904,-0.0490,25,-25.00,04/15/2026 21:26:13 GMT,04/16/2026 02:33:43 GMT,2026-04-15T21:26:13.256Z,2026-04-16T02:33:43.616Z,22+ Paul George Points ORL Magic @ PHI 76ers,,Basketball,NBA
639118771311648267,Draftkings Sportsbook,straight,SETTLED_WIN,1.8130081300813008,2.0916081877163806,-0.1332,23,18.69,04/15/2026 19:12:12 GMT,04/16/2026 02:32:36 GMT,2026-04-15T19:12:12.193Z,2026-04-16T02:32:36.570Z,10+ Andre Drummond Rebounds ORL Magic @ PHI 76ers,,Basketball,NBA
639118851433871724,Draftkings Sportsbook,parlay,SETTLED_LOSS,6.9,6.652621362492179,0.0372,9,-9.00,04/15/2026 21:25:42 GMT,04/16/2026 02:02:17 GMT,2026-04-15T21:25:42.194Z,2026-04-16T02:02:17.199Z,Under 1.5 Nathan Lukes Hits + Runs + RBIs O/U TOR Blue Jays @ MIL Brewers | Under 1.5 Ian Happ Hits + Runs + RBIs O/U CHI Cubs @ PHI Phillies | Under 1.5 Mauricio Dubon Hits + Runs + RBIs O/U MIA Marlins @ ATL Braves,,Baseball,MLB
639117973718434435,Draftkings Sportsbook,parlay,SETTLED_LOSS,7.06,,,25,-25.00,04/14/2026 21:02:52 GMT,04/15/2026 05:10:00 GMT,2026-04-14T21:02:52.394Z,2026-04-15T05:10:00.000Z,1+ Grant Williams Three Pointers Made MIA Heat @ CHA Hornets | 20+ Jrue Holiday Points + Assists POR Trail Blazers @ PHO Suns | 15+ Mark Williams Points POR Trail Blazers @ PHO Suns,,Basketball,NBA
639118029316407160,Draftkings Sportsbook,parlay,SETTLED_LOSS,4.35,,,13,-13.00,04/14/2026 22:35:30 GMT,04/15/2026 02:39:09 GMT,2026-04-14T22:35:30.092Z,2026-04-15T02:39:09.696Z,20+ LaMelo Ball Points MIA Heat @ CHA Hornets | 3+ Kon Knueppel Three Pointers Made MIA Heat @ CHA Hornets | 10+ Tyler Herro Rebounds + Assists MIA Heat @ CHA Hornets | 20+ Bam Adebayo Points MIA Heat @ CHA Hornets,,Basketball,NBA
639117650050620705,Draftkings Sportsbook,parlay,SETTLED_LOSS,2.3,,,20,-20.00,04/14/2026 12:03:24 GMT,04/15/2026 02:01:24 GMT,2026-04-14T12:03:24.123Z,2026-04-15T02:01:24.622Z,4+ Max Meyer Strikeouts Thrown MIA Marlins @ ATL Braves | Under 0.5 Graham Pauley Runs O/U MIA Marlins @ ATL Braves,,Baseball,MLB
639117993163379043,Draftkings Sportsbook,parlay,SETTLED_LOSS,3,3.2744381030813847,-0.0838,13.93,-13.93,04/14/2026 21:35:16 GMT,04/15/2026 01:40:00 GMT,2026-04-14T21:35:16.946Z,2026-04-15T01:40:00.000Z,7+ Jacob Misiorowski Strikeouts Thrown TOR Blue Jays @ MIL Brewers | 5+ Framber Valdez Strikeouts Thrown KC Royals @ DET Tigers,,Baseball,MLB
639117295638215678,Draftkings Sportsbook,parlay,SETTLED_LOSS,1.8,,,25,-25.00,04/14/2026 02:12:44 GMT,04/15/2026 01:32:19 GMT,2026-04-14T02:12:44.316Z,2026-04-15T01:32:19.655Z,Over 4.5 Shane McClanahan Strikeouts Thrown O/U TB Rays @ CHI White Sox | LA Dodgers +4.5 Live Run Line Alternate NY Mets @ LA Dodgers,,Baseball,MLB
639117293402279297,Draftkings Sportsbook,parlay,SETTLED_LOSS,2.77,3.09369821784012,-0.1046,7.5,-7.50,04/14/2026 02:09:00 GMT,04/15/2026 01:32:19 GMT,2026-04-14T02:09:00.181Z,2026-04-15T01:32:19.291Z,Over 4.5 Mick Abel Strikeouts Thrown O/U BOS Red Sox @ MIN Twins | Over 4.5 Shane McClanahan Strikeouts Thrown O/U TB Rays @ CHI White Sox,,Baseball,MLB
639117277099271429,Draftkings Sportsbook,parlay,SETTLED_WIN,2.24,,,24,29.93,04/14/2026 01:41:49 GMT,04/14/2026 04:34:29 GMT,2026-04-14T01:41:49.593Z,2026-04-14T04:34:29.629Z,Under 1.5 Santiago Espinal Hits + Runs + RBIs O/U NY Mets @ LA Dodgers | 5+ Live Nathan Eovaldi Strikeouts Thrown TEX Rangers @ Athletics,,Baseball,MLB
639116955681434097,Draftkings Sportsbook,parlay,SETTLED_LOSS,2.1,,,15.9,-15.90,04/13/2026 16:46:08 GMT,04/14/2026 02:45:00 GMT,2026-04-13T16:46:08.008Z,2026-04-14T02:45:00.000Z,Under 1.5 Jose Ramirez Hits O/U CLE Guardians @ STL Cardinals | 6+ Gavin Williams Strikeouts Thrown CLE Guardians @ STL Cardinals,,Baseball,MLB
639117123537594388,Draftkings Sportsbook,parlay,SETTLED_LOSS,7.77,6.651344021621194,0.1682,10,-10.00,04/13/2026 21:25:54 GMT,04/14/2026 02:05:00 GMT,2026-04-13T21:25:54.674Z,2026-04-14T02:05:00.000Z,Under 1.5 Jazz Chisholm Hits + Runs + RBIs O/U LA Angels @ NY Yankees | Under 1.5 Jordan Walker Hits + Runs + RBIs O/U CLE Guardians @ STL Cardinals | 1+ Victor Caratini Hits BOS Red Sox @ MIN Twins,,Baseball,MLB
639117108689590493,Draftkings Sportsbook,straight,SETTLED_WIN,6.65,4.8076923076923075,0.3832,10,56.50,04/13/2026 21:01:09 GMT,04/14/2026 02:05:00 GMT,2026-04-13T21:01:09.066Z,2026-04-14T02:05:00.000Z,1+ Mike Trout Home Runs LA Angels @ NY Yankees,,Baseball,MLB
639117151097008833,Draftkings Sportsbook,parlay,SETTLED_LOSS,4.92,4.4695027185626675,0.1008,15,-15.00,04/13/2026 22:11:49 GMT,04/14/2026 01:36:43 GMT,2026-04-13T22:11:49.533Z,2026-04-14T01:36:43.578Z,Under 6.5 Cristopher Sanchez Strikeouts Thrown O/U CHI Cubs @ PHI Phillies | 6+ Ryne Nelson Strikeouts Thrown ARI Diamondbacks @ BAL Orioles,,Baseball,MLB
639116840549943168,Draftkings Sportsbook,parlay,SETTLED_LOSS,1.9090909090909092,,,15,-15.00,04/13/2026 13:34:13 GMT,04/13/2026 22:23:18 GMT,2026-04-13T13:34:13.463Z,2026-04-13T22:23:18.384Z,Under 5.5 George Kirby Strikeouts Thrown O/U HOU Astros @ SEA Mariners | HOU Astros +5.5 Run Line Alternate HOU Astros @ SEA Mariners,,Baseball,MLB
639116330138610029,Draftkings Sportsbook,parlay,SETTLED_WIN,2.09,,,10,10.90,04/12/2026 23:23:34 GMT,04/13/2026 02:07:56 GMT,2026-04-12T23:23:34.217Z,2026-04-13T02:07:56.363Z,ATL Braves Live Moneyline CLE Guardians @ ATL Braves | Over 4.5 Live Total Alternate CLE Guardians @ ATL Braves,,Baseball,MLB
639115694933965305,Draftkings Sportsbook,parlay,SETTLED_LOSS,4.6,,,25,-25.00,04/12/2026 05:44:53 GMT,04/12/2026 23:16:39 GMT,2026-04-12T05:44:53.438Z,2026-04-12T23:16:39.804Z,Cameron Young Live Outright Winner The Masters 2026 | Sam Burns Live Top 10 (Including Ties) The Masters 2026,,Golf,GOLF
639116227947023270,Draftkings Sportsbook,straight,SETTLED_LOSS,23,,,1.83,-1.83,04/12/2026 20:33:14 GMT,04/12/2026 22:57:55 GMT,2026-04-12T20:33:14.682Z,2026-04-12T22:57:55.840Z,Russell Henley Live Outright Winner The Masters 2026,,Golf,GOLF
639115613415929843,Draftkings Sportsbook,straight,SETTLED_WIN,3.28,,,20,45.60,04/12/2026 03:29:01 GMT,04/12/2026 04:04:36 GMT,2026-04-12T03:29:01.713Z,2026-04-12T04:04:36.513Z,Carlos Ulberg: Carlos Ulberg KO/TKO/DQ Jiri Prochazka vs Carlos Ulberg,,MMA,UFC
639115507046512733,Draftkings Sportsbook,parlay,SETTLED_LOSS,4.79,,,25,-25.00,04/12/2026 00:31:44 GMT,04/12/2026 04:02:00 GMT,2026-04-12T00:31:44.540Z,2026-04-12T04:02:00.238Z,Jiri Prochazka Moneyline Jiri Prochazka vs Carlos Ulberg | Paulo Costa +3.5 Point Spread Azamat Murzakanov vs Paulo Costa | BOS Red Sox Live Moneyline BOS Red Sox @ STL Cardinals,,MMA | Baseball,UFC | MLB
639115274063198470,Draftkings Sportsbook,parlay,SETTLED_LOSS,4.9,4.553477480543695,0.0761,15,-15.00,04/11/2026 18:03:26 GMT,04/12/2026 02:10:00 GMT,2026-04-11T18:03:26.239Z,2026-04-12T02:10:00.000Z,BOS Red Sox Moneyline BOS Red Sox @ STL Cardinals | 7+ Kyle Harrison Strikeouts Thrown WAS Nationals @ MIL Brewers,,Baseball,MLB
639115111395530976,Draftkings Sportsbook,straight,SETTLED_LOSS,2.31,,,20,-20.00,04/11/2026 13:32:19 GMT,04/11/2026 21:39:00 GMT,2026-04-11T13:32:19.059Z,2026-04-11T21:39:00.000Z,Under 71.5 Patrick Reed Round Score - Round 3 Patrick Reed vs Justin Rose,,Golf,GOLF
639115267373487894,Draftkings Sportsbook,parlay,SETTLED_WIN,1.65359477124183,,,25,16.23,04/11/2026 17:52:18 GMT,04/11/2026 21:28:00 GMT,2026-04-11T17:52:18.304Z,2026-04-11T21:28:00.000Z,Cameron Young 2 Ball - Round 3 Jason Day vs Cameron Young | Patrick Reed Matchup - Round 3 Tyrrell Hatton vs Patrick Reed | Shane Lowry Matchup - Round 3 Shane Lowry vs Sam Burns,,Golf,GOLF
639115305067320144,Draftkings Sportsbook,straight,SETTLED_LOSS,2.3600000000000003,,,15,-15.00,04/11/2026 18:55:06 GMT,04/11/2026 19:29:52 GMT,2026-04-11T18:55:06.826Z,2026-04-11T19:29:52.187Z,Bogey or Worse Nick Taylor vs Matt Fitzpatrick Live Nick Taylor Hole Score - Hole 11 - Round 3 Nick Taylor vs Matt Fitzpatrick,,Golf,GOLF
639115286377650823,Draftkings Sportsbook,straight,SETTLED_LOSS,2.3,,,20,-20.00,04/11/2026 18:23:58 GMT,04/11/2026 18:50:40 GMT,2026-04-11T18:23:58.539Z,2026-04-11T18:50:40.117Z,Bogey or Worse Ludvig Aberg vs Scottie Scheffler Live Ludvig Aberg Hole Score - Hole 11 - Round 3 Ludvig Aberg vs Scottie Scheffler,,Golf,GOLF
639115107178668418,Draftkings Sportsbook,parlay,SETTLED_LOSS,5.5,,,20,-20.00,04/11/2026 13:25:17 GMT,04/11/2026 16:53:00 GMT,2026-04-11T13:25:17.078Z,2026-04-11T16:53:00.000Z,Jon Rahm 2 Ball - Round 3 Jon Rahm vs Si Woo Kim | Cameron Young 2 Ball - Round 3 Jason Day vs Cameron Young | Jordan Spieth Matchup - Round 3 Viktor Hovland vs Jordan Spieth,,Golf,GOLF
639114709241467830,Draftkings Sportsbook,parlay,SETTLED_LOSS,9.33,,,20,-20.00,04/11/2026 02:22:04 GMT,04/11/2026 05:22:04 GMT,2026-04-11T02:22:04.295Z,2026-04-11T05:22:04.295Z,Yes Deandre Ayton Double-Double PHO Suns @ LA Lakers | Yes Live Bruce Brown Double-Double OKC Thunder @ DEN Nuggets | Yes Live Bez Mbeng Double-Double MEM Grizzlies @ UTA Jazz,,Basketball,NBA
639114694208910536,Draftkings Sportsbook,parlay,SETTLED_LOSS,5.41,,,10,-10.00,04/11/2026 01:57:01 GMT,04/11/2026 04:15:29 GMT,2026-04-11T01:57:01.767Z,2026-04-11T04:15:29.634Z,BOS Red Sox Live Moneyline BOS Red Sox @ STL Cardinals | SD Padres Live Moneyline COL Rockies @ SD Padres,,Baseball,MLB
639114733505689792,Draftkings Sportsbook,straight,SETTLED_LOSS,1.9523809523809523,,,10.52,-10.52,04/11/2026 03:02:30 GMT,04/11/2026 03:34:16 GMT,2026-04-11T03:02:30.211Z,2026-04-11T03:34:16.015Z,Under 247.5 Live Total MEM Grizzlies @ UTA Jazz,,Basketball,NBA
639114594718600054,Draftkings Sportsbook,parlay,SETTLED_LOSS,2,2.243133806424058,-0.1084,30,-30.00,04/10/2026 23:11:11 GMT,04/11/2026 03:15:25 GMT,2026-04-10T23:11:11.564Z,2026-04-11T03:15:25.000Z,Under 15.5 Dustin May Outs O/U BOS Red Sox @ STL Cardinals | SD Padres +3.5 Run Line Alternate COL Rockies @ SD Padres,,Baseball,MLB
639114463627315920,Draftkings Sportsbook,parlay,SETTLED_LOSS,5.04,,,6.3,-6.30,04/10/2026 19:32:42 GMT,04/11/2026 02:12:07 GMT,2026-04-10T19:32:42.908Z,2026-04-11T02:12:07.795Z,15+ Mikal Bridges Points TOR Raptors @ NY Knicks | 10+ Naz Reid Points MIN Timberwolves @ HOU Rockets | 10+ Kon Knueppel Points DET Pistons @ CHA Hornets | 10+ Duncan Robinson Points DET Pistons @ CHA Hornets,,Basketball,NBA
639114511408774667,Draftkings Sportsbook,straight,SETTLED_LOSS,2.05,,,15,-15.00,04/10/2026 20:52:20 GMT,04/10/2026 21:33:57 GMT,2026-04-10T20:52:20.616Z,2026-04-10T21:33:57.630Z,Par Live Rory McIlroy Hole Score - Hole 13 - Round 2 McIlroy v Young v Howell - R2,,Golf,GOLF
639114484846011198,Draftkings Sportsbook,straight,SETTLED_LOSS,2.3600000000000003,,,15,-15.00,04/10/2026 20:08:04 GMT,04/10/2026 20:53:05 GMT,2026-04-10T20:08:04.934Z,2026-04-10T20:53:05.682Z,Birdie or Better Live Tommy Fleetwood Hole Score - Hole 13 - Round 2 Reed v Fleetwood v Bhatia - R2,,Golf,GOLF
639114378046836621,Draftkings Sportsbook,straight,SETTLED_WIN,1.9433962264150944,,,26,24.52,04/10/2026 17:10:04 GMT,04/10/2026 20:44:00 GMT,2026-04-10T17:10:04.550Z,2026-04-10T20:44:00.000Z,Rory McIlroy 3 Ball - Round 2 McIlroy v Young v Howell - R2,,Golf,GOLF
639113929787217714,Draftkings Sportsbook,parlay,SETTLED_LOSS,5.45,,,25,-25.00,04/10/2026 04:42:57 GMT,04/10/2026 20:32:00 GMT,2026-04-10T04:42:57.639Z,2026-04-10T20:32:00.000Z,Hideki Matsuyama Hideki Matsuyama v Collin Morikawa - Round 2 Matsuyama v Morikawa v Henley - R2 | Tommy Fleetwood Tommy Fleetwood v Akshay Bhatia - Round 2 Reed v Fleetwood v Bhatia - R2 | Nicolai Hojgaard Zach Johnson v Nicolai Hojgaard - Round 2 Z.Johnson v M.Kim v N.Hojgaard - R2,,Golf,GOLF
639114240825758578,Draftkings Sportsbook,straight,SETTLED_WIN,1.8771929824561404,,,24,21.05,04/10/2026 13:21:22 GMT,04/10/2026 16:55:00 GMT,2026-04-10T13:21:22.431Z,2026-04-10T16:55:00.000Z,Under 72.5 Brooks Koepka Round Score - Round 2 Spieth v Rose v Koepka - R2,,Golf,GOLF
639113802382407403,Draftkings Sportsbook,straight,SETTLED_WIN,2,,,30,30.00,04/10/2026 01:10:39 GMT,04/10/2026 16:43:00 GMT,2026-04-10T01:10:39.698Z,2026-04-10T16:43:00.000Z,Under 71.5 Ludvig Aberg Round Score - Round 2 Rahm v Gotterup v Aberg - R2,,Golf,GOLF
639113670746661921,Draftkings Sportsbook,parlay,SETTLED_LOSS,11.5,,,10,-10.00,04/09/2026 21:31:13 GMT,04/10/2026 02:12:55 GMT,2026-04-09T21:31:13.986Z,2026-04-10T02:12:55.363Z,3+ Derrick White Three Pointers Made BOS Celtics @ NY Knicks | 6+ Jayson Tatum Assists BOS Celtics @ NY Knicks | 10+ Josh Hart Points BOS Celtics @ NY Knicks | 10+ Jayson Tatum Rebounds BOS Celtics @ NY Knicks,,Basketball,NBA
639113746283901201,Draftkings Sportsbook,parlay,SETTLED_WIN,8.5,,,7.5,56.25,04/09/2026 23:37:09 GMT,04/10/2026 02:12:23 GMT,2026-04-09T23:37:09.170Z,2026-04-10T02:12:23.498Z,2+ Nikola Vucevic Three Pointers Made BOS Celtics @ NY Knicks | 2+ Josh Hart Three Pointers Made BOS Celtics @ NY Knicks,,Basketball,NBA
639113667611214814,Draftkings Sportsbook,parlay,SETTLED_LOSS,11,,,5.8,-5.80,04/09/2026 21:26:01 GMT,04/10/2026 02:02:27 GMT,2026-04-09T21:26:01.382Z,2026-04-10T02:02:27.423Z,Over 5.5 Nolan McLean Strikeouts Thrown O/U ARI Diamondbacks @ NY Mets | 3+ Bo Bichette Total Bases ARI Diamondbacks @ NY Mets,,Baseball,MLB
639113726184883182,Draftkings Sportsbook,straight,SETTLED_LOSS,1.970873786407767,2.1267748478701827,-0.0733,15.4,-15.40,04/09/2026 23:03:39 GMT,04/10/2026 01:42:06 GMT,2026-04-09T23:03:39.242Z,2026-04-10T01:42:06.760Z,15+ Rob Dillingham Points CHI Bulls @ WAS Wizards,,Basketball,NBA
639113164260108048,Draftkings Sportsbook,straight,SETTLED_LOSS,66,68.25938566552901,-0.0331,1.42,-1.42,04/09/2026 07:27:05 GMT,04/09/2026 23:39:32 GMT,2026-04-09T07:27:05.414Z,2026-04-09T23:39:32.209Z,Jacob Bridgeman End of Round 1 Leader The Masters 2026,,Golf,GOLF
639113720624726508,Draftkings Sportsbook,straight,SETTLED_LOSS,2.7199999999999998,,,15,-15.00,04/09/2026 22:54:21 GMT,04/09/2026 23:34:34 GMT,2026-04-09T22:54:21.170Z,2026-04-09T23:34:34.674Z,Bogey or Worse Live Harris English Hole Score - Hole 18 - Round 1 English v Penge v S.W.Kim - R1,,Golf,GOLF
639113573909340870,Draftkings Sportsbook,straight,SETTLED_LOSS,1.9615384615384617,,,24,-24.00,04/09/2026 18:49:49 GMT,04/09/2026 21:49:49 GMT,2026-04-09T18:49:49.307Z,2026-04-09T21:49:49.307Z,Ludvig Aberg Live End of Round 1 - Top 5 Finish The Masters 2026,,Golf,GOLF
639113400750355274,Draftkings Sportsbook,straight,SETTLED_WIN,2.02,,,20,20.40,04/09/2026 14:01:14 GMT,04/09/2026 19:56:00 GMT,2026-04-09T14:01:14.146Z,2026-04-09T19:56:00.000Z,Over 72.5 J.J. Spaun Round Score - Round 1 Spaun v McNealy v Hatton - R1,,Golf,GOLF
639113479318981979,Draftkings Sportsbook,parlay,SETTLED_LOSS,1.8695652173913042,,,23,-23.00,04/09/2026 16:12:11 GMT,04/09/2026 19:44:00 GMT,2026-04-09T16:12:11.126Z,2026-04-09T19:44:00.000Z,Corey Conners Matchup - Round 1 Harris English vs Corey Conners | Jordan Spieth Matchup - Round 1 Justin Thomas vs Jordan Spieth,,Golf,GOLF
639113399494434595,Draftkings Sportsbook,straight,SETTLED_WIN,1.8928571428571428,,,20,17.80,04/09/2026 13:59:10 GMT,04/09/2026 19:03:00 GMT,2026-04-09T13:59:10.326Z,2026-04-09T19:03:00.000Z,Over 72.5 Daniel Berger Round Score - Round 1 Scott v Berger v Harman - R1,,Golf,GOLF
639113130941659397,Draftkings Sportsbook,parlay,SETTLED_LOSS,5.6,,,25,-25.00,04/09/2026 06:31:34 GMT,04/09/2026 18:39:00 GMT,2026-04-09T06:31:34.954Z,2026-04-09T18:39:00.000Z,Jake Knapp Cameron Smith v Jake Knapp - Round 1 Smith v Burns v Knapp - R1 | Nicolai Hojgaard Michael Kim v Nicolai Hojgaard - Round 1 Z.Johnson v M.Kim v N.Hojgaard - R1 | Ludvig Aberg Chris Gotterup v Ludvig Aberg - Round 1 Rahm v Gotterup v Aberg - R1,,Golf,GOLF
639113419811772416,Draftkings Sportsbook,straight,SETTLED_LOSS,23.5,,,1,-1.00,04/09/2026 14:33:01 GMT,04/09/2026 17:33:01 GMT,2026-04-09T14:33:01.155Z,2026-04-09T17:33:01.155Z,Cameron Young Live End of Round 1 Leader The Masters 2026,,Golf,GOLF
639112972149666892,Draftkings Sportsbook,straight,SETTLED_LOSS,6.99,7.808824921541391,-0.1049,5,-5.00,04/09/2026 02:06:55 GMT,04/09/2026 04:43:01 GMT,2026-04-09T02:06:55.229Z,2026-04-09T04:43:01.610Z,Yes Ryan Nembhard Double-Double DAL Mavericks @ PHO Suns,,Basketball,NBA
639112835146855759,Draftkings Sportsbook,straight,SETTLED_WIN,1.9090909090909092,1.9928964299486513,-0.0421,25,22.72,04/08/2026 22:18:34 GMT,04/09/2026 01:50:04 GMT,2026-04-08T22:18:34.811Z,2026-04-09T01:50:04.206Z,Over 23.5 Jarrett Allen Points + Rebounds O/U ATL Hawks @ CLE Cavaliers,,Basketball,NBA
639112909889302042,Draftkings Sportsbook,straight,SETTLED_LOSS,2.4,,,8.4,-8.40,04/09/2026 00:23:09 GMT,04/09/2026 01:40:09 GMT,2026-04-09T00:23:09.105Z,2026-04-09T01:40:09.825Z,20+ Live Bones Hyland Points MIN Timberwolves @ ORL Magic,,Basketball,NBA
639112762014875366,Draftkings Sportsbook,straight,SETTLED_LOSS,3.93,3.2822712812108357,0.1973,20,-20.00,04/08/2026 20:16:41 GMT,04/09/2026 01:19:45 GMT,2026-04-08T20:16:41.481Z,2026-04-09T01:19:45.717Z,7+ Joe Boyle Strikeouts Thrown CHI Cubs @ TB Rays,,Baseball,MLB
639112669802883970,Draftkings Sportsbook,parlay,SETTLED_LOSS,1.900900900900901,2.1794487407342515,-0.1278,21.23,-21.23,04/08/2026 17:43:01 GMT,04/08/2026 23:02:59 GMT,2026-04-08T17:43:01.522Z,2026-04-08T23:02:59.444Z,Under 0.5 Rob Refsnyder Doubles O/U SEA Mariners @ TEX Rangers | 6+ Reid Detmers Strikeouts Thrown ATL Braves @ LA Angels,,Baseball,MLB
639112502282525308,Draftkings Sportsbook,parlay,SETTLED_WIN,3.01,,,25,50.40,04/08/2026 13:03:48 GMT,04/08/2026 21:23:36 GMT,2026-04-08T13:03:48.532Z,2026-04-08T21:23:36.737Z,Under 1.5 Eli White Hits + Runs + RBIs O/U ATL Braves @ LA Angels | 5+ Kyle Bradish Strikeouts Thrown BAL Orioles @ CHI White Sox | Under 1.5 Total Home Runs SD Padres @ PIT Pirates | BOS Red Sox +4.5 Run Line Alternate MIL Brewers @ BOS Red Sox,,Baseball,MLB
639112603017389724,Draftkings Sportsbook,straight,SETTLED_WIN,1.7352941176470589,1.7815665094256976,-0.0260,20,14.70,04/08/2026 15:51:41 GMT,04/08/2026 20:13:31 GMT,2026-04-08T15:51:41.487Z,2026-04-08T20:13:31.266Z,BOS Red Sox Moneyline MIL Brewers @ BOS Red Sox,,Baseball,MLB
639111908188829269,Draftkings Sportsbook,parlay,SETTLED_LOSS,2.06,,,25,-25.00,04/07/2026 20:33:38 GMT,04/08/2026 06:08:56 GMT,2026-04-07T20:33:38.527Z,2026-04-08T06:08:56.120Z,20+ Jalen Green Points HOU Rockets @ PHO Suns | 4+ Kobe Brown Assists MIN Timberwolves @ IND Pacers | 15+ Julius Randle Points MIN Timberwolves @ IND Pacers,,Basketball,NBA
639112092838844367,Draftkings Sportsbook,parlay,SETTLED_LOSS,17.21,,,7.8,-7.80,04/08/2026 01:41:23 GMT,04/08/2026 05:40:00 GMT,2026-04-08T01:41:23.988Z,2026-04-08T05:40:00.000Z,2+ Cason Wallace Three Pointers Made OKC Thunder @ LA Lakers | 2+ Jalen Green Three Pointers Made HOU Rockets @ PHO Suns | 6+ Cooper Flagg Assists DAL Mavericks @ LA Clippers | 8+ Cooper Flagg Rebounds DAL Mavericks @ LA Clippers,,Basketball,NBA
639112120900400881,Draftkings Sportsbook,straight,SETTLED_LOSS,2.8200000000000003,3.40525045781544,-0.1719,5,-5.00,04/08/2026 02:28:09 GMT,04/08/2026 05:17:48 GMT,2026-04-08T02:28:09.472Z,2026-04-08T05:17:48.131Z,Yes Cooper Flagg Double-Double DAL Mavericks @ LA Clippers,,Basketball,NBA
639112115281407612,Draftkings Sportsbook,parlay,SETTLED_LOSS,2.1,,,21,-21.00,04/08/2026 02:18:46 GMT,04/08/2026 04:57:38 GMT,2026-04-08T02:18:46.989Z,2026-04-08T04:57:38.551Z,3+ Isaiah Hartenstein Assists OKC Thunder @ LA Lakers | 1+ Cason Wallace Three Pointers Made OKC Thunder @ LA Lakers,,Basketball,NBA
639111901427668156,Draftkings Sportsbook,parlay,SETTLED_LOSS,20.38,,,15,-15.00,04/07/2026 20:22:22 GMT,04/08/2026 03:10:00 GMT,2026-04-07T20:22:22.823Z,2026-04-08T03:10:00.000Z,6+ Jayson Tatum Assists CHA Hornets @ BOS Celtics | 6+ Isaiah Hartenstein Assists OKC Thunder @ LA Lakers | 4+ Rui Hachimura Rebounds OKC Thunder @ LA Lakers,,Basketball,NBA
639111764957420496,Draftkings Sportsbook,straight,SETTLED_VOID,1.900900900900901,,,21,0.00,04/07/2026 16:34:55 GMT,04/08/2026 02:15:11 GMT,2026-04-07T16:34:55.680Z,2026-04-08T02:15:11.734Z,Over 21.5 Saddiq Bey Points O/U UTA Jazz @ NO Pelicans,,Basketball,NBA
639111728078690095,Draftkings Sportsbook,parlay,SETTLED_WIN,1.925925925925926,1.9869927092795938,-0.0307,28,26.23,04/07/2026 15:33:27 GMT,04/08/2026 02:05:00 GMT,2026-04-07T15:33:27.125Z,2026-04-08T02:05:00.000Z,Under 1.5 Trent Grisham Total Bases O/U Athletics @ NY Yankees | Under 0.5 Joey Wiemer Doubles O/U STL Cardinals @ WAS Nationals,,Baseball,MLB
639111340627057689,Draftkings Sportsbook,parlay,SETTLED_WIN,3.49,,,20,49.80,04/07/2026 04:47:41 GMT,04/08/2026 01:28:59 GMT,2026-04-07T04:47:41.278Z,2026-04-08T01:28:59.336Z,BOS Red Sox Moneyline MIL Brewers @ BOS Red Sox | Under 1.5 Luis Rengifo Total Bases O/U MIL Brewers @ BOS Red Sox | Under 1.5 Runs - 1st Inning MIL Brewers @ BOS Red Sox,,Baseball,MLB
639111646208248496,Draftkings Sportsbook,parlay,SETTLED_LOSS,21.4,,,25,-25.00,04/07/2026 13:17:02 GMT,04/07/2026 20:10:00 GMT,2026-04-07T13:17:02.296Z,2026-04-07T20:10:00.000Z,Under 1.5 Total Home Runs SD Padres @ PIT Pirates | Under 1.5 Total Home Runs STL Cardinals @ WAS Nationals | No Home Run 1st Home Run Type KC Royals @ CLE Guardians,,Baseball,MLB
639110226652997686,Draftkings Sportsbook,parlay,SETTLED_WIN,2,,,20,20.00,04/05/2026 21:51:04 GMT,04/07/2026 03:20:01 GMT,2026-04-05T21:51:04.500Z,2026-04-07T03:20:01.926Z,Michigan -2.5 Spread Alternate - NCAAB UConn @ Michigan | Over 65.5 Michigan Alternate Total Points UConn @ Michigan,,Basketball,NCAAM
639110725042874000,Draftkings Sportsbook,straight,SETTLED_LOSS,1.8695652173913042,1.8084682834480497,0.0338,50,-50.00,04/06/2026 11:41:45 GMT,04/07/2026 02:07:00 GMT,2026-04-06T11:41:45.335Z,2026-04-07T02:07:00.000Z,Under 1.5 Hyeseong Kim Hits + Runs + RBIs O/U LA Dodgers @ TOR Blue Jays,,Baseball,MLB
639110916252715200,Draftkings Sportsbook,straight,SETTLED_LOSS,1.847457627118644,1.9418869427169616,-0.0486,28,-28.00,04/06/2026 17:00:25 GMT,04/07/2026 02:00:00 GMT,2026-04-06T17:00:25.860Z,2026-04-07T02:00:00.000Z,Over 21.5 Onyeka Okongwu Points + Rebounds O/U NY Knicks @ ATL Hawks,,Basketball,NBA
639110477142777375,Draftkings Sportsbook,parlay,SETTLED_LOSS,24.08,,,9.96,-9.96,04/06/2026 04:48:34 GMT,04/07/2026 01:40:00 GMT,2026-04-06T04:48:34.971Z,2026-04-07T01:40:00.000Z,No Home Run 1st Home Run Type DET Tigers @ MIN Twins | 7+ Bubba Chandler Strikeouts Thrown SD Padres @ PIT Pirates | 2+ Jarren Duran Total Bases MIL Brewers @ BOS Red Sox,,Baseball,MLB
639110474571463271,Draftkings Sportsbook,straight,SETTLED_CASH_OUT,7,,,10,0.00,04/06/2026 04:44:17 GMT,04/06/2026 04:48:39 GMT,2026-04-06T04:44:17.701Z,2026-04-06T04:48:39.327Z,No Home Run 1st Home Run Type DET Tigers @ MIN Twins,,Baseball,MLB
639110231792798253,Draftkings Sportsbook,parlay,SETTLED_WIN,5.36,,,13.8,60.16,04/05/2026 21:59:39 GMT,04/06/2026 02:30:00 GMT,2026-04-05T21:59:39.101Z,2026-04-06T02:30:00.000Z,30+ LaMelo Ball Points + Rebounds + Assists CHA Hornets @ MIN Timberwolves | Over 28.5 Donovan Mitchell Points O/U IND Pacers @ CLE Cavaliers | Over 13.5 Luke Kennard Points O/U LA Lakers @ DAL Mavericks,,Basketball,NBA
639110221084391578,Draftkings Sportsbook,parlay,SETTLED_WIN,4.6,,,10,36.00,04/05/2026 21:41:49 GMT,04/06/2026 02:20:00 GMT,2026-04-05T21:41:49.915Z,2026-04-06T02:20:00.000Z,Under 1.5 Thomas Saggese Hits + Runs + RBIs O/U STL Cardinals @ DET Tigers | DET Tigers +3.5 Run Line Alternate STL Cardinals @ DET Tigers | 3+ Keider Montero Strikeouts Thrown STL Cardinals @ DET Tigers | Over 12.5 Keider Montero Outs O/U STL Cardinals @ DET Tigers,,Baseball,MLB
639110235299091742,Draftkings Sportsbook,straight,SETTLED_LOSS,1.8771929824561404,1.9766462560198104,-0.0503,25,-25.00,04/05/2026 22:05:30 GMT,04/06/2026 01:34:57 GMT,2026-04-05T22:05:30.128Z,2026-04-06T01:34:57.164Z,Over 24.5 Jalen Williams Points + Rebounds + Assists O/U UTA Jazz @ OKC Thunder,,Basketball,NBA
639110235970181338,Draftkings Sportsbook,parlay,SETTLED_LOSS,7.83,,,5,-5.00,04/05/2026 22:06:36 GMT,04/06/2026 01:34:55 GMT,2026-04-05T22:06:36.521Z,2026-04-06T01:34:55.063Z,4+ Jalen Williams Assists UTA Jazz @ OKC Thunder | 4+ Cody Williams Rebounds UTA Jazz @ OKC Thunder | 4+ Jalen Williams Rebounds UTA Jazz @ OKC Thunder | 4+ Cody Williams Assists UTA Jazz @ OKC Thunder,,Basketball,NBA
639110132953814134,Draftkings Sportsbook,parlay,SETTLED_WIN,2.19,,,20,23.80,04/05/2026 19:14:56 GMT,04/05/2026 22:02:56 GMT,2026-04-05T19:14:56.093Z,2026-04-05T22:02:56.414Z,5+ Jayson Tatum Assists TOR Raptors @ BOS Celtics | BOS Celtics Moneyline TOR Raptors @ BOS Celtics,,Basketball,NBA
639109947816126991,Draftkings Sportsbook,parlay,SETTLED_LOSS,3.54,,,50,-50.00,04/05/2026 14:06:20 GMT,04/05/2026 21:10:00 GMT,2026-04-05T14:06:20.578Z,2026-04-05T21:10:00.000Z,Under 1.5 Total Home Runs MIL Brewers @ KC Royals | 5+ Kyle Harrison Strikeouts Thrown MIL Brewers @ KC Royals,,Baseball,MLB
639109453581557716,Draftkings Sportsbook,straight,SETTLED_LOSS,1.8928571428571428,2.080687694756187,-0.0903,80.14,-80.14,04/05/2026 00:22:38 GMT,04/05/2026 03:34:00 GMT,2026-04-05T00:22:38.157Z,2026-04-05T03:34:00.973Z,Arizona Moneyline Michigan @ Arizona,,Basketball,NCAAM
639109158201734610,Draftkings Sportsbook,parlay,SETTLED_LOSS,6.88,6.869972932448072,0.0015,25,-25.00,04/04/2026 16:10:20 GMT,04/05/2026 01:43:55 GMT,2026-04-04T16:10:20.023Z,2026-04-05T01:43:55.520Z,7+ Tyler Glasnow Strikeouts Thrown LA Dodgers @ WAS Nationals | 6+ Kumar Rocker Strikeouts Thrown CIN Reds @ TEX Rangers,,Baseball,MLB
639108704797531624,Draftkings Sportsbook,parlay,SETTLED_LOSS,8.64,,,30,-30.00,04/04/2026 03:34:40 GMT,04/05/2026 01:09:00 GMT,2026-04-04T03:34:40.526Z,2026-04-05T01:09:00.000Z,Illinois -1.5 Spread Illinois @ UConn | Under 74.5 Total 1st Half Michigan @ Arizona | Arizona Moneyline Michigan @ Arizona,,Basketball,NCAAM
639109051091791708,Draftkings Sportsbook,straight,SETTLED_WIN,2.25,2.172370787251028,0.0357,20,25.00,04/04/2026 13:11:50 GMT,04/04/2026 23:10:00 GMT,2026-04-04T13:11:50.112Z,2026-04-04T23:10:00.000Z,Under 1.5 Total Home Runs SD Padres @ BOS Red Sox,,Baseball,MLB
639108434835461622,Draftkings Sportsbook,parlay,SETTLED_WIN,1.606060606060606,,,25,15.14,04/03/2026 20:04:43 GMT,04/04/2026 05:09:54 GMT,2026-04-03T20:04:43.386Z,2026-04-04T05:09:54.741Z,Under 0.5 Casey Schmitt RBIs O/U NY Mets @ SF Giants | Under 0.5 Victor Robles Stolen Bases O/U SEA Mariners @ LA Angels | Under 0.5 Brandon Nimmo Doubles O/U CIN Reds @ TEX Rangers,,Baseball,MLB
639108253752156438,Draftkings Sportsbook,parlay,SETTLED_LOSS,5.35,,,15,-15.00,04/03/2026 15:02:53 GMT,04/04/2026 04:14:05 GMT,2026-04-03T15:02:53.726Z,2026-04-04T04:14:05.737Z,5+ Cade Horton Strikeouts Thrown CHI Cubs @ CLE Guardians | 7+ Grant Holmes Strikeouts Thrown ATL Braves @ ARI Diamondbacks,,Baseball,MLB
639108479810723382,Draftkings Sportsbook,parlay,SETTLED_LOSS,11.22,,,5,-5.00,04/03/2026 21:19:41 GMT,04/04/2026 03:40:00 GMT,2026-04-03T21:19:41.203Z,2026-04-04T03:40:00.000Z,Under 20.5 Karl-Anthony Towns Points O/U CHI Bulls @ NY Knicks | 10+ Khris Middleton Points ORL Magic @ DAL Mavericks | 4+ DeMar DeRozan Assists NO Pelicans @ SAC Kings | 25+ DeMar DeRozan Points NO Pelicans @ SAC Kings,,Basketball,NBA
639108354250019909,Draftkings Sportsbook,parlay,SETTLED_LOSS,11.06,,,15,-15.00,04/03/2026 17:50:25 GMT,04/04/2026 02:38:27 GMT,2026-04-03T17:50:25.962Z,2026-04-04T02:38:27.043Z,20+ Paul George Points MIN Timberwolves @ PHI 76ers | 20+ Reed Sheppard Points UTA Jazz @ HOU Rockets | 5+ Mitchell Robinson Rebounds CHI Bulls @ NY Knicks,,Basketball,NBA
639108422734651415,Draftkings Sportsbook,straight,SETTLED_LOSS,1.9523809523809523,1.8186673095449963,0.0735,25,-25.00,04/03/2026 19:44:34 GMT,04/04/2026 01:37:59 GMT,2026-04-03T19:44:34.193Z,2026-04-04T01:37:59.310Z,3+ Porter Martone Shots on Goal PHI Flyers @ NY Islanders,,Ice Hockey,NHL
20HBTZ7S7D,BetMGM,straight,SETTLED_LOSS,2,2.195833333333333,-0.0892,29.4,-29.40,04/02/2026 14:27:48 GMT,04/03/2026 04:45:00 GMT,2026-04-02T14:27:48.967Z,2026-04-03T04:45:00.000Z,Over 0.5 Jung Hoo Lee: Strikeouts San Francisco Giants - New York Mets,,Baseball,MLB
639107014587538651,Draftkings Sportsbook,parlay,SETTLED_LOSS,5.88,,,20,-20.00,04/02/2026 04:37:38 GMT,04/03/2026 04:40:00 GMT,2026-04-02T04:37:38.454Z,2026-04-03T04:40:00.000Z,2+ Corbin Carroll Hits + Runs + RBIs ATL Braves @ ARI Diamondbacks | 3+ Ronald Acuna Jr. Hits + Runs + RBIs ATL Braves @ ARI Diamondbacks,,Baseball,MLB
639107521433526660,Draftkings Sportsbook,parlay,SETTLED_LOSS,5.26,,,25,-25.00,04/02/2026 18:42:23 GMT,04/03/2026 01:55:13 GMT,2026-04-02T18:42:23.576Z,2026-04-03T01:55:13.217Z,6+ Ayo Dosunmu Rebounds MIN Timberwolves @ DET Pistons | 6+ Ayo Dosunmu Assists MIN Timberwolves @ DET Pistons,,Basketball,NBA
639107003587974020,Draftkings Sportsbook,straight,SETTLED_LOSS,2.12,2.2849046325202473,-0.0722,50,-50.00,04/02/2026 04:19:19 GMT,04/03/2026 01:45:22 GMT,2026-04-02T04:19:19.029Z,2026-04-03T01:45:22.026Z,6+ Brandon Miller Rebounds PHO Suns @ CHA Hornets,,Basketball,NBA
639107004136121669,Draftkings Sportsbook,straight,SETTLED_LOSS,1.9433962264150944,1.924546899593223,0.0098,15,-15.00,04/02/2026 04:20:12 GMT,04/03/2026 01:45:13 GMT,2026-04-02T04:20:12.644Z,2026-04-03T01:45:13.018Z,Over 14.5 Dillon Brooks Points O/U PHO Suns @ CHA Hornets,,Basketball,NBA
639106805968952979,Draftkings Sportsbook,parlay,SETTLED_LOSS,9.22,,,15,-15.00,04/01/2026 22:49:56 GMT,04/02/2026 03:10:00 GMT,2026-04-01T22:49:56.919Z,2026-04-02T03:10:00.000Z,Over 12.5 Keldon Johnson Points O/U SA Spurs @ GS Warriors | 20+ Tre Jones Points + Rebounds IND Pacers @ CHI Bulls | 14+ Karl-Anthony Towns Rebounds NY Knicks @ MEM Grizzlies | 1+ OG Anunoby Steals NY Knicks @ MEM Grizzlies,,Basketball,NBA
639106755598435369,Draftkings Sportsbook,parlay,SETTLED_LOSS,24.25,22.958738578163054,0.0562,10.91,-10.91,04/01/2026 21:25:58 GMT,04/02/2026 02:40:00 GMT,2026-04-01T21:25:58.873Z,2026-04-02T02:40:00.000Z,8+ Joe Ryan Strikeouts Thrown MIN Twins @ KC Royals | 2+ Daniel Schneemann Total Bases CLE Guardians @ LA Dodgers,,Baseball,MLB
639106825140020641,Draftkings Sportsbook,parlay,SETTLED_LOSS,7.15,,,15,-15.00,04/01/2026 23:21:53 GMT,04/02/2026 02:37:03 GMT,2026-04-01T23:21:53.851Z,2026-04-02T02:37:03.638Z,6+ Jayson Tatum Assists BOS Celtics @ MIA Heat | HOU Rockets Moneyline MIL Bucks @ HOU Rockets | 25+ Karl-Anthony Towns Points NY Knicks @ MEM Grizzlies | NY Knicks Moneyline NY Knicks @ MEM Grizzlies,,Basketball,NBA
639106763937789038,Draftkings Sportsbook,parlay,SETTLED_LOSS,11.78,,,5,-5.00,04/01/2026 21:39:53 GMT,04/02/2026 02:10:00 GMT,2026-04-01T21:39:53.952Z,2026-04-02T02:10:00.000Z,15+ Jaime Jaquez Jr. Points BOS Celtics @ MIA Heat | 16+ Aaron Gordon Points DEN Nuggets @ UTA Jazz | 23+ Jalen Johnson Points ATL Hawks @ ORL Magic | 15+ Desmond Bane Points ATL Hawks @ ORL Magic,,Basketball,NBA
639106554696749732,Draftkings Sportsbook,straight,SETTLED_LOSS,1.970873786407767,1.9838792987034113,-0.0066,25.9,-25.90,04/01/2026 15:51:10 GMT,04/01/2026 20:55:41 GMT,2026-04-01T15:51:10.784Z,2026-04-01T20:55:41.800Z,1+ Masataka Yoshida Singles BOS Red Sox @ HOU Astros,,Baseball,MLB
639106531153873748,Draftkings Sportsbook,parlay,SETTLED_LOSS,10.04,8.928327792810974,0.1245,10,-10.00,04/01/2026 15:11:55 GMT,04/01/2026 20:05:00 GMT,2026-04-01T15:11:55.811Z,2026-04-01T20:05:00.000Z,Over 14.5 Shane Smith Outs O/U CHI White Sox @ MIA Marlins | Over 1.5 Tarik Skubal Walks Allowed O/U DET Tigers @ ARI Diamondbacks | Under 1.5 Justin Crawford Hits + Runs + RBIs O/U WAS Nationals @ PHI Phillies,,Baseball,MLB
639106524927143957,Draftkings Sportsbook,parlay,SETTLED_LOSS,6.97,,,10,-10.00,04/01/2026 15:01:32 GMT,04/01/2026 19:33:50 GMT,2026-04-01T15:01:32.175Z,2026-04-01T19:33:50.380Z,2+ Oneil Cruz Total Bases PIT Pirates @ CIN Reds | Under 2.5 Nathan Eovaldi Earned Runs Allowed O/U TEX Rangers @ BAL Orioles | Under 5.5 Nathan Eovaldi Hits Allowed O/U TEX Rangers @ BAL Orioles,,Baseball,MLB
639106180241694838,Draftkings Sportsbook,parlay,SETTLED_LOSS,5.71,3.0810021076045904,0.8533,20,-20.00,04/01/2026 05:27:05 GMT,04/01/2026 19:16:22 GMT,2026-04-01T05:27:05.226Z,2026-04-01T19:16:22.000Z,1+ Ronald Acuna Jr. Singles Athletics @ ATL Braves | Under 1.5 Total Home Runs LA Angels @ CHI Cubs,,Baseball,MLB
639106471158459899,Draftkings Sportsbook,parlay,SETTLED_CASH_OUT,13.23,10.57990914958615,0.2505,25,-3.09,04/01/2026 13:31:56 GMT,04/01/2026 18:35:17 GMT,2026-04-01T13:31:56.150Z,2026-04-01T18:35:17.949Z,Under 5.5 Mike Burrows Strikeouts Thrown O/U BOS Red Sox @ HOU Astros | 8+ Sandy Alcantara Strikeouts Thrown CHI White Sox @ MIA Marlins,,Baseball,MLB
639106578369366448,Draftkings Sportsbook,straight,SETTLED_WIN,2.45,,,20,29.00,04/01/2026 16:30:36 GMT,04/01/2026 18:06:08 GMT,2026-04-01T16:30:36.689Z,2026-04-01T18:06:08.666Z,Under 6.5 Live Chris Sale Strikeouts Thrown O/U Athletics @ ATL Braves,,Baseball,MLB
20H90YGHEL,BetMGM,straight,SETTLED_LOSS,2.65,2.6428587715068828,0.0027,15,-15.00,03/31/2026 14:26:53 GMT,04/01/2026 02:40:00 GMT,2026-03-31T14:26:53.273Z,2026-04-01T02:40:00.000Z,Yes Christian Yelich to record 2+ bases Milwaukee Brewers - Tampa Bay Rays,,Baseball,MLB
639105913481512171,Draftkings Sportsbook,parlay,SETTLED_LOSS,14.2,,,20,-20.00,03/31/2026 22:02:28 GMT,04/01/2026 02:39:15 GMT,2026-03-31T22:02:28.040Z,2026-04-01T02:39:15.338Z,5+ Brayan Bello Strikeouts Thrown BOS Red Sox @ HOU Astros | 7+ Jose Soriano Strikeouts Thrown LA Angels @ CHI Cubs,,Baseball,MLB
639105586964668548,Draftkings Sportsbook,straight,SETTLED_WIN,9.25,,,25,206.25,03/31/2026 12:58:14 GMT,04/01/2026 02:39:10 GMT,2026-03-31T12:58:14.821Z,2026-04-01T02:39:10.055Z,No Home Run 1st Home Run Type LA Angels @ CHI Cubs,,Baseball,MLB
20H90J0DXS,BetMGM,straight,SETTLED_LOSS,1.7142857142857144,1.706410017359601,0.0046,30,-30.00,03/31/2026 14:14:38 GMT,04/01/2026 01:40:00 GMT,2026-03-31T14:14:38.737Z,2026-04-01T01:40:00.000Z,Under 0.5 Sal Stewart: RBI's Cincinnati Reds - Pittsburgh Pirates,,Baseball,MLB
639105916893923669,Draftkings Sportsbook,parlay,SETTLED_LOSS,5,4.150617686376331,0.2046,20,-20.00,03/31/2026 22:08:10 GMT,04/01/2026 01:40:00 GMT,2026-03-31T22:08:10.145Z,2026-04-01T01:40:00.000Z,Under 1.5 Trea Turner Hits O/U WAS Nationals @ PHI Phillies | Over 14.5 Janson Junk Outs O/U CHI White Sox @ MIA Marlins | Under 0.5 Jake Fraley Runs O/U TB Rays @ MIL Brewers,,Baseball,MLB
639105733278323763,Draftkings Sportsbook,parlay,SETTLED_LOSS,5.7,,,25,-25.00,03/31/2026 17:02:06 GMT,04/01/2026 01:40:00 GMT,2026-03-31T17:02:06.371Z,2026-04-01T01:40:00.000Z,Under 2.5 Total Home Runs LA Angels @ CHI Cubs | Under 1.5 Kazuma Okamoto Hits + Runs + RBIs O/U COL Rockies @ TOR Blue Jays | Under 1.5 Justin Crawford Hits + Runs + RBIs O/U WAS Nationals @ PHI Phillies,,Baseball,MLB
639105857498322054,Draftkings Sportsbook,parlay,SETTLED_WIN,2.76,,,15,26.40,03/31/2026 20:29:10 GMT,04/01/2026 01:40:00 GMT,2026-03-31T20:29:10.422Z,2026-04-01T01:40:00.000Z,Under 1.5 Eugenio Suarez Total Bases O/U PIT Pirates @ CIN Reds | Under 1.5 Marcell Ozuna Total Bases O/U PIT Pirates @ CIN Reds,,Baseball,MLB
639104954850524432,Draftkings Sportsbook,parlay,SETTLED_WIN,4.87,5.171396307036833,-0.0583,25,96.75,03/30/2026 19:24:46 GMT,03/31/2026 05:10:41 GMT,2026-03-30T19:24:46.612Z,2026-03-31T05:10:41.000Z,Under 1.5 Ryan Vilade Hits + Runs + RBIs O/U TB Rays @ MIL Brewers | Under 1.5 Parker Meadows Hits + Runs + RBIs O/U DET Tigers @ ARI Diamondbacks | Under 2.5 Luis Castillo Earned Runs Allowed O/U NY Yankees @ SEA Mariners,,Baseball,MLB
639105242092265302,Draftkings Sportsbook,straight,SETTLED_CASH_OUT,2.5,,,18,-14.09,03/31/2026 03:23:27 GMT,03/31/2026 04:45:21 GMT,2026-03-31T03:23:27.655Z,2026-03-31T04:45:21.787Z,Over 1.5 Live Parker Meadows Hits + Runs + RBIs O/U DET Tigers @ ARI Diamondbacks,,Baseball,MLB
639105134333134948,Draftkings Sportsbook,parlay,SETTLED_WIN,2.0300000000000002,2.2251415494251963,-0.0877,25,25.86,03/31/2026 00:23:53 GMT,03/31/2026 04:37:17 GMT,2026-03-31T00:23:53.274Z,2026-03-31T04:37:17.879Z,Over 3.5 Ayo Dosunmu Rebounds O/U MIN Timberwolves @ DAL Mavericks | Under 0.5 Rob Refsnyder Doubles O/U NY Yankees @ SEA Mariners,,Basketball | Baseball,NBA | MLB
639105108869877916,Draftkings Sportsbook,parlay,SETTLED_LOSS,8.15,,,10,-10.00,03/30/2026 23:41:26 GMT,03/31/2026 03:10:19 GMT,2026-03-30T23:41:26.703Z,2026-03-31T03:10:19.000Z,5+ Ranger Suarez Strikeouts Thrown BOS Red Sox @ HOU Astros | 5+ Ryan Weathers Strikeouts Thrown NY Yankees @ SEA Mariners | Under 15.5 Justin Verlander Outs O/U DET Tigers @ ARI Diamondbacks | Under 1.5 Live Pete Crow-Armstrong Hits O/U LA Angels @ CHI Cubs,,Baseball,MLB
639104870163588750,Draftkings Sportsbook,parlay,SETTLED_LOSS,18.9,14.067478219329502,0.3435,20,-20.00,03/30/2026 17:03:36 GMT,03/31/2026 02:57:24 GMT,2026-03-30T17:03:36.839Z,2026-03-31T02:57:24.876Z,Over 1.5 Chase Burns Walks Allowed O/U PIT Pirates @ CIN Reds | Under 1.5 Brandon Lockridge Hits + Runs + RBIs O/U TB Rays @ MIL Brewers | Over 3.5 Alternate BOS Red Sox Total Runs BOS Red Sox @ HOU Astros | 6+ Jack Leiter Strikeouts Thrown TEX Rangers @ BAL Orioles,,Baseball,MLB
639105141987994332,Draftkings Sportsbook,parlay,SETTLED_LOSS,3.48,,,15,-15.00,03/31/2026 00:36:39 GMT,03/31/2026 02:47:20 GMT,2026-03-31T00:36:39.151Z,2026-03-31T02:47:20.073Z,Under 3.5 Live BOS Red Sox: Team Total Runs BOS Red Sox @ HOU Astros | Over 1.5 Live Brandon Lockridge Hits + Runs + RBIs O/U TB Rays @ MIL Brewers,,Baseball,MLB
639104982700661546,Draftkings Sportsbook,straight,SETTLED_LOSS,6.91,5.4344423721956545,0.2715,10,-10.00,03/30/2026 20:11:11 GMT,03/31/2026 02:28:31 GMT,2026-03-30T20:11:11.052Z,2026-03-31T02:28:31.262Z,1+ Juan Soto Home Runs NY Mets @ STL Cardinals,,Baseball,MLB
639104335198455739,Draftkings Sportsbook,parlay,SETTLED_LOSS,12,,,5,-5.00,03/30/2026 02:11:59 GMT,03/30/2026 04:56:24 GMT,2026-03-30T02:11:59.345Z,2026-03-30T04:56:24.193Z,Yes Kristaps Porzingis Double-Double GS Warriors @ DEN Nuggets | Over 1.5 Kristaps Porzingis Three Pointers Made O/U GS Warriors @ DEN Nuggets,,Basketball,NBA
639104086309401739,Draftkings Sportsbook,parlay,SETTLED_LOSS,9.03,,,15,-15.00,03/29/2026 19:17:10 GMT,03/30/2026 02:25:19 GMT,2026-03-29T19:17:10.684Z,2026-03-30T02:25:19.162Z,25+ Jayson Tatum Points BOS Celtics @ CHA Hornets | Yes Karl-Anthony Towns Double-Double NY Knicks @ OKC Thunder | 2+ Chet Holmgren Three Pointers Made NY Knicks @ OKC Thunder,,Basketball,NBA
639104117147248806,Draftkings Sportsbook,parlay,SETTLED_LOSS,4.9,,,20,-20.00,03/29/2026 20:08:35 GMT,03/30/2026 02:09:45 GMT,2026-03-29T20:08:35.463Z,2026-03-30T02:09:45.257Z,Over 8.5 Total Alternate CLE Guardians @ SEA Mariners | SEA Mariners Moneyline CLE Guardians @ SEA Mariners | 2+ Slade Cecconi Strikeouts Thrown CLE Guardians @ SEA Mariners,,Baseball,MLB
639104305538671120,Draftkings Sportsbook,straight,SETTLED_WIN,2.08,,,30,32.40,03/30/2026 01:22:34 GMT,03/30/2026 01:59:42 GMT,2026-03-30T01:22:34.296Z,2026-03-30T01:59:42.091Z,Under 8.5 Live Total CLE Guardians @ SEA Mariners,,Baseball,MLB
639103895904436880,Draftkings Sportsbook,parlay,SETTLED_LOSS,4.720000000000001,,,25,-25.00,03/29/2026 13:59:50 GMT,03/29/2026 23:22:48 GMT,2026-03-29T13:59:50.279Z,2026-03-29T23:22:48.767Z,Michigan -1.5 Spread Alternate - NCAAB Tennessee @ Michigan | UConn Race to 10 Points UConn @ Duke | UConn +5.5 Spread UConn @ Duke,,Basketball,NCAAM
639104084100625682,Draftkings Sportsbook,parlay,SETTLED_LOSS,14.8,,,15,-15.00,03/29/2026 19:13:31 GMT,03/29/2026 22:42:00 GMT,2026-03-29T19:13:31.199Z,2026-03-29T22:42:00.000Z,Yes Jericho Sims Double-Double LA Clippers @ MIL Bucks | 7+ Jayson Tatum Assists BOS Celtics @ CHA Hornets | 15+ Kristaps Porzingis Points + Rebounds GS Warriors @ DEN Nuggets,,Basketball,NBA
639103141925705516,Draftkings Sportsbook,parlay,SETTLED_WIN,4.91,4.314840493561442,0.1379,30,117.30,03/28/2026 17:03:13 GMT,03/29/2026 20:37:44 GMT,2026-03-28T17:03:13.207Z,2026-03-29T20:37:44.323Z,Illinois -6.5 Spread Iowa @ Illinois | Arizona -2.5 Spread Alternate - NCAAB Purdue @ Arizona | Michigan -1.5 Spread Alternate - NCAAB Tennessee @ Michigan,,Basketball,NCAAM
639103569606105686,Draftkings Sportsbook,straight,SETTLED_LOSS,3.73,2.4287381806871386,0.5358,20,-20.00,03/29/2026 04:56:00 GMT,03/29/2026 20:34:51 GMT,2026-03-29T04:56:00.913Z,2026-03-29T20:34:51.142Z,7+ Connelly Early Strikeouts Thrown BOS Red Sox @ CIN Reds,,Baseball,MLB
639103432389749924,Draftkings Sportsbook,straight,SETTLED_LOSS,5.19,6.060374666666665,-0.1436,0.1,-0.10,03/29/2026 01:07:18 GMT,03/29/2026 03:51:35 GMT,2026-03-29T01:07:18.904Z,2026-03-29T03:51:35.592Z,9+ Tyler Glasnow Strikeouts Thrown ARI Diamondbacks @ LA Dodgers,,Baseball,MLB
639103060791201049,Draftkings Sportsbook,parlay,SETTLED_LOSS,21.87,14.226779334484904,0.5372,20,-20.00,03/28/2026 14:47:58 GMT,03/29/2026 03:51:34 GMT,2026-03-28T14:47:58.829Z,2026-03-29T03:51:34.085Z,2+ Nico Hoerner Total Bases WAS Nationals @ CHI Cubs | 9+ Tyler Glasnow Strikeouts Thrown ARI Diamondbacks @ LA Dodgers,,Baseball,MLB
639103366031352220,Draftkings Sportsbook,parlay,SETTLED_WIN,2.15,,,23.28,26.85,03/28/2026 23:16:43 GMT,03/29/2026 03:05:12 GMT,2026-03-28T23:16:43.332Z,2026-03-29T03:05:12.162Z,Illinois Live Moneyline Iowa @ Illinois | Arizona Moneyline Purdue @ Arizona,,Basketball,NCAAM
639102412831460691,Draftkings Sportsbook,parlay,SETTLED_LOSS,7.93,9.359438501648647,-0.1527,5,-5.00,03/27/2026 20:48:03 GMT,03/28/2026 05:10:00 GMT,2026-03-27T20:48:03.039Z,2026-03-28T05:10:00.000Z,7+ Gavin Williams Strikeouts Thrown CLE Guardians @ SEA Mariners | 7+ Emmet Sheehan Strikeouts Thrown ARI Diamondbacks @ LA Dodgers,,Baseball,MLB
639102187683655136,Draftkings Sportsbook,straight,SETTLED_WIN,3.09,2.4216385078638796,0.2760,20,41.80,03/27/2026 14:32:48 GMT,03/28/2026 05:10:00 GMT,2026-03-27T14:32:48.548Z,2026-03-28T05:10:00.000Z,2+ Ketel Marte Total Bases ARI Diamondbacks @ LA Dodgers,,Baseball,MLB
639102597181870256,Draftkings Sportsbook,parlay,SETTLED_WIN,2.0300000000000002,2.194598387800617,-0.0750,25,25.88,03/28/2026 01:55:19 GMT,03/28/2026 05:03:02 GMT,2026-03-28T01:55:19.335Z,2026-03-28T05:03:02.316Z,LA Dodgers Moneyline ARI Diamondbacks @ LA Dodgers | Tennessee +8.5 Spread Alternate - NCAAB Tennessee @ Iowa State,,Baseball | Basketball,MLB | NCAAM
20H3F27JLU,BetMGM,straight,SETTLED_LOSS,2.1,2.2454351615300876,-0.0648,58,-58.00,03/27/2026 16:34:34 GMT,03/28/2026 04:45:00 GMT,2026-03-27T16:34:34.737Z,2026-03-28T04:45:00.000Z,Michigan St Moneyline Michigan State at Connecticut (Neutral Venue),,Basketball,NCAAM
639102262189467726,Draftkings Sportsbook,straight,SETTLED_LOSS,7.4,7.227619267343195,0.0239,5,-5.00,03/27/2026 16:36:57 GMT,03/28/2026 04:28:38 GMT,2026-03-27T16:36:57.736Z,2026-03-28T04:28:38.264Z,9+ Gavin Williams Strikeouts Thrown CLE Guardians @ SEA Mariners,,Baseball,MLB
639102598958815896,Draftkings Sportsbook,parlay,SETTLED_LOSS,3.34,,,15,-15.00,03/28/2026 01:58:14 GMT,03/28/2026 04:15:48 GMT,2026-03-28T01:58:14.970Z,2026-03-28T04:15:48.918Z,Michigan State Moneyline Michigan State @ UConn | Michigan State Race to 10 Points - 1st Half Michigan State @ UConn,,Basketball,NCAAM
639101857639851767,Draftkings Sportsbook,parlay,SETTLED_WIN,2.02,,,30,30.60,03/27/2026 05:22:43 GMT,03/28/2026 04:15:02 GMT,2026-03-27T05:22:43.943Z,2026-03-28T04:15:02.388Z,Duke Moneyline St. Johns @ Duke | Michigan Moneyline Alabama @ Michigan | Michigan State +14.5 Spread Alternate - NCAAB Michigan State @ UConn,,Basketball,NCAAM
639101788788453627,Draftkings Sportsbook,straight,SETTLED_LOSS,2,,,11.03,-11.03,03/27/2026 03:28:00 GMT,03/27/2026 04:26:16 GMT,2026-03-27T03:28:00.088Z,2026-03-27T04:26:16.131Z,6+ Live Arizona Team Threes Made Arkansas @ Arizona,,Basketball,NCAAM
639101722333883833,Draftkings Sportsbook,parlay,SETTLED_CASH_OUT,2,2.217536836281382,-0.0981,40.61,-29.58,03/27/2026 01:37:13 GMT,03/27/2026 03:26:31 GMT,2026-03-27T01:37:13.333Z,2026-03-27T03:26:31.995Z,Houston Moneyline Illinois @ Houston | Arkansas +18.5 Spread Alternate - NCAAB Arkansas @ Arizona,,Basketball,NCAAM
639101291913047065,Draftkings Sportsbook,parlay,SETTLED_LOSS,4.01,3.695153077318705,0.0852,30,-30.00,03/26/2026 13:39:50 GMT,03/27/2026 02:30:00 GMT,2026-03-26T13:39:50.774Z,2026-03-27T02:30:00.000Z,Nebraska -1.5 Spread Iowa @ Nebraska | Purdue -1.5 Spread Alternate - NCAAB Texas @ Purdue | Illinois +9.5 Spread Alternate - NCAAB Illinois @ Houston,,Basketball,NCAAM
639101676110965239,Draftkings Sportsbook,parlay,SETTLED_LOSS,2.46,,,15,-15.00,03/27/2026 00:20:10 GMT,03/27/2026 01:33:10 GMT,2026-03-27T00:20:10.450Z,2026-03-27T01:33:10.099Z,Over 74.5 Live Total Alternate - 2nd Half Texas @ Purdue | Purdue Live Moneyline 2nd Half Texas @ Purdue,,Basketball,NCAAM
20H0MN0H2X,BetMGM,straight,SETTLED_LOSS,5.25,4.681818181818182,0.1214,10,-10.00,03/25/2026 16:54:43 GMT,03/26/2026 23:10:00 GMT,2026-03-25T16:54:43.597Z,2026-03-26T23:10:00.000Z,Over 0.5 Yordan Alvarez (HOU): Home runs Los Angeles Angels at Houston Astros,,Baseball,MLB
639101359139805907,Draftkings Sportsbook,straight,SETTLED_WIN,1.641025641025641,1.685909829039231,-0.0266,10,6.41,03/26/2026 15:31:52 GMT,03/26/2026 22:43:41 GMT,2026-03-26T15:31:52.576Z,2026-03-26T22:43:41.581Z,BOS Red Sox Moneyline BOS Red Sox @ CIN Reds,,Baseball,MLB
639101358994169672,Draftkings Sportsbook,straight,SETTLED_WIN,1.9615384615384617,1.685909829039231,0.1635,20,19.20,03/26/2026 15:31:39 GMT,03/26/2026 22:43:33 GMT,2026-03-26T15:31:39.372Z,2026-03-26T22:43:33.246Z,BOS Red Sox Moneyline BOS Red Sox @ CIN Reds,,Baseball,MLB
20H0MMYKTB,BetMGM,straight,SETTLED_CASH_OUT,7.25,6.777777777777777,0.0697,5,0.00,03/25/2026 16:53:41 GMT,03/26/2026 21:20:00 GMT,2026-03-25T16:53:41.827Z,2026-03-26T21:20:00.000Z,Over 0.5 James Wood (WAS): Home runs Washington Nationals at Chicago Cubs,,Baseball,MLB
20H0MNZNLL,BetMGM,straight,SETTLED_CASH_OUT,5.75,5.317959259189117,0.0812,5,0.00,03/25/2026 16:54:21 GMT,03/26/2026 20:15:00 GMT,2026-03-25T16:54:21.067Z,2026-03-26T20:15:00.000Z,Over 0.5 Oneil Cruz (PIT): Home runs Pittsburgh Pirates at New York Mets,,Baseball,MLB
639101361154144999,Draftkings Sportsbook,parlay,SETTLED_LOSS,4.9,5.353383906523781,-0.0847,13.8,-13.80,03/26/2026 15:35:16 GMT,03/26/2026 20:15:00 GMT,2026-03-26T15:35:16.695Z,2026-03-26T20:15:00.000Z,Under 0.5 Runs - 1st Inning DET Tigers @ SD Padres | Under 0.5 Runs - 1st Inning TEX Rangers @ PHI Phillies | Under 0.5 Runs - 1st Inning PIT Pirates @ NY Mets,,Baseball,MLB
639099788227302777,Draftkings Sportsbook,straight,SETTLED_LOSS,4.59,3.006756756756757,0.5266,20,-20.00,03/24/2026 19:53:43 GMT,03/26/2026 03:03:30 GMT,2026-03-24T19:53:43.039Z,2026-03-26T03:03:30.348Z,1+ Giancarlo Stanton Walks NY Yankees @ SF Giants,,Baseball,MLB
639100854889298115,Draftkings Sportsbook,straight,SETTLED_LOSS,2.35,,,15,-15.00,03/26/2026 01:31:28 GMT,03/26/2026 01:52:42 GMT,2026-03-26T01:31:28.989Z,2026-03-26T01:52:42.251Z,Under 6.5 Live Logan Webb Strikeouts Thrown O/U NY Yankees @ SF Giants,,Baseball,MLB
639099770103498786,Draftkings Sportsbook,parlay,SETTLED_WIN,1.8403361344537816,1.9902074156862521,-0.0753,25,21.08,03/24/2026 19:23:31 GMT,03/25/2026 02:14:21 GMT,2026-03-24T19:23:31.466Z,2026-03-25T02:14:21.461Z,Over 4.5 Trey Murphy III Rebounds O/U NO Pelicans @ NY Knicks | CHA Hornets Moneyline SAC Kings @ CHA Hornets,,Basketball,NBA
639099158058297352,Draftkings Sportsbook,straight,SETTLED_WIN,1.8333333333333335,,,75,62.50,03/24/2026 02:23:26 GMT,03/24/2026 04:46:15 GMT,2026-03-24T02:23:26.438Z,2026-03-24T04:46:15.567Z,Under 9.5 Live Daniel Gafford Rebounds O/U GS Warriors @ DAL Mavericks,,Basketball,NBA
639098817162122946,Draftkings Sportsbook,parlay,SETTLED_CASH_OUT,25.4,16.28713966684755,0.5595,11.49,38.73,03/23/2026 16:55:15 GMT,03/24/2026 03:36:14 GMT,2026-03-23T16:55:15.972Z,2026-03-24T03:36:14.334Z,Yes Daniel Gafford Double-Double GS Warriors @ DAL Mavericks | Yes Deandre Ayton Double-Double LA Lakers @ DET Pistons,,Basketball,NBA
639099021100092838,Draftkings Sportsbook,parlay,SETTLED_LOSS,5.12,4.266141360816827,0.2001,25,-25.00,03/23/2026 22:35:09 GMT,03/24/2026 02:10:00 GMT,2026-03-23T22:35:09.480Z,2026-03-24T02:10:00.000Z,10+ Jared McCain Points OKC Thunder @ PHI 76ers | 4+ Reed Sheppard Assists HOU Rockets @ CHI Bulls | LA Lakers -1.5 Spread LA Lakers @ DET Pistons,,Basketball,NBA
20GWZ0Y7FG,BetMGM,straight,SETTLED_LOSS,1.9803921568627452,2.0179538048317887,-0.0186,50,-50.00,03/23/2026 01:36:55 GMT,03/23/2026 04:45:00 GMT,2026-03-23T01:36:55.200Z,2026-03-23T04:45:00.000Z,Texas Tech Moneyline Texas Tech at Alabama (Neutral Venue),,Basketball,NCAAM
639097549939599695,Draftkings Sportsbook,parlay,SETTLED_WIN,5.62,4.432872567830461,0.2678,30,138.60,03/22/2026 05:43:12 GMT,03/23/2026 03:25:46 GMT,2026-03-22T05:43:12.894Z,2026-03-23T03:25:46.883Z,Tennessee -1.5 Spread Tennessee @ Virginia | Purdue Moneyline Miami FL @ Purdue | UConn -1.5 Spread Alternate - NCAAB UCLA @ UConn,,Basketball,NCAAM
639097898722550384,Draftkings Sportsbook,parlay,SETTLED_WIN,4.79,5.141502428505547,-0.0684,25,94.75,03/22/2026 15:24:32 GMT,03/23/2026 03:25:46 GMT,2026-03-22T15:24:32.436Z,2026-03-23T03:25:46.823Z,UConn -1.5 Spread Alternate - NCAAB UCLA @ UConn | Kansas +3.5 Spread St. Johns @ Kansas | Iowa State Moneyline Kentucky @ Iowa State,,Basketball,NCAAM
20GWHUK18T,BetMGM,parlay,SETTLED_LOSS,1.8,1.94168575086805,-0.0730,30,-30.00,03/22/2026 18:35:27 GMT,03/23/2026 02:10:00 GMT,2026-03-22T18:35:27.663Z,2026-03-23T02:10:00.000Z,Iowa State 1st half moneyline Kentucky at Iowa State (Neutral Venue) | Florida Moneyline Iowa at Florida (Neutral Venue),,Basketball,NCAAM
639097926755499575,Draftkings Sportsbook,parlay,SETTLED_LOSS,5.38,6.440812024586138,-0.1647,50,0.00,03/22/2026 16:11:15 GMT,03/23/2026 02:10:00 GMT,2026-03-22T16:11:15.185Z,2026-03-23T02:10:00.000Z,Iowa State -5.5 Spread Kentucky @ Iowa State | Texas Tech -1.5 Spread Texas Tech @ Alabama | Arizona Moneyline Utah State @ Arizona | Florida Moneyline Iowa @ Florida,,Basketball,NCAAM
639097462821298477,Draftkings Sportsbook,straight,SETTLED_WIN,1.3355704697986577,,,58,19.46,03/22/2026 03:18:02 GMT,03/22/2026 03:51:48 GMT,2026-03-22T03:18:02.978Z,2026-03-22T03:51:48.696Z,Arkansas Live Moneyline High Point @ Arkansas,,Basketball,NCAAM
639097334973084090,Draftkings Sportsbook,parlay,SETTLED_LOSS,5.42,4.9770279949997045,0.0890,20,-20.00,03/21/2026 23:44:56 GMT,03/22/2026 03:45:00 GMT,2026-03-21T23:44:56.252Z,2026-03-22T03:45:00.000Z,Arkansas -12.5 Spread High Point @ Arkansas | Vanderbilt -2.5 Spread Vanderbilt @ Nebraska | Illinois Moneyline VCU @ Illinois,,Basketball,NCAAM
639097323851414990,Draftkings Sportsbook,parlay,SETTLED_LOSS,1.99009900990099,2.2266337370626816,-0.1062,40,-40.00,03/21/2026 23:26:25 GMT,03/22/2026 03:45:00 GMT,2026-03-21T23:26:25.340Z,2026-03-22T03:45:00.000Z,Vanderbilt Moneyline Vanderbilt @ Nebraska | Arkansas -1.5 Spread Alternate - NCAAB High Point @ Arkansas,,Basketball,NCAAM
20GTZSZES9,BetMGM,parlay,SETTLED_WIN,1.8620689655172413,1.964822358503305,-0.0523,25.44,21.96,03/21/2026 15:53:32 GMT,03/22/2026 02:50:00 GMT,2026-03-21T15:53:32.033Z,2026-03-22T02:50:00.000Z,Michigan -9.5 Spread Saint Louis at Michigan (Neutral Venue) | Illinois Moneyline VA Commonwealth at Illinois (Neutral Venue),,Basketball,NCAAM
639097184919053849,Draftkings Sportsbook,parlay,SETTLED_LOSS,4.66,,,25,-25.00,03/21/2026 19:34:53 GMT,03/22/2026 02:11:15 GMT,2026-03-21T19:34:53.495Z,2026-03-22T02:11:15.000Z,Vanderbilt Moneyline Vanderbilt @ Nebraska | Texas Race to 10 Points - 1st Half Texas @ Gonzaga,,Basketball,NCAAM
639097344625836419,Draftkings Sportsbook,straight,SETTLED_WIN,3.5,,,25.18,62.95,03/22/2026 00:01:02 GMT,03/22/2026 01:09:04 GMT,2026-03-22T00:01:02.939Z,2026-03-22T01:09:04.888Z,Yes Live Halftime Boost: Texas to Win the Game Texas @ Gonzaga,,Basketball,NCAAM
639097225703538663,Draftkings Sportsbook,straight,SETTLED_WIN,3.05,3.1892646677851393,-0.0437,5.16,10.57,03/21/2026 20:42:50 GMT,03/22/2026 01:07:19 GMT,2026-03-21T20:42:50.108Z,2026-03-22T01:07:19.843Z,Texas Moneyline Texas @ Gonzaga,,Basketball,NCAAM
639096670366449685,Draftkings Sportsbook,parlay,SETTLED_LOSS,5,4.358106543338246,0.1473,30,-30.00,03/21/2026 05:17:17 GMT,03/22/2026 00:15:00 GMT,2026-03-21T05:17:17.741Z,2026-03-22T00:15:00.000Z,Michigan State Moneyline Louisville @ Michigan State | TCU +16.5 Spread Alternate - NCAAB TCU @ Duke | Texas +6.5 Spread Texas @ Gonzaga,,Basketball,NCAAM
20GT5SZHYC,BetMGM,straight,SETTLED_WIN,1.9803921568627452,1.9812968140719258,-0.0005,15.37,15.07,03/21/2026 02:01:48 GMT,03/21/2026 05:08:00 GMT,2026-03-21T02:01:48.090Z,2026-03-21T05:08:00.000Z,Miami Florida -1.5 Spread Missouri at Miami Florida (Neutral Venue),,Basketball,NCAAM
O/0094602/0000742,Fanduel Sportsbook,straight,SETTLED_LOSS,23,15.589075220747173,0.4754,2.75,-2.75,03/21/2026 02:08:52 GMT,03/21/2026 04:46:58 GMT,2026-03-21T02:08:52.000Z,2026-03-21T04:46:58.000Z,Furman Moneyline Furman @ Connecticut,,Basketball,NCAAM
639096618688135333,Draftkings Sportsbook,parlay,SETTLED_WIN,2.01,,,15,15.16,03/21/2026 03:51:09 GMT,03/21/2026 04:45:49 GMT,2026-03-21T03:51:09.603Z,2026-03-21T04:45:49.504Z,Miami FL Live Moneyline Missouri @ Miami FL | Furman +20.5 Live Spread Alternate - NCAAB Furman @ UConn,,Basketball,NCAAM
639096570420173196,Draftkings Sportsbook,straight,SETTLED_LOSS,1.8333333333333335,,,14.37,-14.37,03/21/2026 02:30:42 GMT,03/21/2026 04:17:25 GMT,2026-03-21T02:30:42.397Z,2026-03-21T04:17:25.547Z,Kansas -17.5 Live Spread California Baptist @ Kansas,,Basketball,NCAAM
639096581994558576,Draftkings Sportsbook,parlay,SETTLED_LOSS,2.7199999999999998,,,15,-15.00,03/21/2026 02:49:59 GMT,03/21/2026 03:42:55 GMT,2026-03-21T02:49:59.103Z,2026-03-21T03:42:55.248Z,Florida -11.5 Live Spread Alternate - 2nd Half Prairie View @ Florida | Under 80.5 Live Total Alternate - 2nd Half Prairie View @ Florida,,Basketball,NCAAM
639096560922677739,Draftkings Sportsbook,straight,SETTLED_LOSS,4,,,8,-8.00,03/21/2026 02:14:51 GMT,03/21/2026 02:36:47 GMT,2026-03-21T02:14:51.461Z,2026-03-21T02:36:47.676Z,Furman Race to 10 Points - 1st Half Furman @ UConn,,Basketball,NCAAM
639096434977680702,Draftkings Sportsbook,parlay,SETTLED_CASH_OUT,5.06,,,20,-5.63,03/20/2026 22:44:57 GMT,03/21/2026 02:29:28 GMT,2026-03-20T22:44:57.932Z,2026-03-21T02:29:28.679Z,Kansas -7.5 Spread Alternate - NCAAB California Baptist @ Kansas | UCF Race to 10 Points - 1st Half UCF @ UCLA | Prairie View +41.5 Spread Alternate - NCAAB Prairie View @ Florida,,Basketball,NCAAM
20GSHWJ5D5,BetMGM,parlay,SETTLED_WIN,1.9174311926605505,,,25,23.08,03/20/2026 15:24:47 GMT,03/21/2026 02:10:00 GMT,2026-03-20T15:24:47.957Z,2026-03-21T02:10:00.000Z,Arizona by 26 or more Winning margin Long Island at Arizona (Neutral Venue) | Alabama Moneyline Hofstra at Alabama (Neutral Venue) | St. Johns Moneyline Northern Iowa at St. Johns (Neutral Venue),,Basketball,NCAAM
639096168744330739,Draftkings Sportsbook,parlay,SETTLED_WIN,5.01,5.309836904339475,-0.0565,25,100.25,03/20/2026 15:21:14 GMT,03/21/2026 01:59:23 GMT,2026-03-20T15:21:14.044Z,2026-03-21T01:59:23.408Z,UCF +13.5 Spread Alternate - NCAAB UCF @ UCLA | Iowa -1.5 Spread Alternate - NCAAB Iowa @ Clemson | Utah State -1.5 Spread Utah State @ Villanova,,Basketball,NCAAM
639096424542152364,Draftkings Sportsbook,parlay,SETTLED_WIN,2.02,2.3719541622716336,-0.1484,26,26.75,03/20/2026 22:27:35 GMT,03/21/2026 01:32:34 GMT,2026-03-20T22:27:35.447Z,2026-03-21T01:32:34.793Z,Under 71.5 Queens NC Alternate Total Points Queens NC @ Purdue | Under 64.5 Northern Iowa Alternate Total Points Northern Iowa @ St. Johns,,Basketball,NCAAM
639096340039745497,Draftkings Sportsbook,straight,SETTLED_LOSS,1.9523809523809523,2.083832653081491,-0.0631,25.61,-25.61,03/20/2026 20:06:44 GMT,03/20/2026 22:31:36 GMT,2026-03-20T20:06:44.628Z,2026-03-20T22:31:36.389Z,Over 68.5 Miami OH: Team Total Points Miami OH @ Tennessee,,Basketball,NCAAM
639096353775952464,Draftkings Sportsbook,straight,SETTLED_WIN,2.6,,,10,16.00,03/20/2026 20:29:38 GMT,03/20/2026 20:35:42 GMT,2026-03-20T20:29:38.757Z,2026-03-20T20:35:42.372Z,Miami OH Race to 10 Points - 1st Half Miami OH @ Tennessee,,Basketball,NCAAM
O/0094602/0000741,Fanduel Sportsbook,straight,SETTLED_LOSS,15,13.448807060200071,0.1153,10,-10.00,03/20/2026 14:05:51 GMT,03/20/2026 19:59:55 GMT,2026-03-20T14:05:51.000Z,2026-03-20T19:59:55.000Z,Wright State Moneyline Wright State @ Virginia,,Basketball,NCAAM
639096139266724161,Draftkings Sportsbook,parlay,SETTLED_LOSS,5.93,,,30,-30.00,03/20/2026 14:32:07 GMT,03/20/2026 19:40:00 GMT,2026-03-20T14:32:07.496Z,2026-03-20T19:40:00.000Z,Kansas -12.5 Spread Alternate - NCAAB California Baptist @ Kansas | Kentucky Race to 10 Points - 1st Half Santa Clara @ Kentucky | Akron +13.5 Spread Alternate - NCAAB Akron @ Texas Tech,,Basketball,NCAAM
20GRT78012,BetMGM,parlay,SETTLED_WIN,1.847457627118644,,,50,42.54,03/20/2026 02:47:13 GMT,03/20/2026 05:47:13 GMT,2026-03-20T02:47:13.673Z,2026-03-20T05:47:13.673Z,Saint Louis Moneyline Saint Louis at Georgia (Neutral Venue) | Kennesaw St +13.5 Spread Kennesaw St at Gonzaga (Neutral Venue),,Basketball,NCAAM
20GRPUTZUS,BetMGM,parlay,SETTLED_CASH_OUT,1.8,1.9750087100998632,-0.0886,30,-25.48,03/20/2026 01:31:01 GMT,03/20/2026 05:00:00 GMT,2026-03-20T01:31:01.487Z,2026-03-20T05:00:00.000Z,Georgia Moneyline Saint Louis at Georgia (Neutral Venue) | Gonzaga Moneyline Kennesaw St at Gonzaga (Neutral Venue),,Basketball,NCAAM
639095679336222426,Draftkings Sportsbook,parlay,SETTLED_WIN,1.9433962264150944,2.217602017627637,-0.1236,20.87,19.74,03/20/2026 01:45:34 GMT,03/20/2026 04:12:31 GMT,2026-03-20T01:45:34.322Z,2026-03-20T04:12:31.825Z,Illinois -20.5 Spread Alternate - NCAAB Pennsylvania @ Illinois | Houston -17.5 Spread Alternate - NCAAB Idaho @ Houston,,Basketball,NCAAM
O/0094602/0000740,Fanduel Sportsbook,straight,SETTLED_WIN,3.55,3.4852941176470584,0.0186,5,12.75,03/19/2026 21:40:12 GMT,03/20/2026 02:40:07 GMT,2026-03-19T21:40:12.000Z,2026-03-20T02:40:07.000Z,Kennesaw State Race to 10 Points Kennesaw State @ Gonzaga,,Basketball,NCAAM
639095544443066903,Draftkings Sportsbook,parlay,SETTLED_LOSS,10.14,10.846985589059003,-0.0652,30,-30.00,03/19/2026 22:00:44 GMT,03/20/2026 02:25:00 GMT,2026-03-19T22:00:44.853Z,2026-03-20T02:25:00.000Z,Houston -13.5 Spread Alternate - NCAAB Idaho @ Houston | BYU Moneyline Texas @ BYU | Georgia Moneyline Saint Louis @ Georgia | Texas A&M Moneyline Texas A&M @ Saint Marys | Gonzaga Moneyline Kennesaw State @ Gonzaga | Illinois Moneyline Pennsylvania @ Illinois,,Basketball,NCAAM
20GRHXKNM4,BetMGM,straight,SETTLED_WIN,2.2,2.322078647661758,-0.0526,20.56,24.67,03/19/2026 22:21:57 GMT,03/20/2026 01:50:00 GMT,2026-03-19T22:21:57.923Z,2026-03-20T01:50:00.000Z,VA Commonwealth Moneyline VA Commonwealth at North Carolina (Neutral Venue),,Basketball,NCAAM
O/0094602/0000739,Fanduel Sportsbook,straight,SETTLED_LOSS,81,28.947687335886204,1.7982,10,-10.00,03/19/2026 20:51:59 GMT,03/20/2026 01:38:35 GMT,2026-03-19T20:51:59.000Z,2026-03-20T01:38:35.000Z,Howard Moneyline Howard @ Michigan,,Basketball,NCAAM
639095470677914047,Draftkings Sportsbook,parlay,SETTLED_WIN,2.01,,,50,50.87,03/19/2026 19:57:47 GMT,03/19/2026 21:23:58 GMT,2026-03-19T19:57:47.910Z,2026-03-19T21:23:58.359Z,Vanderbilt Live Moneyline McNeese @ Vanderbilt | Siena +9.5 Live Spread Alternate - NCAAB Siena @ Duke,,Basketball,NCAAM
639095394723209535,Draftkings Sportsbook,parlay,SETTLED_LOSS,1.3703703703703702,,,75,-75.00,03/19/2026 17:51:12 GMT,03/19/2026 20:51:12 GMT,2026-03-19T17:51:12.861Z,2026-03-19T20:51:12.861Z,Wisconsin Live Moneyline High Point @ Wisconsin | Vanderbilt Moneyline McNeese @ Vanderbilt,,Basketball,NCAAM
639095296190387025,Draftkings Sportsbook,straight,SETTLED_LOSS,2.54,2.5099664694865362,0.0120,15,-15.00,03/19/2026 15:06:59 GMT,03/19/2026 19:54:37 GMT,2026-03-19T15:06:59.904Z,2026-03-19T19:54:37.906Z,South Florida Moneyline South Florida @ Louisville,,Basketball,NCAAM
20GR4AKHDA,BetMGM,straight,SETTLED_LOSS,7.5,7.9056866664523096,-0.0513,15,-15.00,03/19/2026 15:06:34 GMT,03/19/2026 19:40:00 GMT,2026-03-19T15:06:34.797Z,2026-03-19T19:40:00.000Z,Troy Moneyline Troy at Nebraska (Neutral Venue),,Basketball,NCAAM
639095288527709377,Draftkings Sportsbook,parlay,SETTLED_LOSS,4.609999999999999,4.749776184569577,-0.0294,25,-25.00,03/19/2026 14:54:12 GMT,03/19/2026 19:16:12 GMT,2026-03-19T14:54:12.417Z,2026-03-19T19:16:12.000Z,Troy +13.5 Spread Troy @ Nebraska | Ohio State -2.5 Spread TCU @ Ohio State | Vanderbilt Moneyline McNeese @ Vanderbilt,,Basketball,NCAAM
20GJYCN0RK,BetMGM,straight,SETTLED_CASH_OUT,1.8333333333333335,2.044028130650879,-0.1031,50,-2.19,03/15/2026 22:36:43 GMT,03/19/2026 19:00:00 GMT,2026-03-15T22:36:43.597Z,2026-03-19T19:00:00.000Z,Ohio St. -2.5 Spread TCU at Ohio State (Neutral Venue),,Basketball,NCAAM
639095368146944095,Draftkings Sportsbook,parlay,SETTLED_LOSS,1.847457627118644,,,25,-25.00,03/19/2026 17:06:54 GMT,03/19/2026 18:37:52 GMT,2026-03-19T17:06:54.648Z,2026-03-19T18:37:52.658Z,TCU Live Moneyline TCU @ Ohio State | Troy +14.5 Live Spread Alternate - NCAAB Troy @ Nebraska,,Basketball,NCAAM
639095363198642879,Draftkings Sportsbook,straight,SETTLED_LOSS,2.05,,,14.75,-14.75,03/19/2026 16:58:40 GMT,03/19/2026 17:43:15 GMT,2026-03-19T16:58:40.389Z,2026-03-19T17:43:15.402Z,South Florida Race to 10 Points - 1st Half South Florida @ Louisville,,Basketball,NCAAM
639095297113334063,Draftkings Sportsbook,straight,SETTLED_WIN,2.65,,,15,24.75,03/19/2026 15:08:32 GMT,03/19/2026 16:54:34 GMT,2026-03-19T15:08:32.740Z,2026-03-19T16:54:34.858Z,Troy Race to 10 Points - 1st Half Troy @ Nebraska,,Basketball,NCAAM
639094783241532343,Draftkings Sportsbook,straight,SETTLED_LOSS,1.9523809523809523,2.1196167478040673,-0.0789,24,-24.00,03/19/2026 00:52:04 GMT,03/19/2026 03:27:20 GMT,2026-03-19T00:52:04.276Z,2026-03-19T03:27:20.343Z,SMU -7.5 Spread Miami OH @ SMU,,Basketball,NCAAM
639094619028422773,Draftkings Sportsbook,straight,SETTLED_LOSS,9.7,8.205758499092745,0.1821,5,-5.00,03/18/2026 20:18:24 GMT,03/19/2026 02:12:39 GMT,2026-03-18T20:18:24.080Z,2026-03-19T02:12:39.526Z,Yes Jrue Holiday Double-Double POR Trail Blazers @ IND Pacers,,Basketball,NBA
639094022720373666,Draftkings Sportsbook,straight,SETTLED_LOSS,20.2,,,3.55,-3.55,03/18/2026 03:44:32 GMT,03/18/2026 03:58:00 GMT,2026-03-18T03:44:32.402Z,2026-03-18T03:58:00.285Z,NC State Live Moneyline NC State @ Texas,,Basketball,NCAAM
639093847612117441,Draftkings Sportsbook,parlay,SETTLED_WIN,4.2,,,20,64.00,03/17/2026 22:52:41 GMT,03/18/2026 03:57:49 GMT,2026-03-17T22:52:41.331Z,2026-03-18T03:57:49.794Z,Texas Moneyline NC State @ Texas | Howard Live Moneyline UMBC @ Howard,,Basketball,NCAAM
20GMULHWP3,BetMGM,straight,SETTLED_LOSS,6,,,5,-5.00,03/18/2026 00:20:58 GMT,03/18/2026 03:22:00 GMT,2026-03-18T00:20:58.510Z,2026-03-18T03:22:00.000Z,Roman Anthony (USA) World Baseball Classic MVP 2026 World Baseball Classic: Futures,,other,other
639093729991464806,Draftkings Sportsbook,parlay,SETTLED_LOSS,2.33,,,30,-30.00,03/17/2026 19:36:39 GMT,03/18/2026 03:00:00 GMT,2026-03-17T19:36:39.600Z,2026-03-18T03:00:00.000Z,Under 1.5 Runs - 1st Inning Venezuela @ USA | 1+ Aaron Judge Hits Venezuela @ USA | USA +2.5 Run Line Alternate Venezuela @ USA,,other,other
639093698047717324,Draftkings Sportsbook,straight,SETTLED_WIN,1.8695652173913042,,,31.32,27.23,03/17/2026 18:43:25 GMT,03/18/2026 00:26:27 GMT,2026-03-17T18:43:25.394Z,2026-03-18T00:26:27.454Z,Los Angeles Golf Club Moneyline Atlanta Drive GC vs Los Angeles Golf Club,,other,other
639093697204471951,Draftkings Sportsbook,straight,SETTLED_CASH_OUT,1.8695652173913042,,,30,0.00,03/17/2026 18:42:00 GMT,03/17/2026 18:42:09 GMT,2026-03-17T18:42:00.787Z,2026-03-17T18:42:09.496Z,Los Angeles Golf Club Moneyline Atlanta Drive GC vs Los Angeles Golf Club,,other,other
639092900777584420,Draftkings Sportsbook,parlay,SETTLED_WIN,2.02,,,50,51.32,03/16/2026 20:34:37 GMT,03/17/2026 02:51:00 GMT,2026-03-16T20:34:37.483Z,2026-03-17T02:51:00.914Z,Venezuela Moneyline Venezuela @ Italy | BOS Celtics -2.5 Spread Alternate PHO Suns @ BOS Celtics,,other | Basketball,other | NBA
639092123891751499,Draftkings Sportsbook,parlay,SETTLED_LOSS,2.33,,,30.94,-30.94,03/15/2026 22:59:49 GMT,03/16/2026 03:00:00 GMT,2026-03-15T22:59:49.629Z,2026-03-16T03:00:00.000Z,4+ Paul Skenes Strikeouts Thrown USA @ Dominican Republic | 1+ Luis Severino Walks Allowed USA @ Dominican Republic | 1+ Gunnar Henderson Hits USA @ Dominican Republic | USA +3.5 Run Line Alternate USA @ Dominican Republic,,other,other
639092055486782956,Draftkings Sportsbook,straight,SETTLED_WIN,2,,,15,15.00,03/15/2026 21:05:49 GMT,03/15/2026 22:17:28 GMT,2026-03-15T21:05:49.501Z,2026-03-15T22:17:28.810Z,Cameron Young Live Outright Winner THE PLAYERS Championship 2026,,Golf,GOLF
639091854912707944,Draftkings Sportsbook,parlay,SETTLED_LOSS,5.7,,,25,-25.00,03/15/2026 15:31:31 GMT,03/15/2026 21:45:51 GMT,2026-03-15T15:31:31.250Z,2026-03-15T21:45:51.257Z,VCU Moneyline Dayton @ VCU | 8+ Oscar Cluff Rebounds Purdue @ Michigan | Arkansas Moneyline Vanderbilt @ Arkansas,,Basketball,NCAAM
639091999500999764,Draftkings Sportsbook,parlay,SETTLED_WIN,1.900900900900901,,,20,18.11,03/15/2026 19:32:31 GMT,03/15/2026 21:35:03 GMT,2026-03-15T19:32:31.301Z,2026-03-15T21:35:03.674Z,South Florida Live Moneyline Wichita State @ South Florida | Purdue +10.5 Spread Alternate - NCAAB Purdue @ Michigan,,Basketball,NCAAM
639091005685886332,Draftkings Sportsbook,parlay,SETTLED_LOSS,1.9523809523809523,2.2799719017962223,-0.1437,30,-30.00,03/14/2026 15:56:09 GMT,03/15/2026 00:47:23 GMT,2026-03-14T15:56:09.553Z,2026-03-15T00:47:23.197Z,UConn Moneyline UConn @ St. Johns | Arkansas Moneyline Ole Miss @ Arkansas,,Basketball,NCAAM
639091145222067453,Draftkings Sportsbook,straight,SETTLED_WIN,2.1799999999999997,1.9447888242855036,0.1209,20,23.60,03/14/2026 19:48:42 GMT,03/15/2026 00:33:25 GMT,2026-03-14T19:48:42.839Z,2026-03-15T00:33:25.150Z,Arizona -1.5 Spread Houston @ Arizona,,Basketball,NCAAM
639091108964689402,Draftkings Sportsbook,parlay,SETTLED_LOSS,2.31,,,50,-50.00,03/14/2026 18:48:15 GMT,03/14/2026 22:17:00 GMT,2026-03-14T18:48:15.390Z,2026-03-14T22:17:00.000Z,Under 1.5 Runs - 1st Inning Puerto Rico @ Italy | Under 1.5 Runs - 1st Inning Venezuela @ Japan | Venezuela +3.5 Run Line Alternate Venezuela @ Japan,,other,other
639090711736770084,Draftkings Sportsbook,parlay,SETTLED_LOSS,5.03,4.837077542295099,0.0399,25,-25.00,03/14/2026 07:46:13 GMT,03/14/2026 20:00:00 GMT,2026-03-14T07:46:13.574Z,2026-03-14T20:00:00.000Z,Wisconsin +12.5 Spread Wisconsin @ Michigan | VCU Moneyline Saint Josephs @ VCU | Florida Moneyline Vanderbilt @ Florida | UCLA +16.5 Spread Alternate - NCAAB Purdue @ UCLA,,Basketball,NCAAM
639090380347008434,Draftkings Sportsbook,parlay,SETTLED_WIN,2.16,2.3980062437237457,-0.0993,50,58.23,03/13/2026 22:33:53 GMT,03/14/2026 04:26:16 GMT,2026-03-13T22:33:53.635Z,2026-03-14T04:26:16.561Z,Arizona Moneyline Iowa State @ Arizona | Arkansas Moneyline Oklahoma @ Arkansas,,Basketball,NCAAM
639090368117181162,Draftkings Sportsbook,straight,SETTLED_LOSS,2.85,,,16.63,-16.63,03/13/2026 22:13:30 GMT,03/14/2026 00:43:19 GMT,2026-03-13T22:13:30.436Z,2026-03-14T00:43:19.060Z,Georgetown Race to 10 Points - 1st Half Georgetown @ UConn,,Basketball,NCAAM
639090148252830208,Draftkings Sportsbook,straight,SETTLED_LOSS,2.05,2.2581992715676926,-0.0922,15,-15.00,03/13/2026 16:07:06 GMT,03/14/2026 00:08:18 GMT,2026-03-13T16:07:06.337Z,2026-03-14T00:08:18.319Z,8+ Zuby Ejiofor Rebounds Seton Hall @ St. Johns,,Basketball,NCAAM
639090381053419627,Draftkings Sportsbook,straight,SETTLED_LOSS,2.05,,,10,-10.00,03/13/2026 22:35:06 GMT,03/13/2026 23:20:25 GMT,2026-03-13T22:35:06.086Z,2026-03-13T23:20:25.523Z,Miami FL Race to 10 Points - 1st Half Miami FL @ Virginia,,Basketball,NCAAM
639090156254010721,Draftkings Sportsbook,parlay,SETTLED_LOSS,4.779999999999999,6.20130519428172,-0.2292,23.48,-23.48,03/13/2026 16:20:24 GMT,03/13/2026 21:30:00 GMT,2026-03-13T16:20:24.917Z,2026-03-13T21:30:00.000Z,VCU -1.5 Spread Alternate - NCAAB Duquesne @ VCU | Vanderbilt Moneyline Tennessee @ Vanderbilt | St. Johns Moneyline Seton Hall @ St. Johns | Illinois -1.5 Spread Alternate - NCAAB Wisconsin @ Illinois,,Basketball,NCAAM
639090151159551879,Draftkings Sportsbook,parlay,SETTLED_WIN,1.9090909090909092,,,15,13.63,03/13/2026 16:11:57 GMT,03/13/2026 21:30:00 GMT,2026-03-13T16:11:57.007Z,2026-03-13T21:30:00.000Z,15+ David Mirkovic Points Wisconsin @ Illinois | 1+ David Mirkovic Three Pointers Made Wisconsin @ Illinois,,Basketball,NCAAM
639090080510701621,Draftkings Sportsbook,parlay,SETTLED_WIN,4.640000000000001,,,25,91.00,03/13/2026 14:14:12 GMT,03/13/2026 21:06:00 GMT,2026-03-13T14:14:12.198Z,2026-03-13T21:06:00.000Z,Jake Knapp Aldrich Potgieter v Jake Knapp - Round 2 Potgieter v Knapp v Im - R2 | Matt Fitzpatrick Lucas Glover v Matt Fitzpatrick - Round 2 Valimaki v Glover v Fitzpatrick - R2 | Russell Henley Russell Henley v Robert MacIntyre - Round 2 Hovland v Henley v MacIntyre - R2,,Golf,GOLF
639090150332110898,Draftkings Sportsbook,parlay,SETTLED_LOSS,1.9523809523809523,,,15,-15.00,03/13/2026 16:10:31 GMT,03/13/2026 20:00:00 GMT,2026-03-13T16:10:31.790Z,2026-03-13T20:00:00.000Z,2+ Collin Chandler Three Pointers Made Kentucky @ Florida | 1+ Thomas Haugh Three Pointers Made Kentucky @ Florida,,Basketball,NCAAM
639090138023181653,Draftkings Sportsbook,straight,SETTLED_LOSS,2.25,2.270081300813008,-0.0088,25,-25.00,03/13/2026 15:50:03 GMT,03/13/2026 18:42:01 GMT,2026-03-13T15:50:03.323Z,2026-03-13T18:42:01.908Z,8+ Yaxel Lendeborg Rebounds Ohio State @ Michigan,,Basketball,NCAAM
639089241884841946,Draftkings Sportsbook,parlay,SETTLED_LOSS,2.04,,,25,-25.00,03/12/2026 14:56:29 GMT,03/12/2026 18:23:30 GMT,2026-03-12T14:56:29.215Z,2026-03-12T18:23:30.876Z,10+ Jamier Jones Points Providence @ St. Johns | 6+ Zuby Ejiofor Rebounds Providence @ St. Johns,,Basketball,NCAAM
639089168060678082,Draftkings Sportsbook,straight,SETTLED_WIN,1.9090909090909092,2.2604555483940256,-0.1554,30,27.27,03/12/2026 12:53:27 GMT,03/12/2026 18:09:36 GMT,2026-03-12T12:53:27.478Z,2026-03-12T18:09:36.581Z,Ohio State -1.5 Spread Iowa @ Ohio State,,Basketball,NCAAM
639089244212445114,Draftkings Sportsbook,parlay,SETTLED_LOSS,4.87,,,25,-25.00,03/12/2026 15:00:22 GMT,03/12/2026 18:05:00 GMT,2026-03-12T15:00:22.184Z,2026-03-12T18:05:00.000Z,Virginia Moneyline NC State @ Virginia | Cameron Young Cameron Young v Davis Thompson - Round 1 Young v Thompson v Burns - R1 | Miami OH -6.5 Spread UMass @ Miami OH,,Basketball | Golf,NCAAM | GOLF
639089186402551300,Draftkings Sportsbook,parlay,SETTLED_LOSS,4.17,4.470620019470867,-0.0672,30,-30.00,03/12/2026 13:24:00 GMT,03/12/2026 18:05:00 GMT,2026-03-12T13:24:00.585Z,2026-03-12T18:05:00.000Z,Missouri +6.5 Spread Alternate - NCAAB Kentucky @ Missouri | Tennessee Moneyline Auburn @ Tennessee | Miami OH Moneyline UMass @ Miami OH | Wisconsin Moneyline Washington @ Wisconsin,,Basketball,NCAAM
639089108338130039,Draftkings Sportsbook,parlay,SETTLED_LOSS,5.47,,,20,-20.00,03/12/2026 11:13:53 GMT,03/12/2026 15:52:00 GMT,2026-03-12T11:13:53.811Z,2026-03-12T15:52:00.000Z,Tommy Fleetwood Tommy Fleetwood v Justin Thomas - Round 1 Scheffler v Fleetwood v Thomas - R1 | Cameron Young Cameron Young v Davis Thompson - Round 1 Young v Thompson v Burns - R1 | Nicolai Hojgaard Denny McCarthy v Nicolai Hojgaard - Round 1 Hoge v McCarthy v N.Hojgaard - R1,,Golf,GOLF
639088736202707335,Draftkings Sportsbook,parlay,SETTLED_WIN,1.78125,,,50,39.21,03/12/2026 00:53:40 GMT,03/12/2026 03:43:02 GMT,2026-03-12T00:53:40.730Z,2026-03-12T03:43:02.314Z,Clemson Moneyline Wake Forest @ Clemson | Dominican Republic Live Moneyline Dominican Republic @ Venezuela,,Basketball | other,NCAAM | other
639088013591353138,Draftkings Sportsbook,parlay,SETTLED_LOSS,4.84,4.134776691050299,0.1706,25,-25.00,03/11/2026 04:49:19 GMT,03/12/2026 01:30:00 GMT,2026-03-11T04:49:19.522Z,2026-03-12T01:30:00.000Z,Marquette -4.5 Spread Xavier @ Marquette | TCU Moneyline Oklahoma State @ TCU | Clemson Moneyline Wake Forest @ Clemson,,Basketball,NCAAM
639088664843860154,Draftkings Sportsbook,parlay,SETTLED_LOSS,1.9090909090909092,,,53.34,-53.34,03/11/2026 22:54:43 GMT,03/12/2026 01:09:24 GMT,2026-03-11T22:54:43.090Z,2026-03-12T01:09:24.226Z,Italy +1.5 Run Line - 1st 3 Innings Italy @ Mexico | Texas Moneyline Ole Miss @ Texas,,other | Basketball,other | NCAAM
639088375536764530,Draftkings Sportsbook,parlay,SETTLED_WIN,2.13,2.0871616888846147,0.0205,25,28.34,03/11/2026 14:52:32 GMT,03/11/2026 18:37:06 GMT,2026-03-11T14:52:32.752Z,2026-03-11T18:37:06.618Z,Iowa Moneyline Maryland @ Iowa | Iowa State -11.5 Spread Arizona State @ Iowa State,,Basketball,NCAAM
639087823448943233,Draftkings Sportsbook,parlay,SETTLED_LOSS,1.9433962264150944,,,35,-35.00,03/10/2026 23:32:24 GMT,03/11/2026 04:00:00 GMT,2026-03-10T23:32:24.615Z,2026-03-11T04:00:00.000Z,Northwestern Moneyline Penn State @ Northwestern | Gonzaga Moneyline Santa Clara @ Gonzaga | USA Moneyline Italy @ USA,,Basketball | other,NCAAM | other
20GBGF26KJ,BetMGM,straight,SETTLED_WIN,6.25,,,10,52.50,03/10/2026 15:43:29 GMT,03/11/2026 02:30:00 GMT,2026-03-10T15:43:29.530Z,2026-03-11T02:30:00.000Z,Yes Cooper Flagg to record 10+ rebounds Dallas Mavericks @ Atlanta Hawks,,Basketball,NBA
639087430746460203,Draftkings Sportsbook,parlay,SETTLED_LOSS,5.24,5.649299323804069,-0.0725,25.11,-25.11,03/10/2026 12:37:55 GMT,03/11/2026 02:00:00 GMT,2026-03-10T12:37:55.149Z,2026-03-11T02:00:00.000Z,Cincinnati Moneyline Utah @ Cincinnati | BYU Moneyline Kansas State @ BYU | Virginia Tech Moneyline Wake Forest @ Virginia Tech | Northwestern Moneyline Penn State @ Northwestern | Gonzaga Moneyline Santa Clara @ Gonzaga,,Basketball,NCAAM
639087512650439385,Draftkings Sportsbook,parlay,SETTLED_LOSS,2.08,,,20,-20.00,03/10/2026 14:54:24 GMT,03/11/2026 02:00:00 GMT,2026-03-10T14:54:24.767Z,2026-03-11T02:00:00.000Z,Under 1.5 Runs - 1st Inning Canada @ Puerto Rico | Under 1.5 Runs - 1st Inning Israel @ Netherlands | USA Moneyline Italy @ USA,,other,other
639087509278760498,Draftkings Sportsbook,parlay,SETTLED_LOSS,4.640000000000001,,,25,-25.00,03/10/2026 14:48:47 GMT,03/10/2026 19:30:00 GMT,2026-03-10T14:48:47.270Z,2026-03-10T19:30:00.000Z,BOS Bruins Moneyline LA Kings @ BOS Bruins | Baylor -3.5 Spread Alternate - NCAAB Baylor @ Arizona State | Netherlands Moneyline Israel @ Netherlands,,Ice Hockey | Basketball | Baseball,NHL | other | World Baseball Classic
639087062201274242,Draftkings Sportsbook,parlay,SETTLED_LOSS,1.8771929824561404,,,25,-25.00,03/10/2026 02:23:41 GMT,03/10/2026 05:48:01 GMT,2026-03-10T02:23:41.670Z,2026-03-10T05:48:01.877Z,Saint Marys -2.5 Spread Alternate - NCAAB Santa Clara @ Saint Marys | 15+ Live Karl-Anthony Towns Points NY Knicks @ LA Clippers,,Basketball,NCAAM | NBA
639086647670003437,Draftkings Sportsbook,parlay,SETTLED_WIN,1.6289308176100628,,,100,63.13,03/09/2026 14:52:47 GMT,03/10/2026 03:00:00 GMT,2026-03-09T14:52:47.347Z,2026-03-10T03:00:00.000Z,OKC Thunder Moneyline DEN Nuggets @ OKC Thunder | USA Moneyline Mexico @ USA,,Basketball | other,NBA | other
639086735201096296,Draftkings Sportsbook,parlay,SETTLED_WIN,2.2199999999999998,,,25,30.60,03/09/2026 17:18:41 GMT,03/10/2026 03:00:00 GMT,2026-03-09T17:18:41.217Z,2026-03-10T03:00:00.000Z,4+ Paul Skenes Strikeouts Thrown Mexico @ USA | Under 2.5 Live Total Runs - 1st 3 Innings Brazil @ Great Britain,,other,other
639086631496684235,Draftkings Sportsbook,parlay,SETTLED_WIN,1.8695652173913042,,,19.38,17.00,03/09/2026 14:25:50 GMT,03/09/2026 17:35:53 GMT,2026-03-09T14:25:50.017Z,2026-03-09T17:35:53.919Z,Under 0.5 Runs - 1st Inning Colombia @ Panama | Dominican Republic 1st 5 Innings Dominican Republic @ Israel,,other,other
639086272820982199,Draftkings Sportsbook,parlay,SETTLED_LOSS,4.9399999999999995,,,25,-25.00,03/09/2026 04:28:02 GMT,03/09/2026 13:00:00 GMT,2026-03-09T04:28:02.423Z,2026-03-09T13:00:00.000Z,Australia Moneyline South Korea @ Australia | USA Moneyline Mexico @ USA | Venezuela Moneyline Venezuela @ Nicaragua,,other,other
639086030518510646,Draftkings Sportsbook,straight,SETTLED_WIN,2.19,,,20,23.80,03/08/2026 21:44:11 GMT,03/09/2026 00:16:34 GMT,2026-03-08T21:44:11.189Z,2026-03-09T00:16:34.226Z,Under 0.5 Runs - 1st Inning Panama @ Canada,,other,other
639085883466657992,Draftkings Sportsbook,straight,SETTLED_WIN,2.2,1.8741488082561069,0.1739,20,24.00,03/08/2026 17:39:06 GMT,03/08/2026 22:59:15 GMT,2026-03-08T17:39:06.387Z,2026-03-08T22:59:15.099Z,Michigan -9.5 Spread Michigan State @ Michigan,,Basketball,NCAAM
639086046043411698,Draftkings Sportsbook,straight,SETTLED_LOSS,1.9433962264150944,,,25,-25.00,03/08/2026 22:10:05 GMT,03/08/2026 22:30:48 GMT,2026-03-08T22:10:05.212Z,2026-03-08T22:30:48.347Z,Daniel Berger Live Outright Arnold Palmer Invitational 2026,,Golf,GOLF
639085372438148131,Draftkings Sportsbook,straight,SETTLED_LOSS,2.3600000000000003,2.2934158728467136,0.0290,25,-25.00,03/08/2026 03:27:23 GMT,03/08/2026 05:52:35 GMT,2026-03-08T03:27:23.573Z,2026-03-08T05:52:35.513Z,Texas Tech Moneyline Texas Tech @ BYU,,Basketball,NCAAM
639085246972661949,Draftkings Sportsbook,parlay,SETTLED_LOSS,2.02,,,25,-25.00,03/07/2026 23:58:15 GMT,03/08/2026 05:18:52 GMT,2026-03-07T23:58:15.982Z,2026-03-08T05:18:52.149Z,Max Holloway Moneyline Max Holloway vs Charles Oliveira | Under 5.5 Alternate Great Britain Total Runs Great Britain @ USA,,MMA | other,UFC | other
639085091369358855,Draftkings Sportsbook,parlay,SETTLED_WIN,4.41,5.4726774815919095,-0.1942,30,102.30,03/07/2026 19:38:57 GMT,03/08/2026 04:17:53 GMT,2026-03-07T19:38:57.521Z,2026-03-08T04:17:53.306Z,Florida Moneyline Florida @ Kentucky | Alabama Moneyline Auburn @ Alabama | UCLA Moneyline UCLA @ USC | Ohio State Moneyline Indiana @ Ohio State,,Basketball,NCAAM
639085177868441127,Draftkings Sportsbook,straight,SETTLED_WIN,1.9523809523809523,,,15,14.28,03/07/2026 22:03:07 GMT,03/07/2026 23:20:00 GMT,2026-03-07T22:03:07.082Z,2026-03-07T23:20:00.929Z,Wisconsin Live Moneyline Wisconsin @ Purdue,,Basketball,NCAAM
639085186529878689,Draftkings Sportsbook,straight,SETTLED_LOSS,2.21,,,20,-20.00,03/07/2026 22:17:34 GMT,03/07/2026 22:28:02 GMT,2026-03-07T22:17:34.008Z,2026-03-07T22:28:02.299Z,Bogey or Worse Live Scottie Scheffler Hole Score - Hole 17 - Round 3 Harris English vs Scottie Scheffler,,Golf,GOLF
639084866923897636,Draftkings Sportsbook,straight,SETTLED_LOSS,1.7692307692307692,1.890853061728733,-0.0643,52.71,-52.71,03/07/2026 13:24:52 GMT,03/07/2026 21:21:03 GMT,2026-03-07T13:24:52.638Z,2026-03-07T21:21:03.833Z,Miami FL Moneyline Louisville @ Miami FL,,Basketball,NCAAM
639084920068581662,Draftkings Sportsbook,parlay,SETTLED_LOSS,5.33,,,25,-25.00,03/07/2026 14:53:25 GMT,03/07/2026 21:20:00 GMT,2026-03-07T14:53:25.558Z,2026-03-07T21:20:00.000Z,Xander Schauffele 2 Ball - Round 3 Xander Schauffele vs Russell Henley | Tommy Fleetwood 2 Ball - Round 3 Austin Smotherman vs Tommy Fleetwood | Akshay Bhatia 2 Ball - Round 3 Daniel Berger vs Akshay Bhatia,,Golf,GOLF
639084351846357370,Draftkings Sportsbook,parlay,SETTLED_WIN,2.0300000000000002,,,23.66,24.45,03/06/2026 23:06:25 GMT,03/07/2026 04:17:59 GMT,2026-03-06T23:06:25.313Z,2026-03-07T04:17:59.029Z,Puerto Rico Moneyline Puerto Rico @ Colombia | Seton Hall +8.5 Spread Alternate - NCAAB St. Johns @ Seton Hall,,other | Basketball,other | NCAAM
639084410998550270,Draftkings Sportsbook,parlay,SETTLED_LOSS,1.8695652173913042,,,25,-25.00,03/07/2026 00:45:01 GMT,03/07/2026 03:29:53 GMT,2026-03-07T00:45:01.139Z,2026-03-07T03:29:53.636Z,Under 0.5 Brazil: Team Total Runs - 1st 3 Innings USA @ Brazil | Dominican Republic Live Moneyline Nicaragua @ Dominican Republic,,other,other
639084023713275933,Draftkings Sportsbook,parlay,SETTLED_WIN,2.23,,,20,24.60,03/06/2026 13:59:31 GMT,03/07/2026 03:09:47 GMT,2026-03-06T13:59:31.749Z,2026-03-07T03:09:47.000Z,Dominican Republic -4 Run Line Alternate Nicaragua @ Dominican Republic | Venezuela Moneyline Netherlands @ Venezuela,,other,other
639084435292047211,Draftkings Sportsbook,straight,SETTLED_LOSS,6.5,,,7,-7.00,03/07/2026 01:25:29 GMT,03/07/2026 01:26:42 GMT,2026-03-07T01:25:29.709Z,2026-03-07T01:26:42.934Z,Single Live Roman Anthony - 1st Plate Appearance - Exact Result USA @ Brazil,,other,other
639084339381137710,Draftkings Sportsbook,straight,SETTLED_WIN,3.1,,,20,42.00,03/06/2026 22:45:37 GMT,03/06/2026 23:16:56 GMT,2026-03-06T22:45:37.803Z,2026-03-06T23:16:56.228Z,Bogey or Worse Live Keith Mitchell Hole Score - Hole 18 - Round 2 J.T. Poston vs Keith Mitchell,,Golf,GOLF
639084249824203227,Draftkings Sportsbook,straight,SETTLED_LOSS,6.46,,,3.87,-3.87,03/06/2026 20:16:22 GMT,03/06/2026 23:03:53 GMT,2026-03-06T20:16:22.183Z,2026-03-06T23:03:53.331Z,Aldrich Potgieter Live 2 Ball - Round 2 Aldrich Potgieter vs Adam Scott,,Golf,GOLF
639084340119336096,Draftkings Sportsbook,straight,SETTLED_LOSS,2.58,,,20,-20.00,03/06/2026 22:46:52 GMT,03/06/2026 22:53:59 GMT,2026-03-06T22:46:52.246Z,2026-03-06T22:53:59.503Z,Bogey or Worse Live J.T. Poston Hole Score - Hole 17 - Round 2 J.T. Poston vs Keith Mitchell,,Golf,GOLF
639084321489719054,Draftkings Sportsbook,straight,SETTLED_WIN,4.109999999999999,,,20,62.20,03/06/2026 22:15:48 GMT,03/06/2026 22:46:02 GMT,2026-03-06T22:15:48.859Z,2026-03-06T22:46:02.400Z,Bogey or Worse Live Shane Lowry Hole Score - Hole 18 - Round 2 Xander Schauffele vs Shane Lowry,,Golf,GOLF
639084030422387882,Draftkings Sportsbook,parlay,SETTLED_WIN,4.73,,,25,93.25,03/06/2026 14:10:41 GMT,03/06/2026 21:40:00 GMT,2026-03-06T14:10:41.755Z,2026-03-06T21:40:00.000Z,Tommy Fleetwood 2 Ball - Round 2 Ben Griffin vs Tommy Fleetwood | Rory McIlroy 2 Ball - Round 2 Rory McIlroy vs Viktor Hovland | Adam Scott 2 Ball - Round 2 Aldrich Potgieter vs Adam Scott,,Golf,GOLF
639083495866734140,Draftkings Sportsbook,straight,SETTLED_WIN,1.9615384615384617,,,20,19.20,03/05/2026 23:19:46 GMT,03/06/2026 03:16:50 GMT,2026-03-05T23:19:46.229Z,2026-03-06T03:16:50.211Z,Under 0.5 Runs - 1st Inning Australia @ Czech Republic,,other,other
639083221397550790,Draftkings Sportsbook,parlay,SETTLED_WIN,2.06,,,20,21.39,03/05/2026 15:42:20 GMT,03/06/2026 03:12:13 GMT,2026-03-05T15:42:20.458Z,2026-03-06T03:12:13.565Z,Nicolai Hojgaard 2 Ball - Round 1 Nicolai Hojgaard vs Austin Smotherman | Michigan Moneyline Michigan @ Iowa,,Golf | Basketball,GOLF | NCAAM
20G4UA6U5S,BetMGM,straight,SETTLED_LOSS,2.05,2.4761417424670484,-0.1721,20,-20.00,03/05/2026 22:02:31 GMT,03/06/2026 03:10:00 GMT,2026-03-05T22:02:31.520Z,2026-03-06T03:10:00.000Z,Over 6.5 Trae Young (WAS): Assists Utah Jazz at Washington Wizards,,Basketball,NBA
639083175428225692,Draftkings Sportsbook,parlay,SETTLED_WIN,5.51,,,22.05,99.44,03/05/2026 14:25:43 GMT,03/05/2026 21:20:00 GMT,2026-03-05T14:25:43.408Z,2026-03-05T21:20:00.000Z,Hideki Matsuyama 2 Ball - Round 1 Justin Thomas vs Hideki Matsuyama | Nicolai Hojgaard 2 Ball - Round 1 Nicolai Hojgaard vs Austin Smotherman | Akshay Bhatia 2 Ball - Round 1 Brian Harman vs Akshay Bhatia,,Golf,GOLF
639082342634799679,Draftkings Sportsbook,parlay,SETTLED_LOSS,1.99009900990099,2.3041403157465474,-0.1363,24.88,-24.88,03/04/2026 15:17:43 GMT,03/05/2026 03:40:00 GMT,2026-03-04T15:17:43.005Z,2026-03-05T03:40:00.000Z,BOS Celtics Moneyline CHA Hornets @ BOS Celtics | Arkansas Moneyline Texas @ Arkansas | Houston Moneyline Baylor @ Houston,,Basketball,NBA | NCAAM
639082625297349463,Draftkings Sportsbook,parlay,SETTLED_LOSS,1.9615384615384617,,,25,-25.00,03/04/2026 23:08:48 GMT,03/05/2026 03:13:14 GMT,2026-03-04T23:08:48.896Z,2026-03-05T03:13:14.788Z,2+ Derrick White Three Pointers Made CHA Hornets @ BOS Celtics | 7+ Neemias Queta Rebounds CHA Hornets @ BOS Celtics,,Basketball,NBA
639082626505757514,Draftkings Sportsbook,parlay,SETTLED_WIN,5.47,,,15,67.05,03/04/2026 23:10:49 GMT,03/05/2026 03:12:31 GMT,2026-03-04T23:10:49.574Z,2026-03-05T03:12:31.885Z,Yes Jaylen Brown Double-Double CHA Hornets @ BOS Celtics | 20+ Jaylen Brown Points CHA Hornets @ BOS Celtics,,Basketball,NBA
639081938336542902,Draftkings Sportsbook,straight,SETTLED_WIN,1.925925925925926,2.0397701163078734,-0.0558,20,18.51,03/04/2026 04:03:52 GMT,03/04/2026 06:15:38 GMT,2026-03-04T04:03:52.351Z,2026-03-04T06:15:38.022Z,UCLA Moneyline Nebraska @ UCLA,,Basketball,NCAAM
639081604572968680,Draftkings Sportsbook,parlay,SETTLED_WIN,1.9090909090909092,1.9479281123196632,-0.0199,25,22.98,03/03/2026 18:47:38 GMT,03/04/2026 05:51:48 GMT,2026-03-03T18:47:38.346Z,2026-03-04T05:51:48.648Z,Over 3.5 Dejounte Murray Rebounds O/U NO Pelicans @ LA Lakers | Virginia Moneyline Wake Forest @ Virginia,,Basketball,NBA | NCAAM
639081857841920773,Draftkings Sportsbook,parlay,SETTLED_WIN,2.13,2.2239822282354593,-0.0423,17.99,20.40,03/04/2026 01:49:44 GMT,03/04/2026 04:58:39 GMT,2026-03-04T01:49:44.704Z,2026-03-04T04:58:39.024Z,Auburn Moneyline LSU @ Auburn | Cincinnati Moneyline BYU @ Cincinnati,,Basketball,NCAAM
20G20HNF0J,BetMGM,straight,SETTLED_WIN,1.7692307692307692,,,30,23.08,03/03/2026 21:37:18 GMT,03/04/2026 03:10:00 GMT,2026-03-03T21:37:18.827Z,2026-03-04T03:10:00.000Z,Under 16.5 Tre Johnson (WAS): Total points and assists Washington Wizards at Orlando Magic,,Basketball,NBA
639081775386295482,Draftkings Sportsbook,parlay,SETTLED_LOSS,4.75,4.590940178575136,0.0346,15,-15.00,03/03/2026 23:32:18 GMT,03/04/2026 03:00:00 GMT,2026-03-03T23:32:18.206Z,2026-03-04T03:00:00.000Z,Texas A&M Moneyline Kentucky @ Texas A&M | Missouri Moneyline Missouri @ Oklahoma | Auburn Moneyline LSU @ Auburn,,Basketball,NCAAM
639081599908899414,Draftkings Sportsbook,parlay,SETTLED_LOSS,5.11,5.167273764418489,-0.0111,25,-25.00,03/03/2026 18:39:52 GMT,03/04/2026 03:00:00 GMT,2026-03-03T18:39:52.067Z,2026-03-04T03:00:00.000Z,Miami OH Moneyline Toledo @ Miami OH | UCLA Moneyline Nebraska @ UCLA | Under 81.5 Kentucky Alternate Total Points Kentucky @ Texas A&M,,Basketball,NCAAM
639081436633047472,Draftkings Sportsbook,parlay,SETTLED_CASH_OUT,5.12,5.173996471073849,-0.0104,21.78,-18.79,03/03/2026 14:07:44 GMT,03/04/2026 00:55:09 GMT,2026-03-03T14:07:44.140Z,2026-03-04T00:55:09.513Z,UCF Moneyline Oklahoma State @ UCF | Texas A&M -2.5 Spread Kentucky @ Texas A&M | Under 90.5 Georgia Alternate Total Points Alabama @ Georgia,,Basketball,NCAAM
639081001688090397,Draftkings Sportsbook,straight,SETTLED_WIN,1.9433962264150944,2.0779360540783176,-0.0647,20,18.86,03/03/2026 02:02:49 GMT,03/03/2026 05:53:19 GMT,2026-03-03T02:02:49.010Z,2026-03-03T05:53:19.957Z,2+ Darius Garland Three Pointers Made LA Clippers @ GS Warriors,,Basketball,NBA
639080255313903309,Draftkings Sportsbook,straight,SETTLED_WIN,1.9090909090909092,2.159680370585333,-0.1160,50,45.45,03/02/2026 05:18:50 GMT,03/03/2026 04:15:48 GMT,2026-03-02T05:18:50.342Z,2026-03-03T04:15:48.614Z,Arizona -7.5 Spread Iowa State @ Arizona,,Basketball,NCAAM
639080103100487551,Draftkings Sportsbook,straight,SETTLED_LOSS,1.900900900900901,1.9758995796271632,-0.0380,15,-15.00,03/02/2026 01:05:10 GMT,03/02/2026 03:52:57 GMT,2026-03-02T01:05:10.002Z,2026-03-02T03:52:57.081Z,12+ Nikola Vucevic Points PHI 76ers @ BOS Celtics,,Basketball,NBA
639079806490594988,Draftkings Sportsbook,straight,SETTLED_LOSS,1.8,1.7898445358792148,0.0057,25,-25.00,03/01/2026 16:50:47 GMT,03/01/2026 22:57:18 GMT,2026-03-01T16:50:47.979Z,2026-03-01T22:57:18.489Z,Indiana +4.5 Spread Alternate - NCAAB Michigan State @ Indiana,,Basketball,NCAAM
20FSNK9FKP,BetMGM,parlay,SETTLED_LOSS,2.2,2.4344339419372294,-0.0963,85,-85.00,02/28/2026 23:47:43 GMT,03/01/2026 06:30:00 GMT,2026-02-28T23:47:43.340Z,2026-03-01T06:30:00.000Z,St. Johns Moneyline Villanova at St. Johns | Gonzaga Moneyline Gonzaga at Saint Mary's CA,,Basketball,NCAAM
639079246304772573,Draftkings Sportsbook,straight,SETTLED_LOSS,1.847457627118644,1.8669603680755325,-0.0104,12.72,-12.72,03/01/2026 01:17:10 GMT,03/01/2026 04:17:56 GMT,2026-03-01T01:17:10.300Z,2026-03-01T04:17:56.129Z,Under 20.5 LeBron James Points O/U LA Lakers @ GS Warriors,,Basketball,NBA
639079218018406167,Draftkings Sportsbook,parlay,SETTLED_WIN,2.0300000000000002,2.103571607890542,-0.0350,30,31.04,03/01/2026 00:30:02 GMT,03/01/2026 04:01:41 GMT,2026-03-01T00:30:02.559Z,2026-03-01T04:01:41.995Z,Under 83.5 Arkansas Alternate Total Points Arkansas @ Florida | North Carolina Moneyline Virginia Tech @ North Carolina,,Basketball,NCAAM
639079129796986475,Draftkings Sportsbook,parlay,SETTLED_CASH_OUT,4.82,,,25,91.43,02/28/2026 22:02:59 GMT,03/01/2026 03:13:51 GMT,2026-02-28T22:02:59.548Z,2026-03-01T03:13:51.191Z,Nebraska Live Moneyline Nebraska @ USC | Alabama +4.5 Spread Alabama @ Tennessee | St. Johns Moneyline Villanova @ St. Johns,,Basketball,NCAAM
20FRHPU2PM,BetMGM,parlay,SETTLED_LOSS,2.02,2.0703118507473173,-0.0243,100,-100.00,02/28/2026 04:07:50 GMT,03/01/2026 01:30:00 GMT,2026-02-28T04:07:50.780Z,2026-03-01T01:30:00.000Z,UConn Moneyline Seton Hall at Connecticut | BYU -1.5 Spread BYU at West Virginia,,Basketball,NCAAM
639079093274380885,Draftkings Sportsbook,parlay,SETTLED_LOSS,4.23,5.412329346532806,-0.2185,15,-15.00,02/28/2026 21:02:06 GMT,03/01/2026 00:05:00 GMT,2026-02-28T21:02:06.121Z,2026-03-01T00:05:00.000Z,Iowa State Moneyline Texas Tech @ Iowa State | Alabama Moneyline Alabama @ Tennessee | St. Johns Moneyline Villanova @ St. Johns,,Basketball,NCAAM
639079029687330667,Draftkings Sportsbook,parlay,SETTLED_LOSS,9.11,,,15,-15.00,02/28/2026 19:16:07 GMT,02/28/2026 22:16:07 GMT,2026-02-28T19:16:07.883Z,2026-02-28T22:16:07.883Z,Vanderbilt +4.5 Live Spread Vanderbilt @ Kentucky | Northwestern Live Moneyline Oregon @ Northwestern | UCLA Live Moneyline UCLA @ Minnesota | Iowa State -3.5 Spread Alternate - NCAAB Texas Tech @ Iowa State,,Basketball,NCAAM
639078521260535797,Draftkings Sportsbook,parlay,SETTLED_LOSS,4.82,5.035612855207123,-0.0428,25,-25.00,02/28/2026 05:08:46 GMT,02/28/2026 22:04:36 GMT,2026-02-28T05:08:46.059Z,2026-02-28T22:04:36.000Z,Duke -2.5 Spread Alternate - NCAAB Virginia @ Duke | Vanderbilt -1.5 Spread Alternate - NCAAB Vanderbilt @ Kentucky | Nebraska -2.5 Spread Alternate - NCAAB Nebraska @ USC,,Basketball,NCAAM
639078941490415770,Draftkings Sportsbook,straight,SETTLED_WIN,1.9090909090909092,1.997507290760866,-0.0443,25,22.72,02/28/2026 16:49:07 GMT,02/28/2026 19:56:13 GMT,2026-02-28T16:49:07.903Z,2026-02-28T19:56:13.297Z,Missouri -1.5 Spread Missouri @ Mississippi State,,Basketball,NCAAM
639078468630566228,Draftkings Sportsbook,straight,SETTLED_LOSS,1.8695652173913042,,,17.29,-17.29,02/28/2026 03:41:02 GMT,02/28/2026 04:33:54 GMT,2026-02-28T03:41:02.650Z,2026-02-28T04:33:54.692Z,MIN Wild +2.5 Live Puck Line MIN Wild @ UTA Mammoth,,Ice Hockey,NHL
639077663302824710,Draftkings Sportsbook,parlay,SETTLED_LOSS,5.19,,,25,-25.00,02/27/2026 05:18:50 GMT,02/28/2026 03:13:49 GMT,2026-02-27T05:18:50.590Z,2026-02-28T03:13:49.839Z,Over 3.5 Nicolas Claxton Assists O/U BKN Nets @ BOS Celtics | Kristoffer Reitan Andrew Putnam v Kristoffer Reitan - Round 2 Kizzire v Putnam v Reitan - R2 | Nicolai Hojgaard Rafael Campos v Nicolai Hojgaard - Round 2 Campos v Hojgaard v Kim - R2,,Basketball | Golf,NBA | GOLF
639078050770362093,Draftkings Sportsbook,straight,SETTLED_WIN,2.04,1.8354726131837031,0.1114,25,26.00,02/27/2026 16:04:36 GMT,02/28/2026 03:06:32 GMT,2026-02-27T16:04:36.116Z,2026-02-28T03:06:32.916Z,Michigan Moneyline Michigan @ Illinois,,Basketball,NCAAM
639077553445830940,Draftkings Sportsbook,straight,SETTLED_VOID,1.78125,,,25,0.00,02/27/2026 02:15:45 GMT,02/27/2026 23:35:35 GMT,2026-02-27T02:15:45.835Z,2026-02-27T23:35:35.691Z,Under 4.5 James Harden Rebounds O/U CLE Cavaliers @ DET Pistons,,Basketball,NBA
639078066979646808,Draftkings Sportsbook,straight,SETTLED_LOSS,1.8,,,20,-20.00,02/27/2026 16:31:39 GMT,02/27/2026 20:23:00 GMT,2026-02-27T16:31:39.042Z,2026-02-27T20:23:00.000Z,Under 70.5 Nicolas Echavarria Round Score - Round 2 Fisk v Echavarria v Yu - R2,,Golf,GOLF
20FNM1Y8FS,BetMGM,straight,SETTLED_LOSS,2,1.8525727626077868,0.0796,20,-20.00,02/26/2026 19:45:34 GMT,02/27/2026 05:10:00 GMT,2026-02-26T19:45:34.973Z,2026-02-27T05:10:00.000Z,Under 3.5 Grayson Allen (PHX) : Three-pointers made Los Angeles Lakers at Phoenix Suns,,Basketball,NBA
639077267577764290,Draftkings Sportsbook,parlay,SETTLED_CASH_OUT,6.18,4.820977259379226,0.2819,20,1.30,02/26/2026 18:19:17 GMT,02/27/2026 03:46:56 GMT,2026-02-26T18:19:17.377Z,2026-02-27T03:46:56.771Z,20+ Bam Adebayo Points MIA Heat @ PHI 76ers | Over 4.5 Jrue Holiday Rebounds O/U POR Trail Blazers @ CHI Bulls,,Basketball,NBA
639077555010497830,Draftkings Sportsbook,straight,SETTLED_LOSS,2.1799999999999997,,,25,-25.00,02/27/2026 02:18:20 GMT,02/27/2026 03:02:01 GMT,2026-02-27T02:18:20.760Z,2026-02-27T03:02:01.302Z,Over 153.5 Live Total Michigan State @ Purdue,,Basketball,NCAAM
639077358633143098,Draftkings Sportsbook,parlay,SETTLED_LOSS,2.05,2.7776994270492312,-0.2620,23.43,-23.43,02/26/2026 20:51:04 GMT,02/27/2026 03:01:59 GMT,2026-02-26T20:51:04.418Z,2026-02-27T03:01:59.350Z,25+ Jarace Walker Points + Rebounds + Assists CHA Hornets @ IND Pacers | Michigan State +11.5 Spread Alternate - NCAAB Michigan State @ Purdue,,Basketball,NBA | NCAAM
639077374936105551,Draftkings Sportsbook,parlay,SETTLED_WIN,2.13,2.0369753179542474,0.0457,20,22.75,02/26/2026 21:18:14 GMT,02/27/2026 02:56:23 GMT,2026-02-26T21:18:14.250Z,2026-02-27T02:56:23.630Z,Over 23.5 Jonathan Kuminga Points + Rebounds O/U WAS Wizards @ ATL Hawks | UMBC Moneyline Bryant @ UMBC,,Basketball,NBA | NCAAM
20FN7NJNER,BetMGM,parlay,SETTLED_WIN,1.9523809523809523,,,20,19.20,02/26/2026 12:38:07 GMT,02/27/2026 02:00:00 GMT,2026-02-26T12:38:07.087Z,2026-02-27T02:00:00.000Z,Michael Thorbjornsen Lowest 1st Round Score (Tie No Bet) Michael Thorbjornsen - Sami Valimaki | MD Baltimore Moneyline Bryant at MD Baltimore,,Golf | Basketball,GOLF | NCAAM
639076277001678783,Draftkings Sportsbook,straight,SETTLED_WIN,1.8620689655172413,,,20,17.24,02/25/2026 14:48:21 GMT,02/26/2026 20:47:00 GMT,2026-02-25T14:48:21.398Z,2026-02-26T20:47:00.000Z,Under 4.5 Kristoffer Reitan Birdies or Better - Round 1 Kizzire v Putnam v Reitan - R1,,Golf,GOLF
639077080091876219,Draftkings Sportsbook,parlay,SETTLED_LOSS,5.48,,,25,-25.00,02/26/2026 13:06:48 GMT,02/26/2026 19:35:00 GMT,2026-02-26T13:06:48.759Z,2026-02-26T19:35:00.000Z,Brooks Koepka Matchup - Round 1 Brooks Koepka vs Kristoffer Reitan | Max Homa Matchup - Round 1 Max Homa vs Alex Smalley | Purdue Moneyline Michigan State @ Purdue,,Golf | Basketball,GOLF | NCAAM
639076526902657098,Draftkings Sportsbook,parlay,SETTLED_LOSS,5.19,,,25,-25.00,02/25/2026 21:44:50 GMT,02/26/2026 05:52:30 GMT,2026-02-25T21:44:50.393Z,2026-02-26T05:52:30.752Z,15+ Christian Braun Points BOS Celtics @ DEN Nuggets | 10+ Nikola Jokic Assists BOS Celtics @ DEN Nuggets,,Basketball,NBA
639076412460864224,Draftkings Sportsbook,straight,SETTLED_WIN,3.23,2.775863782345827,0.1636,25,55.75,02/25/2026 18:34:06 GMT,02/26/2026 05:52:04 GMT,2026-02-25T18:34:06.462Z,2026-02-26T05:52:04.222Z,4+ Derrick White Three Pointers Made BOS Celtics @ DEN Nuggets,,Basketball,NBA
639076409053280293,Draftkings Sportsbook,parlay,SETTLED_LOSS,4.95,4.244085521445894,0.1663,20,-20.00,02/25/2026 18:28:25 GMT,02/26/2026 05:00:00 GMT,2026-02-25T18:28:25.049Z,2026-02-26T05:00:00.000Z,Florida -2.5 Spread Alternate - NCAAB Florida @ Texas | Wisconsin Moneyline Wisconsin @ Oregon | Creighton -3.5 Spread DePaul @ Creighton,,Basketball,NCAAM
639076659084126073,Draftkings Sportsbook,parlay,SETTLED_WIN,2,2.354461974791535,-0.1505,20,20.03,02/26/2026 01:25:07 GMT,02/26/2026 04:29:14 GMT,2026-02-26T01:25:07.423Z,2026-02-26T04:29:14.888Z,Arkansas Moneyline Texas A&M @ Arkansas | Alabama -10.5 Spread Alternate - NCAAB Mississippi State @ Alabama,,Basketball,NCAAM
20FMAW5S4U,BetMGM,straight,SETTLED_WIN,1.9523809523809523,1.819339111592633,0.0731,25,23.81,02/25/2026 21:16:44 GMT,02/26/2026 04:10:00 GMT,2026-02-25T21:16:44.053Z,2026-02-26T04:10:00.000Z,Over 2.5 Jaylon Tyson (CLE): Assists Cleveland Cavaliers at Milwaukee Bucks,,Basketball,NBA
20FM6URX02,BetMGM,straight,SETTLED_WIN,2.15,1.9553861899094875,0.0995,25,28.75,02/25/2026 19:07:41 GMT,02/26/2026 03:40:00 GMT,2026-02-25T19:07:41.280Z,2026-02-26T03:40:00.000Z,Over 5.5 Brandin Podziemski (GSW): Assists Golden State Warriors at Memphis Grizzlies,,Basketball,NBA
639076677440228638,Draftkings Sportsbook,straight,SETTLED_WIN,1.8695652173913042,,,14.79,12.86,02/26/2026 01:55:45 GMT,02/26/2026 03:30:53 GMT,2026-02-26T01:55:45.286Z,2026-02-26T03:30:53.633Z,10+ Live Jared McCain Points OKC Thunder @ DET Pistons,,Basketball,NBA
639076531996129608,Draftkings Sportsbook,parlay,SETTLED_LOSS,5.17,5.558860494435135,-0.0700,25,-25.00,02/25/2026 21:53:19 GMT,02/26/2026 03:00:00 GMT,2026-02-25T21:53:19.413Z,2026-02-26T03:00:00.000Z,Under 177.5 Total Mississippi State @ Alabama | St. Johns +9.5 Spread Alternate - NCAAB St. Johns @ UConn | 12+ Cason Wallace Points OKC Thunder @ DET Pistons,,Basketball,NCAAM | NBA
20FKTHZGAX,BetMGM,parlay,SETTLED_LOSS,1.8928571428571428,2.1618026867867086,-0.1244,20,-20.00,02/24/2026 19:29:11 GMT,02/25/2026 07:00:00 GMT,2026-02-24T19:29:11.537Z,2026-02-25T07:00:00.000Z,Over 15.5 Cason Wallace (OKC) : Total points and assists Oklahoma City Thunder at Toronto Raptors | BYU Moneyline Central Florida at BYU,,Basketball,NBA | NCAAM
20FL79X9LF,BetMGM,parlay,SETTLED_LOSS,3.91,4.12216296835145,-0.0515,15,-15.00,02/25/2026 02:17:50 GMT,02/25/2026 06:40:00 GMT,2026-02-25T02:17:50.070Z,2026-02-25T06:40:00.000Z,Over 4.5 Anthony Black (ORL) : Assists Orlando Magic at Los Angeles Lakers | Yes Jrue Holiday to score 20+ points Minnesota Timberwolves @ Portland Trail Blazers,,Basketball,NBA
639075886197561667,Draftkings Sportsbook,parlay,SETTLED_WIN,1.900900900900901,,,20,18.04,02/25/2026 03:57:00 GMT,02/25/2026 06:23:50 GMT,2026-02-25T03:57:00.074Z,2026-02-25T06:23:50.468Z,Arizona Live Moneyline Arizona @ Baylor | UCLA Moneyline USC @ UCLA,,Basketball,NCAAM
20FKYHF492,BetMGM,straight,SETTLED_LOSS,2.1,2.4370263853450425,-0.1383,20,-20.00,02/24/2026 21:37:27 GMT,02/25/2026 05:10:00 GMT,2026-02-24T21:37:27.743Z,2026-02-25T05:10:00.000Z,Over 5.5 Oso Ighodaro (PHX): Rebounds Boston Celtics at Phoenix Suns,,Basketball,NBA
20FKYGCGSU,BetMGM,straight,SETTLED_WIN,2.15,2.0293579981735306,0.0594,20,23.00,02/24/2026 21:36:05 GMT,02/25/2026 05:10:00 GMT,2026-02-24T21:36:05.097Z,2026-02-25T05:10:00.000Z,Under 1.5 Baylor Scheierman (BOS): Three-pointers made Boston Celtics at Phoenix Suns,,Basketball,NBA
639075494746124938,Draftkings Sportsbook,straight,SETTLED_LOSS,2.1399999999999997,2.315379973717374,-0.0757,15,-15.00,02/24/2026 17:04:33 GMT,02/25/2026 04:22:41 GMT,2026-02-24T17:04:33.220Z,2026-02-25T04:22:41.322Z,4+ Grayson Allen Assists BOS Celtics @ PHO Suns,,Basketball,NBA
639075072059534686,Draftkings Sportsbook,parlay,SETTLED_WIN,5.27,4.020379820886004,0.3108,25,106.75,02/24/2026 05:20:05 GMT,02/25/2026 03:40:00 GMT,2026-02-24T05:20:05.417Z,2026-02-25T03:40:00.000Z,Texas Tech -5.5 Spread Cincinnati @ Texas Tech | 12+ Jonathan Kuminga Points WAS Wizards @ ATL Hawks,,Basketball,NCAAM | NBA
20FKNSEZ7U,BetMGM,straight,SETTLED_WIN,2,2.0382288915963658,-0.0188,18.12,18.12,02/24/2026 17:29:39 GMT,02/25/2026 03:30:00 GMT,2026-02-24T17:29:39.193Z,2026-02-25T03:30:00.000Z,Yes James Harden to score 20+ points New York Knicks @ Cleveland Cavaliers,,Basketball,NBA
20FKNXPCLD,BetMGM,straight,SETTLED_LOSS,1.847457627118644,,,20,-20.00,02/24/2026 17:33:33 GMT,02/25/2026 03:00:00 GMT,2026-02-24T17:33:33.030Z,2026-02-25T03:00:00.000Z,Under 14.5 Totals Alabama at Southern Mississippi,,Baseball,NCAA Baseball
639074183003728580,Draftkings Sportsbook,parlay,SETTLED_LOSS,1.847457627118644,1.7360242695889658,0.0642,20,-20.00,02/23/2026 04:38:20 GMT,02/24/2026 05:06:15 GMT,2026-02-23T04:38:20.575Z,2026-02-24T05:06:15.824Z,Over 18.5 Alperen Sengun Points O/U UTA Jazz @ HOU Rockets | Grambling Moneyline Mississippi Valley @ Grambling,,Basketball,NBA | NCAAM
639074040619976538,Draftkings Sportsbook,parlay,SETTLED_LOSS,9.37,,,15,-15.00,02/23/2026 00:41:01 GMT,02/23/2026 04:59:44 GMT,2026-02-23T00:41:01.743Z,2026-02-23T04:59:44.019Z,5+ Josh Hart Assists NY Knicks @ CHI Bulls | 20+ Karl-Anthony Towns Points NY Knicks @ CHI Bulls | 5+ Paolo Banchero Assists ORL Magic @ LA Clippers | 20+ Paolo Banchero Points ORL Magic @ LA Clippers,,Basketball,NBA
639074182651348807,Draftkings Sportsbook,straight,SETTLED_CASH_OUT,1.819672131147541,1.6067825755265517,0.1325,20,0.00,02/23/2026 04:37:45 GMT,02/23/2026 04:38:02 GMT,2026-02-23T04:37:45.602Z,2026-02-23T04:38:02.274Z,Over 18.5 Alperen Sengun Points O/U UTA Jazz @ HOU Rockets,,Basketball,NBA
20FH87ZW3D,BetMGM,straight,SETTLED_LOSS,1.6451612903225805,1.6192827484200538,0.0160,25,-25.00,02/22/2026 23:35:54 GMT,02/23/2026 04:10:00 GMT,2026-02-22T23:35:54.297Z,2026-02-23T04:10:00.000Z,Over 4.5 Matas Buzelis (CHI): Rebounds New York Knicks at Chicago Bulls,,Basketball,NBA
20FH9XK3PR,BetMGM,straight,SETTLED_WIN,1.7407407407407407,1.6420099979310026,0.0601,25,18.52,02/23/2026 00:29:52 GMT,02/23/2026 04:10:00 GMT,2026-02-23T00:29:52.623Z,2026-02-23T04:10:00.000Z,Over 1.5 Toumani Camara (POR) : Assists Portland Trail Blazers at Phoenix Suns,,Basketball,NBA
639073792132518675,Draftkings Sportsbook,parlay,SETTLED_LOSS,5.6,,,25,-25.00,02/22/2026 17:46:52 GMT,02/23/2026 02:40:00 GMT,2026-02-22T17:46:52.762Z,2026-02-23T02:40:00.000Z,20+ Karl-Anthony Towns Points NY Knicks @ CHI Bulls | 18+ Payton Pritchard Points BOS Celtics @ LA Lakers | Over 2.5 Rui Hachimura Rebounds O/U BOS Celtics @ LA Lakers,,Basketball,NBA
20FG4U2CEG,BetMGM,parlay,SETTLED_WIN,1.925925925925926,,,25,23.35,02/22/2026 04:43:33 GMT,02/23/2026 01:00:00 GMT,2026-02-22T04:43:33.947Z,2026-02-23T01:00:00.000Z,USA +1.5 Spread (including OT and shootouts) Canada - USA | Michigan St Moneyline Ohio State at Michigan State | Jacob Bridgeman Tournament winner The Genesis Invitational,,Ice Hockey | Basketball | Golf,NHL | NCAAM | GOLF
20FH2SZPFA,BetMGM,straight,SETTLED_WIN,2.05,1.9062306640847482,0.0754,25,26.25,02/22/2026 20:41:38 GMT,02/22/2026 23:45:00 GMT,2026-02-22T20:41:38.920Z,2026-02-22T23:45:00.000Z,Under 6.5 Pat Spencer (GSW): Assists Denver Nuggets at Golden State Warriors,,Basketball,NBA
20FGXGR6U9,BetMGM,straight,SETTLED_LOSS,1.6896551724137931,2.1789070669645096,-0.2245,25,-25.00,02/22/2026 17:52:32 GMT,02/22/2026 23:40:00 GMT,2026-02-22T17:52:32.060Z,2026-02-22T23:40:00.000Z,"Under 22.5 Gui Santos (GSW): Total points, rebounds and assists Denver Nuggets at Golden State Warriors",,Basketball,NBA
20FFZC6UTS,BetMGM,straight,SETTLED_CASH_OUT,2,,,200,0.00,02/22/2026 01:48:22 GMT,02/22/2026 16:10:00 GMT,2026-02-22T01:48:22.160Z,2026-02-22T16:10:00.000Z,USA 2-way (including OT and penalties) Canada - USA,,Ice Hockey,NHL
20FG0HLEX9,BetMGM,straight,SETTLED_LOSS,1.625,1.7924260879193887,-0.0934,63.91,-63.91,02/22/2026 02:25:52 GMT,02/22/2026 07:00:00 GMT,2026-02-22T02:25:52.643Z,2026-02-22T07:00:00.000Z,Yes Fight to go the distance Sean Strickland (USA) - Anthony Hernandez (USA),,MMA,UFC
639073285204434793,Draftkings Sportsbook,parlay,SETTLED_LOSS,2,,,50,-50.00,02/22/2026 03:42:01 GMT,02/22/2026 05:47:37 GMT,2026-02-22T03:42:01.823Z,2026-02-22T05:47:37.845Z,Iowa State Live Moneyline Iowa State @ BYU | Auburn Live Moneyline Kentucky @ Auburn,,Basketball,NCAAM
639073219610109895,Draftkings Sportsbook,parlay,SETTLED_LOSS,2.0300000000000002,,,50,-50.00,02/22/2026 01:52:40 GMT,02/22/2026 04:52:40 GMT,2026-02-22T01:52:40.996Z,2026-02-22T04:52:40.996Z,Iowa State -2.5 Spread Iowa State @ BYU | Illinois Live Moneyline Illinois @ UCLA,,Basketball,NCAAM
20FFL68BLH,BetMGM,parlay,SETTLED_LOSS,2.51,2.625687146037387,-0.0441,100,-100.00,02/21/2026 19:50:22 GMT,02/22/2026 02:30:00 GMT,2026-02-21T19:50:22.387Z,2026-02-22T02:30:00.000Z,Colorado Moneyline Oklahoma State at Colorado | Michigan Moneyline Michigan at Duke (Neutral Venue),,Basketball,NCAAM
639072846614500084,Draftkings Sportsbook,parlay,SETTLED_LOSS,5.64,5.3990630103402975,0.0446,25,-25.00,02/21/2026 15:31:02 GMT,02/21/2026 22:39:11 GMT,2026-02-21T15:31:02.909Z,2026-02-21T22:39:11.154Z,Tennessee +3.5 Spread Tennessee @ Vanderbilt | Miami FL +7.5 Spread Miami FL @ Virginia | Houston Moneyline Arizona @ Houston,,Basketball,NCAAM
639072915215103931,Draftkings Sportsbook,straight,SETTLED_LOSS,1.7462686567164178,,,20,-20.00,02/21/2026 17:25:21 GMT,02/21/2026 21:55:00 GMT,2026-02-21T17:25:21.319Z,2026-02-21T21:55:00.000Z,Over 4.5 Tommy Fleetwood vs Aldrich Potgieter Tommy Fleetwood Birdies or Better - Round 3 Tommy Fleetwood vs Aldrich Potgieter,,Golf,GOLF
639072915103437007,Draftkings Sportsbook,straight,SETTLED_LOSS,1.847457627118644,,,15,-15.00,02/21/2026 17:25:10 GMT,02/21/2026 21:10:00 GMT,2026-02-21T17:25:10.183Z,2026-02-21T21:10:00.000Z,Over 4.5 Sepp Straka vs Jake Knapp Sepp Straka Birdies or Better - Round 3 Sepp Straka vs Jake Knapp,,Golf,GOLF
20FENSFNYL,BetMGM,parlay,SETTLED_LOSS,2,2.0772776344926798,-0.0372,100,-100.00,02/21/2026 04:09:07 GMT,02/21/2026 21:00:00 GMT,2026-02-21T04:09:07.653Z,2026-02-21T21:00:00.000Z,Kansas Moneyline Cincinnati at Kansas | Michigan Moneyline Michigan at Duke (Neutral Venue),,Basketball,NCAAM
639072856030840421,Draftkings Sportsbook,straight,SETTLED_LOSS,1.925925925925926,1.817722284260943,0.0595,25,-25.00,02/21/2026 15:46:42 GMT,02/21/2026 20:26:13 GMT,2026-02-21T15:46:42.626Z,2026-02-21T20:26:13.190Z,Syracuse Moneyline North Carolina @ Syracuse,,Basketball,NCAAM
639072997774862413,Draftkings Sportsbook,parlay,SETTLED_CASH_OUT,1.970873786407767,2.1445102311400612,-0.0810,50,0.00,02/21/2026 19:42:57 GMT,02/21/2026 19:52:00 GMT,2026-02-21T19:42:57.524Z,2026-02-21T19:52:00.392Z,Colorado Moneyline Oklahoma State @ Colorado | Baylor Moneyline Arizona State @ Baylor,,Basketball,NCAAM
639072481009970331,Draftkings Sportsbook,straight,SETTLED_LOSS,2.06,,,15,-15.00,02/21/2026 05:21:40 GMT,02/21/2026 18:35:00 GMT,2026-02-21T05:21:40.590Z,2026-02-21T18:35:00.000Z,Over 69.5 Ryan Gerard Round Score - Round 3 Viktor Hovland vs Ryan Gerard,,Golf,GOLF
20FECKKMGA,BetMGM,straight,SETTLED_WIN,6.25,,,10,52.50,02/20/2026 22:43:24 GMT,02/21/2026 05:45:22 GMT,2026-02-20T22:43:24.020Z,2026-02-21T05:45:22.120Z,Yes Bennedict Mathurin to score 25+ points Los Angeles Clippers @ Los Angeles Lakers,,Basketball,NBA
20FEBXPYAU,BetMGM,parlay,SETTLED_WIN,2.09,2.3361878641544647,-0.1054,50,54.55,02/20/2026 22:21:52 GMT,02/21/2026 04:04:39 GMT,2026-02-20T22:21:52.467Z,2026-02-21T04:04:39.408Z,Purdue Moneyline Indiana U. at Purdue | Miami OH Moneyline Bowling Green at Miami OH | Yes Tyler Herro to score 15+ points Miami Heat @ Atlanta Hawks,,Basketball,NCAAM | NBA
639072257582254743,Draftkings Sportsbook,parlay,SETTLED_LOSS,16.4,,,4.36,-4.36,02/20/2026 23:09:16 GMT,02/21/2026 03:30:33 GMT,2026-02-20T23:09:16.620Z,2026-02-21T03:30:33.707Z,6+ Jarace Walker Assists IND Pacers @ WAS Wizards | 6+ Jeremiah Fears Assists MIL Bucks @ NO Pelicans,,Basketball,NBA
20FED6ETP7,BetMGM,straight,SETTLED_LOSS,2.05,1.8492669474115873,0.1085,15,-15.00,02/20/2026 23:02:32 GMT,02/21/2026 03:00:00 GMT,2026-02-20T23:02:32.140Z,2026-02-21T03:00:00.000Z,Yes Taylor Hendricks to make 2+ three-pointers Utah Jazz @ Memphis Grizzlies,,Basketball,NBA
639072266311718331,Draftkings Sportsbook,parlay,SETTLED_LOSS,61,,,2.81,-2.81,02/20/2026 23:23:51 GMT,02/21/2026 02:50:31 GMT,2026-02-20T23:23:51.982Z,2026-02-21T02:50:31.754Z,8+ LaMelo Ball Rebounds CLE Cavaliers @ CHA Hornets | 8+ James Harden Rebounds CLE Cavaliers @ CHA Hornets | 8+ James Harden Assists CLE Cavaliers @ CHA Hornets | 8+ LaMelo Ball Assists CLE Cavaliers @ CHA Hornets,,Basketball,NBA
639072268838407671,Draftkings Sportsbook,straight,SETTLED_LOSS,1.8928571428571428,,,5,-5.00,02/20/2026 23:28:02 GMT,02/20/2026 23:35:38 GMT,2026-02-20T23:28:02.442Z,2026-02-20T23:35:38.386Z,Par Live Sam Burns Hole Score - Hole 16 - Round 2 Griffin v Bradley v Burns - R2,,other,other
639072262917415753,Draftkings Sportsbook,straight,SETTLED_WIN,1.78125,,,10,7.81,02/20/2026 23:18:11 GMT,02/20/2026 23:25:32 GMT,2026-02-20T23:18:11.083Z,2026-02-20T23:25:32.656Z,Bogey or Worse Live Michael Kim Hole Score - Hole 16 - Round 2 Theegala v M.Kim v Coody - R2,,Golf,GOLF
639072047717012232,Draftkings Sportsbook,parlay,SETTLED_WIN,2.12,,,20,22.53,02/20/2026 17:19:32 GMT,02/20/2026 22:40:01 GMT,2026-02-20T17:19:32.428Z,2026-02-20T22:40:01.993Z,Canada Live Moneyline Finland @ Canada | USA Moneyline Slovakia @ USA,,Ice Hockey,NHL
639071977089325833,Draftkings Sportsbook,parlay,SETTLED_WIN,1.9523809523809523,,,50,47.91,02/20/2026 15:21:49 GMT,02/20/2026 22:40:01 GMT,2026-02-20T15:21:49.984Z,2026-02-20T22:40:01.786Z,Finland +2.5 Puck Line Finland @ Canada | USA Moneyline Slovakia @ USA,,Ice Hockey,NHL
639072035906027770,Draftkings Sportsbook,parlay,SETTLED_LOSS,5.93,,,20,-20.00,02/20/2026 16:59:52 GMT,02/20/2026 22:14:00 GMT,2026-02-20T16:59:52.013Z,2026-02-20T22:14:00.000Z,Min Woo Lee Min Woo Lee v Daniel Berger - Round 2 M.W Lee v Spieth v Berger - R2 | Sam Burns Keegan Bradley v Sam Burns - Round 2 Griffin v Bradley v Burns - R2 | Rory McIlroy Tommy Fleetwood v Rory McIlroy - Round 2 Morikawa v Fleetwood v McIlroy - R2,,Golf,GOLF
639072207921714123,Draftkings Sportsbook,straight,SETTLED_WIN,1.925925925925926,,,20,18.51,02/20/2026 21:46:31 GMT,02/20/2026 21:56:41 GMT,2026-02-20T21:46:31.009Z,2026-02-20T21:56:41.992Z,Bogey or Worse Live Robert MacIntyre Hole Score - Hole 16 - Round 2 Gotterup v Rose v MacIntyre - R2,,Golf,GOLF
639072056344880201,Draftkings Sportsbook,straight,SETTLED_WIN,1.847457627118644,,,25,21.18,02/20/2026 17:33:54 GMT,02/20/2026 20:45:00 GMT,2026-02-20T17:33:54.042Z,2026-02-20T20:45:00.000Z,Under 70.5 Min Woo Lee Round Score - Round 2 M.W Lee v Spieth v Berger - R2,,Golf,GOLF
639071513350313644,Draftkings Sportsbook,straight,SETTLED_LOSS,6.56,6.679802955665023,-0.0179,10,-10.00,02/20/2026 02:28:55 GMT,02/20/2026 05:46:19 GMT,2026-02-20T02:28:55.827Z,2026-02-20T05:46:19.094Z,Yes Jalen Suggs Double-Double ORL Magic @ SAC Kings,,Basketball,NBA
639071488347987743,Draftkings Sportsbook,parlay,SETTLED_LOSS,2.0700000000000003,,,20,-20.00,02/20/2026 01:47:16 GMT,02/20/2026 05:46:17 GMT,2026-02-20T01:47:16.218Z,2026-02-20T05:46:17.104Z,10+ Nikola Vucevic Points BOS Celtics @ GS Warriors | 20+ Paolo Banchero Points ORL Magic @ SAC Kings,,Basketball,NBA
20FBXGH8GB,BetMGM,parlay,SETTLED_WIN,1.8064516129032258,,,30,24.31,02/19/2026 04:32:46 GMT,02/20/2026 05:26:42 GMT,2026-02-19T04:32:46.410Z,2026-02-20T05:26:42.276Z,Gonzaga Moneyline Gonzaga at San Francisco | Yes Bennedict Mathurin to score 15+ points Denver Nuggets @ Los Angeles Clippers,,Basketball,NCAAM | NBA
20FD5EE9GJ,BetMGM,straight,SETTLED_WIN,1.425531914893617,1.5034106588249918,-0.0518,100,42.55,02/20/2026 01:50:52 GMT,02/20/2026 05:26:42 GMT,2026-02-20T01:50:52.453Z,2026-02-20T05:26:42.274Z,Celtics Moneyline Boston Celtics at Golden State Warriors,,Basketball,NBA
20FC0YRP22,BetMGM,straight,SETTLED_LOSS,1.8695652173913042,1.8781526309601995,-0.0046,25.53,-25.53,02/19/2026 06:22:30 GMT,02/20/2026 03:10:00 GMT,2026-02-19T06:22:30.627Z,2026-02-20T03:10:00.000Z,Over 15.5 Nolan Traore (BKN): Total points and assists Brooklyn Nets at Cleveland Cavaliers,,Basketball,NBA
639071205265958715,Draftkings Sportsbook,parlay,SETTLED_LOSS,2.56,,,25,-25.00,02/19/2026 17:55:26 GMT,02/20/2026 02:44:35 GMT,2026-02-19T17:55:26.697Z,2026-02-20T02:44:35.215Z,Over 27.5 Brandon Miller Points + Rebounds O/U HOU Rockets @ CHA Hornets | 12+ Amen Thompson Points HOU Rockets @ CHA Hornets,,Basketball,NBA
20FCUSY8BC,BetMGM,parlay,SETTLED_LOSS,2.35,2.792149713962191,-0.1584,25,-25.00,02/19/2026 20:41:52 GMT,02/20/2026 02:30:00 GMT,2026-02-19T20:41:52.743Z,2026-02-20T02:30:00.000Z,Appalachian St Moneyline Marshall at Appalachian St | Under 7.5 Tyrese Maxey (PHI): Assists Atlanta Hawks at Philadelphia 76ers,,Basketball,NCAAM | NBA
639071242746278657,Draftkings Sportsbook,parlay,SETTLED_LOSS,2.06,,,30.91,-30.91,02/19/2026 18:57:54 GMT,02/20/2026 01:39:57 GMT,2026-02-19T18:57:54.668Z,2026-02-20T01:39:57.696Z,Appalachian State Moneyline Marshall @ Appalachian State | 10+ Nikola Vucevic Points BOS Celtics @ GS Warriors,,Basketball,NCAAM | NBA
639070754886018611,Draftkings Sportsbook,straight,SETTLED_WIN,1.7692307692307692,,,25,19.23,02/19/2026 05:24:49 GMT,02/19/2026 22:49:00 GMT,2026-02-19T05:24:49.448Z,2026-02-19T22:49:00.000Z,Over 70.5 Daniel Berger Round Score - Round 1 M.W.Lee v Spieth v Berger - R1,,Golf,GOLF
639071145519892479,Draftkings Sportsbook,parlay,SETTLED_LOSS,2.45,,,25,-25.00,02/19/2026 16:15:51 GMT,02/19/2026 22:13:00 GMT,2026-02-19T16:15:51.809Z,2026-02-19T22:13:00.000Z,Viktor Hovland Matchup - Round 1 Viktor Hovland vs Adam Scott | Scottie Scheffler Matchup - Round 1 Patrick Cantlay vs Scottie Scheffler,,Golf,GOLF
20FBATZ3J9,BetMGM,parlay,SETTLED_WIN,1.925925925925926,,,50,46.67,02/18/2026 18:34:00 GMT,02/19/2026 04:25:14 GMT,2026-02-18T18:34:00.130Z,2026-02-19T04:25:14.423Z,USA 2-way (including OT and penalties) USA - Sweden | Tennessee Moneyline Oklahoma at Tennessee | St. Johns Moneyline St. Johns at Marquette,,Ice Hockey | Basketball,NHL | NCAAM
20FBWX9F49,BetMGM,straight,SETTLED_CASH_OUT,1.9090909090909092,2.062268061777366,-0.0743,25,0.00,02/19/2026 04:13:32 GMT,02/19/2026 04:25:14 GMT,2026-02-19T04:13:32.553Z,2026-02-19T04:25:14.422Z,Over 15.5 Bennedict Mathurin (LAC): Points Denver Nuggets at Los Angeles Clippers,,Basketball,NBA
639070517215653197,Draftkings Sportsbook,parlay,SETTLED_LOSS,1.9803921568627452,2.1923161177788564,-0.0967,25,-25.00,02/18/2026 22:48:42 GMT,02/19/2026 04:07:18 GMT,2026-02-18T22:48:42.810Z,2026-02-19T04:07:18.406Z,Arizona -11.5 Spread BYU @ Arizona | Gonzaga Moneyline Gonzaga @ San Francisco,,Basketball,NCAAM
639070579105216732,Draftkings Sportsbook,parlay,SETTLED_WIN,1.819672131147541,2.1395496232263453,-0.1495,50,41.43,02/19/2026 00:31:49 GMT,02/19/2026 04:07:13 GMT,2026-02-19T00:31:49.914Z,2026-02-19T04:07:13.763Z,Sam Houston -1.5 Spread Alternate - NCAAB Middle Tennessee @ Sam Houston | Arizona -1.5 Spread Alternate - NCAAB BYU @ Arizona,,Basketball,NCAAM
639070267788566629,Draftkings Sportsbook,parlay,SETTLED_LOSS,2.24,2.2081239763119007,0.0144,25,-25.00,02/18/2026 15:52:59 GMT,02/19/2026 03:00:00 GMT,2026-02-18T15:52:59.744Z,2026-02-19T03:00:00.000Z,Tennessee Moneyline Oklahoma @ Tennessee | Arizona Moneyline BYU @ Arizona | Under 188.5 Total Alternate - NCAAB Arkansas @ Alabama,,Basketball,NCAAM
639070627173441930,Draftkings Sportsbook,straight,SETTLED_LOSS,2.24,,,25,-25.00,02/19/2026 01:51:58 GMT,02/19/2026 02:17:22 GMT,2026-02-19T01:51:58.497Z,2026-02-19T02:17:22.261Z,UConn Live Moneyline Creighton @ UConn,,Basketball,NCAAM
20FBB0AGTB,BetMGM,straight,SETTLED_LOSS,3.5,,,20,-20.00,02/18/2026 18:40:22 GMT,02/18/2026 23:10:00 GMT,2026-02-18T18:40:22.810Z,2026-02-18T23:10:00.000Z,Brady Tkachuk (USA) Anytime goalscorer USA - Sweden,,Ice Hockey,NHL
639069887352815486,Draftkings Sportsbook,parlay,SETTLED_LOSS,2.13,,,25,-25.00,02/18/2026 05:18:55 GMT,02/18/2026 06:21:13 GMT,2026-02-18T05:18:55.206Z,2026-02-18T06:21:13.530Z,Minnesota Live Moneyline Minnesota @ Oregon | Texas Tech Live Moneyline Texas Tech @ Arizona State | Kansas Moneyline Kansas @ Oklahoma State,,Basketball,NCAAM
639069699850772475,Draftkings Sportsbook,parlay,SETTLED_WIN,2.2800000000000002,2.4717742271678165,-0.0776,50,64.48,02/18/2026 00:06:24 GMT,02/18/2026 04:12:44 GMT,2026-02-18T00:06:24.779Z,2026-02-18T04:12:44.734Z,Iowa Moneyline Nebraska @ Iowa | Over 138.5 Total Alternate - NCAAB LSU @ Texas,,Basketball,NCAAM
639069376463172038,Draftkings Sportsbook,parlay,SETTLED_LOSS,2.35,2.560296429213719,-0.0821,25,-25.00,02/17/2026 15:07:24 GMT,02/18/2026 04:10:42 GMT,2026-02-17T15:07:24.969Z,2026-02-18T04:10:42.403Z,Texas Moneyline LSU @ Texas | Florida Moneyline South Carolina @ Florida | Wisconsin Moneyline Wisconsin @ Ohio State,,Basketball,NCAAM
20FA0CY9P3,BetMGM,parlay,SETTLED_WIN,2,,,25,25.04,02/17/2026 19:56:15 GMT,02/18/2026 04:00:00 GMT,2026-02-17T19:56:15.547Z,2026-02-18T04:00:00.000Z,Clemson Moneyline Charlotte at Clemson | Wake Forest Moneyline High Point at Wake Forest | UCLA Moneyline Tulane at UCLA,,Baseball,NCAA Baseball
639069428630366200,Draftkings Sportsbook,parlay,SETTLED_LOSS,5.47,5.345989829458138,0.0232,15,-15.00,02/17/2026 16:34:23 GMT,02/18/2026 02:30:00 GMT,2026-02-17T16:34:23.532Z,2026-02-18T02:30:00.000Z,Purdue Moneyline 1st Half Michigan @ Purdue | Iowa Moneyline Nebraska @ Iowa | Michigan State Moneyline UCLA @ Michigan State,,Basketball,NCAAM
639069372963603132,Draftkings Sportsbook,straight,SETTLED_LOSS,2.56,2.358448908361427,0.0855,20,-20.00,02/17/2026 15:01:36 GMT,02/18/2026 01:44:47 GMT,2026-02-17T15:01:36.184Z,2026-02-18T01:44:47.285Z,Purdue Moneyline Michigan @ Purdue,,Basketball,NCAAM
639068901385225134,Draftkings Sportsbook,parlay,SETTLED_WIN,2,,,10,10.00,02/17/2026 01:55:38 GMT,02/17/2026 04:14:47 GMT,2026-02-17T01:55:38.452Z,2026-02-17T04:14:47.535Z,Iowa State Moneyline Houston @ Iowa State | Under 146.5 Total Alternate - NCAAB Houston @ Iowa State,,Basketball,NCAAM
639068541719505545,Draftkings Sportsbook,parlay,SETTLED_WIN,2,,,20,20.00,02/16/2026 15:56:11 GMT,02/17/2026 04:14:47 GMT,2026-02-16T15:56:11.841Z,2026-02-17T04:14:47.322Z,Over 125.5 Total Alternate - NCAAB Houston @ Iowa State | Houston +7.5 Spread Alternate - NCAAB Houston @ Iowa State,,Basketball,NCAAM
639068841742000638,Draftkings Sportsbook,straight,SETTLED_WIN,2,,,10,10.00,02/17/2026 00:16:15 GMT,02/17/2026 01:55:09 GMT,2026-02-17T00:16:15.702Z,2026-02-17T01:55:09.944Z,Duke -18.5 Live Spread Alternate - NCAAB Syracuse @ Duke,,Basketball,NCAAM
639067978586403900,Draftkings Sportsbook,straight,SETTLED_LOSS,2.4,,,7.1,-7.10,02/16/2026 00:17:38 GMT,02/16/2026 01:20:03 GMT,2026-02-16T00:17:38.448Z,2026-02-16T01:20:03.616Z,Kevin Durant 2+ Threes Player Prop Specials - USA Stripes USA Stripes @ USA Stars,,Basketball,NBA
639067978973744556,Draftkings Sportsbook,straight,SETTLED_LOSS,1.7407407407407407,,,10,-10.00,02/16/2026 00:18:17 GMT,02/16/2026 00:56:30 GMT,2026-02-16T00:18:17.647Z,2026-02-16T00:56:30.540Z,USA Stripes Moneyline USA Stripes @ USA Stars,,Basketball,NBA
639067956826047525,Draftkings Sportsbook,straight,SETTLED_WIN,2.24,2.426951105898959,-0.0770,12.1,15.00,02/15/2026 23:41:22 GMT,02/16/2026 00:14:11 GMT,2026-02-15T23:41:22.167Z,2026-02-16T00:14:11.984Z,USA Stripes Moneyline USA Stripes @ World,,Basketball,NBA
20F6Y0AMJB,BetMGM,parlay,SETTLED_WIN,1.8695652173913042,,,50,43.69,02/15/2026 15:28:04 GMT,02/15/2026 23:41:51 GMT,2026-02-15T15:28:04.247Z,2026-02-15T23:41:51.225Z,Illinois Moneyline Indiana U. at Illinois | Tommy Fleetwood Who will finish in the top 10? (All ties paid out in full) AT&T Pebble Beach Pro Am,,Basketball | Golf,NCAAM | GOLF
639067931928636249,Draftkings Sportsbook,straight,SETTLED_WIN,1.7692307692307692,,,23.8,18.30,02/15/2026 22:59:51 GMT,02/15/2026 23:31:41 GMT,2026-02-15T22:59:51.724Z,2026-02-15T23:31:41.615Z,USA Stripes Moneyline USA Stripes @ USA Stars,,Basketball,NBA
639067760639464241,Draftkings Sportsbook,straight,SETTLED_LOSS,4.45,,,1.56,-1.56,02/15/2026 18:14:23 GMT,02/15/2026 22:58:38 GMT,2026-02-15T18:14:23.529Z,2026-02-15T22:58:38.282Z,Scottie Scheffler Live Winner AT&T Pebble Beach Pro Am 2026,,Golf,GOLF
639067863093539486,Draftkings Sportsbook,straight,SETTLED_WIN,2.38,,,10,13.80,02/15/2026 21:05:10 GMT,02/15/2026 22:58:35 GMT,2026-02-15T21:05:10.207Z,2026-02-15T22:58:35.738Z,Collin Morikawa Live Winner AT&T Pebble Beach Pro Am 2026,,Golf,GOLF
639067902719833610,Draftkings Sportsbook,straight,SETTLED_LOSS,1.8130081300813008,1.5757589104690175,0.1506,20,-20.00,02/15/2026 22:11:11 GMT,02/15/2026 22:58:02 GMT,2026-02-15T22:11:11.581Z,2026-02-15T22:58:02.835Z,World Moneyline USA Stars @ World,,Basketball,NBA
639067656419408717,Draftkings Sportsbook,parlay,SETTLED_LOSS,7.09,,,10,-10.00,02/15/2026 15:20:42 GMT,02/15/2026 20:34:00 GMT,2026-02-15T15:20:42.959Z,2026-02-15T20:34:00.000Z,Tommy Fleetwood Matchup - Round 4 Tommy Fleetwood vs Xander Schauffele | Akshay Bhatia Matchup - Round 4 Akshay Bhatia vs Jacob Bridgeman | Jake Knapp Matchup - Round 4 Collin Morikawa vs Jake Knapp,,Golf,GOLF
639067275470045199,Draftkings Sportsbook,parlay,SETTLED_WIN,4.93,,,10,39.30,02/15/2026 04:45:45 GMT,02/15/2026 05:52:17 GMT,2026-02-15T04:45:45.513Z,2026-02-15T05:52:17.039Z,Saint Marys -6.5 Live Spread Alternate - NCAAB Saint Marys @ Pacific | Gonzaga -4.5 Live Spread Alternate - NCAAB Gonzaga @ Santa Clara | Over 167.5 Live Total Gonzaga @ Santa Clara,,Basketball,NCAAM
639067095300920624,Draftkings Sportsbook,parlay,SETTLED_LOSS,11.45,9.746822117557489,0.1747,10,-10.00,02/14/2026 23:45:31 GMT,02/15/2026 04:00:00 GMT,2026-02-14T23:45:31.447Z,2026-02-15T04:00:00.000Z,Arkansas -7.5 Spread Auburn @ Arkansas | UConn -16.5 Spread Georgetown @ UConn | Saint Marys Moneyline Saint Marys @ Pacific | Missouri Moneyline Texas @ Missouri,,Basketball,NCAAM
639066955343112288,Draftkings Sportsbook,parlay,SETTLED_WIN,2.06,2.5172369324638746,-0.1816,44.76,47.50,02/14/2026 19:52:12 GMT,02/15/2026 03:43:32 GMT,2026-02-14T19:52:12.913Z,2026-02-15T03:43:32.414Z,Florida Moneyline Kentucky @ Florida | Arkansas Moneyline Auburn @ Arkansas | Alabama -13.5 Spread Alternate - NCAAB South Carolina @ Alabama,,Basketball,NCAAM
639067096010061857,Draftkings Sportsbook,straight,SETTLED_LOSS,2.56,,,10,0.00,02/14/2026 23:46:41 GMT,02/14/2026 23:47:02 GMT,2026-02-14T23:46:41.515Z,2026-02-14T23:47:02.509Z,Ben Shelton Live Set 1 - Game 8 - Point 9 Denis Shapovalov vs Ben Shelton,,Tennis,TENNIS
639066795708806947,Draftkings Sportsbook,parlay,SETTLED_LOSS,7.49,,,25,-25.00,02/14/2026 15:26:10 GMT,02/14/2026 21:01:00 GMT,2026-02-14T15:26:10.798Z,2026-02-14T21:01:00.000Z,Tommy Fleetwood Matchup - Round 3 Tommy Fleetwood vs Xander Schauffele | Ryo Hisatsune Matchup - Round 3 Ryo Hisatsune vs Jacob Bridgeman | Keegan Bradley Matchup - Round 3 Jordan Spieth vs Keegan Bradley,,Golf,GOLF
639066848405142060,Draftkings Sportsbook,parlay,SETTLED_LOSS,6.93,7.85176142943242,-0.1174,30,-30.00,02/14/2026 16:53:59 GMT,02/14/2026 20:45:00 GMT,2026-02-14T16:53:59.011Z,2026-02-14T20:45:00.000Z,Arkansas -4.5 Spread Alternate - NCAAB Auburn @ Arkansas | Alabama -14.5 Spread Alternate - NCAAB South Carolina @ Alabama | UCLA +15.5 Spread UCLA @ Michigan | Iowa State Moneyline Kansas @ Iowa State,,Basketball,NCAAM
639066318397491824,Draftkings Sportsbook,straight,SETTLED_WIN,1.3571428571428572,,,50,17.85,02/14/2026 02:10:38 GMT,02/14/2026 04:18:15 GMT,2026-02-14T02:10:38.852Z,2026-02-14T04:18:15.552Z,Miami OH Live Moneyline Ohio @ Miami OH,,Basketball,NCAAM
639066207884568512,Draftkings Sportsbook,parlay,SETTLED_LOSS,4.41,,,20,-20.00,02/13/2026 23:06:28 GMT,02/14/2026 03:06:41 GMT,2026-02-13T23:06:28.559Z,2026-02-14T03:06:41.490Z,Michigan State -1.5 Spread Michigan State @ Wisconsin | Under 147.5 Total Michigan State @ Wisconsin,,Basketball,NCAAM
639066292209277692,Draftkings Sportsbook,straight,SETTLED_LOSS,3,,,20,-20.00,02/14/2026 01:27:02 GMT,02/14/2026 03:06:38 GMT,2026-02-14T01:27:02.024Z,2026-02-14T03:06:38.465Z,Michigan State Live Moneyline Michigan State @ Wisconsin,,Basketball,NCAAM
639066162133681811,Draftkings Sportsbook,straight,SETTLED_WIN,1.7142857142857144,,,20,14.28,02/13/2026 21:50:13 GMT,02/13/2026 22:18:44 GMT,2026-02-13T21:50:13.319Z,2026-02-13T22:18:44.839Z,Taylor Fritz Live Moneyline Taylor Fritz vs Sebastian Korda,,Tennis,TENNIS
639066028106748586,Draftkings Sportsbook,straight,SETTLED_WIN,1.8771929824561404,,,25,21.92,02/13/2026 18:06:51 GMT,02/13/2026 21:29:00 GMT,2026-02-13T18:06:51.280Z,2026-02-13T21:29:00.000Z,Sepp Straka Matchup - Round 2 Shane Lowry vs Sepp Straka,,Golf,GOLF
20F45LA08X,BetMGM,straight,SETTLED_WIN,1.8,,,50,40.00,02/13/2026 16:20:13 GMT,02/13/2026 20:24:00 GMT,2026-02-13T16:20:13.477Z,2026-02-13T20:24:00.000Z,Collin Morikawa 2nd round 2-balls (Tie no bet) Ludvig Aberg - Collin Morikawa,,Golf,GOLF
639065943510136730,Draftkings Sportsbook,straight,SETTLED_LOSS,1.8695652173913042,,,25,-25.00,02/13/2026 15:45:50 GMT,02/13/2026 20:11:00 GMT,2026-02-13T15:45:50.147Z,2026-02-13T20:11:00.000Z,Under 69.5 Patrick Cantlay Round Score - Round 2 Andrew Novak vs Patrick Cantlay,,Golf,GOLF
639065938633871388,Draftkings Sportsbook,parlay,SETTLED_LOSS,7.39,,,25,-25.00,02/13/2026 15:37:42 GMT,02/13/2026 19:58:00 GMT,2026-02-13T15:37:42.886Z,2026-02-13T19:58:00.000Z,Chris Gotterup Matchup - Round 2 Russell Henley vs Chris Gotterup | Patrick Cantlay Matchup - Round 2 Rickie Fowler vs Patrick Cantlay | Hideki Matsuyama Matchup - Round 2 Viktor Hovland vs Hideki Matsuyama,,Golf,GOLF
20F360SLM2,BetMGM,straight,SETTLED_WIN,1.6666666666666665,1.560711078741485,0.0679,50,33.33,02/12/2026 23:28:20 GMT,02/13/2026 05:10:00 GMT,2026-02-12T23:28:20.557Z,2026-02-13T05:10:00.000Z,Over 3.5 Scoot Henderson (POR): Assists Portland Trail Blazers at Utah Jazz,,Basketball,NBA
639065350240153223,Draftkings Sportsbook,parlay,SETTLED_LOSS,26.71,,,5,-5.00,02/12/2026 23:17:04 GMT,02/13/2026 03:02:07 GMT,2026-02-12T23:17:04.564Z,2026-02-13T03:02:07.415Z,Over 1.5 Vit Krejci Three Pointers Made O/U POR Trail Blazers @ UTA Jazz | 15+ Austin Reaves Points DAL Mavericks @ LA Lakers | Yes Jericho Sims Double-Double MIL Bucks @ OKC Thunder | 6+ Jaylin Williams (OKC) Rebounds MIL Bucks @ OKC Thunder,,Basketball,NBA
639065045465169313,Draftkings Sportsbook,straight,SETTLED_LOSS,1.8,,,25,-25.00,02/12/2026 14:49:06 GMT,02/12/2026 21:29:00 GMT,2026-02-12T14:49:06.470Z,2026-02-12T21:29:00.000Z,Under 1.5 Scottie Scheffler Bogeys or Worse - Round 1 Scottie Scheffler vs Hideki Matsuyama,,Golf,GOLF
639065049653287652,Draftkings Sportsbook,parlay,SETTLED_WIN,3.62,,,25,65.53,02/12/2026 14:56:04 GMT,02/12/2026 21:16:00 GMT,2026-02-12T14:56:04.010Z,2026-02-12T21:16:00.000Z,Justin Rose Matchup - Round 1 Justin Rose vs Ludvig Aberg | Jake Knapp Matchup - Round 1 Jason Day vs Jake Knapp | Russell Henley Matchup - Round 1 Russell Henley vs Patrick Cantlay,,Golf,GOLF
639065030159962676,Draftkings Sportsbook,straight,SETTLED_LOSS,2.2,,,12,-12.00,02/12/2026 14:23:36 GMT,02/12/2026 21:16:00 GMT,2026-02-12T14:23:36.684Z,2026-02-12T21:16:00.000Z,Under 4.5 Patrick Cantlay Birdies or Better - Round 1 Andrew Novak vs Patrick Cantlay,,Golf,GOLF
639065026423096905,Draftkings Sportsbook,straight,SETTLED_WIN,2,,,10,10.00,02/12/2026 14:17:22 GMT,02/12/2026 20:24:00 GMT,2026-02-12T14:17:22.528Z,2026-02-12T20:24:00.000Z,Under 69.5 Sepp Straka Round Score - Round 1 Jacob Bridgeman vs Sepp Straka,,Golf,GOLF
639064678425616311,Draftkings Sportsbook,straight,SETTLED_WIN,2.35,,,20,27.00,02/12/2026 04:37:22 GMT,02/12/2026 05:39:46 GMT,2026-02-12T04:37:22.568Z,2026-02-12T05:39:46.646Z,SA Spurs Live Moneyline SA Spurs @ GS Warriors,,Basketball,NBA
639064257267250380,Draftkings Sportsbook,parlay,SETTLED_WIN,5.41,4.497092704448753,0.2030,25,110.25,02/11/2026 16:55:27 GMT,02/12/2026 04:46:58 GMT,2026-02-11T16:55:27.134Z,2026-02-12T04:46:58.787Z,Over 150.5 Total USC @ Ohio State | Tennessee Moneyline Tennessee @ Mississippi State | Over 82.5 Saint Marys Alternate Total Points Pepperdine @ Saint Marys,,Basketball,NCAAM
639064478859173836,Draftkings Sportsbook,parlay,SETTLED_WIN,3.6,3.8744120959206585,-0.0708,25,65.01,02/11/2026 23:04:44 GMT,02/12/2026 04:12:12 GMT,2026-02-11T23:04:44.441Z,2026-02-12T04:12:12.939Z,Virginia Tech +8.5 Spread Virginia Tech @ Clemson | Missouri +6.5 Spread Missouri @ Texas A&M,,Basketball,NCAAM
20F1CA8TH3,BetMGM,straight,SETTLED_LOSS,1.9523809523809523,2.201474159673628,-0.1131,20,-20.00,02/11/2026 16:42:07 GMT,02/12/2026 03:48:46 GMT,2026-02-11T16:42:07.080Z,2026-02-12T03:48:46.499Z,Over 11.5 Donte DiVincenzo (MIN): Points Portland Trail Blazers at Minnesota Timberwolves,,Basketball,NBA
20F1GH8NYM,BetMGM,straight,SETTLED_WIN,9.5,,,25,212.50,02/11/2026 18:57:51 GMT,02/12/2026 03:00:00 GMT,2026-02-11T18:57:51.700Z,2026-02-12T03:00:00.000Z,Yes Cam Thomas to score 20+ points Milwaukee Bucks @ Orlando Magic,,Basketball,NBA
639064495726209191,Draftkings Sportsbook,straight,SETTLED_LOSS,2.17,2.041697263628379,0.0628,25,-25.00,02/11/2026 23:32:52 GMT,02/12/2026 02:57:53 GMT,2026-02-11T23:32:52.236Z,2026-02-12T02:57:53.140Z,30+ Jaylen Brown Points CHI Bulls @ BOS Celtics,,Basketball,NBA
639064252870508354,Draftkings Sportsbook,parlay,SETTLED_LOSS,8.8,,,25,-25.00,02/11/2026 16:48:05 GMT,02/12/2026 02:57:48 GMT,2026-02-11T16:48:05.745Z,2026-02-12T02:57:48.584Z,20+ Anfernee Simons Points CHI Bulls @ BOS Celtics | 20+ Nikola Vucevic Points + Rebounds CHI Bulls @ BOS Celtics | 5+ Derrick White Assists CHI Bulls @ BOS Celtics | 2+ Guerschon Yabusele Three Pointers Made CHI Bulls @ BOS Celtics,,Basketball,NBA
639064558669971307,Draftkings Sportsbook,straight,SETTLED_WIN,1.8695652173913042,,,0.1,0.08,02/12/2026 01:17:47 GMT,02/12/2026 02:42:40 GMT,2026-02-12T01:17:47.634Z,2026-02-12T02:42:40.958Z,20+ Live Cameron Thomas Points MIL Bucks @ ORL Magic,,Basketball,NBA
20F04CT73C,BetMGM,straight,SETTLED_VOID,1.847457627118644,,,19.3,0.00,02/10/2026 19:24:00 GMT,02/11/2026 06:40:00 GMT,2026-02-10T19:24:00.827Z,2026-02-11T06:40:00.000Z,Under 24.5 LeBron James (LAL) : Points San Antonio Spurs at Los Angeles Lakers,,Basketball,NBA
20F07W52NZ,BetMGM,straight,SETTLED_LOSS,2.2,1.7880714036301841,0.2304,20,-20.00,02/10/2026 21:16:14 GMT,02/11/2026 06:40:00 GMT,2026-02-10T21:16:14.603Z,2026-02-11T06:40:00.000Z,Over 4.5 Jake LaRavia (LAL): Rebounds San Antonio Spurs at Los Angeles Lakers,,Basketball,NBA
639063776480669970,Draftkings Sportsbook,parlay,SETTLED_LOSS,16.6,,,5,-5.00,02/11/2026 03:34:08 GMT,02/11/2026 06:08:24 GMT,2026-02-11T03:34:08.031Z,2026-02-11T06:08:24.397Z,6+ Rui Hachimura Rebounds SA Spurs @ LA Lakers | 1+ Dalton Knecht Three Pointers Made SA Spurs @ LA Lakers | 4+ Luke Kennard Assists SA Spurs @ LA Lakers | 4+ Luke Kennard Rebounds SA Spurs @ LA Lakers,,Basketball,NBA
639063712414740961,Draftkings Sportsbook,parlay,SETTLED_LOSS,6.31,6.233035729794303,0.0123,20,-20.00,02/11/2026 01:47:21 GMT,02/11/2026 04:27:47 GMT,2026-02-11T01:47:21.891Z,2026-02-11T04:27:47.465Z,Over 74.5 Iowa State Alternate Total Points Iowa State @ TCU | Arkansas -4.5 Spread Arkansas @ LSU | Houston -16.5 Spread Houston @ Utah,,Basketball,NCAAM
20F0CED4P4,BetMGM,parlay,SETTLED_LOSS,21,,,5,-5.00,02/10/2026 23:42:08 GMT,02/11/2026 04:00:00 GMT,2026-02-10T23:42:08.870Z,2026-02-11T04:00:00.000Z,Yes Bennedict Mathurin to record 7+ rebounds Los Angeles Clippers @ Houston Rockets | Yes Bennedict Mathurin to make 3+ three-pointers Los Angeles Clippers @ Houston Rockets,,Basketball,NBA
20F065THRR,BetMGM,straight,SETTLED_VOID,2.55,,,15,0.00,02/10/2026 20:21:30 GMT,02/11/2026 03:30:00 GMT,2026-02-10T20:21:30.623Z,2026-02-11T03:30:00.000Z,Yes Jarace Walker to record 7+ rebounds Indiana Pacers @ New York Knicks,,Basketball,NBA
639063350425023080,Draftkings Sportsbook,parlay,SETTLED_LOSS,13.87,15.03926205799045,-0.0777,15,-15.00,02/10/2026 15:44:03 GMT,02/11/2026 03:00:00 GMT,2026-02-10T15:44:03.226Z,2026-02-11T03:00:00.000Z,Nebraska -2.5 Spread Purdue @ Nebraska | Over 158.5 Total BYU @ Baylor | Illinois -7.5 Spread Alternate - NCAAB Wisconsin @ Illinois | Arkansas -5.5 Spread Arkansas @ LSU,,Basketball,NCAAM
639063412668540763,Draftkings Sportsbook,straight,SETTLED_LOSS,1.9090909090909092,2.029791883975802,-0.0595,20,-20.00,02/10/2026 17:27:46 GMT,02/11/2026 02:42:33 GMT,2026-02-10T17:27:46.963Z,2026-02-11T02:42:33.951Z,Villanova -9.5 Spread Marquette @ Villanova,,Basketball,NCAAM
639063369046008352,Draftkings Sportsbook,straight,SETTLED_WIN,1.8695652173913042,1.9452876519277729,-0.0389,20,17.39,02/10/2026 16:15:03 GMT,02/11/2026 00:46:38 GMT,2026-02-10T16:15:03.107Z,2026-02-11T00:46:38.347Z,Miami FL Moneyline 1st Half North Carolina @ Miami FL,,Basketball,NCAAM
639062077669511300,Draftkings Sportsbook,straight,SETTLED_LOSS,1.9345794392523366,1.7137973338679564,0.1288,15,-15.00,02/09/2026 04:22:46 GMT,02/10/2026 06:00:00 GMT,2026-02-09T04:22:46.000Z,2026-02-10T06:00:00.000Z,Over 1.5 Luke Kennard Three Pointers Made O/U OKC Thunder @ LA Lakers,,Basketball,NBA
20EYNESJEP,BetMGM,straight,SETTLED_LOSS,2.25,2.0406928909286064,0.1026,15,-15.00,02/09/2026 18:54:54 GMT,02/10/2026 05:46:24 GMT,2026-02-09T18:54:54.410Z,2026-02-10T05:46:24.841Z,Under 2.5 Al Horford (GSW): Assists Memphis Grizzlies at Golden State Warriors,,Basketball,NBA
20EZ4CN7F6,BetMGM,straight,SETTLED_WIN,2.1,1.9897577488282707,0.0554,15,16.50,02/10/2026 02:20:49 GMT,02/10/2026 05:46:24 GMT,2026-02-10T02:20:49.103Z,2026-02-10T05:46:24.840Z,Under 1.5 Scoot Henderson (POR): Three-pointers made Philadelphia 76ers at Portland Trail Blazers,,Basketball,NBA
639062425010762782,Draftkings Sportsbook,straight,SETTLED_WIN,2.06,1.8401909301331671,0.1194,15,15.90,02/09/2026 14:01:41 GMT,02/10/2026 05:14:45 GMT,2026-02-09T14:01:41.852Z,2026-02-10T05:14:45.490Z,Over 5.5 Gui Santos Rebounds O/U MEM Grizzlies @ GS Warriors,,Basketball,NBA
20EZ2BK2J9,BetMGM,straight,SETTLED_WIN,2.55,2.440176563212559,0.0450,20,31.00,02/10/2026 01:15:45 GMT,02/10/2026 05:00:00 GMT,2026-02-10T01:15:45.460Z,2026-02-10T05:00:00.000Z,Yes Sam Merrill to record 3+ rebounds Cleveland Cavaliers @ Denver Nuggets,,Basketball,NBA
639062857039690481,Draftkings Sportsbook,straight,SETTLED_LOSS,2.0700000000000003,1.8131125082418322,0.1417,20,-20.00,02/10/2026 02:01:43 GMT,02/10/2026 04:19:42 GMT,2026-02-10T02:01:43.308Z,2026-02-10T04:19:42.443Z,Arizona -3.5 Spread Alternate - NCAAB Arizona @ Kansas,,Basketball,NCAAM
639062707990915951,Draftkings Sportsbook,parlay,SETTLED_LOSS,8.98,8.563689685780222,0.0486,10,-10.00,02/09/2026 21:53:19 GMT,02/10/2026 04:00:00 GMT,2026-02-09T21:53:19.059Z,2026-02-10T04:00:00.000Z,20+ Jarrett Allen Points CLE Cavaliers @ DEN Nuggets | 20+ Nique Clifford Points + Assists SAC Kings @ NO Pelicans,,Basketball,NBA
639062077032107515,Draftkings Sportsbook,straight,SETTLED_WIN,1.8620689655172413,1.8897187349961242,-0.0146,25,21.55,02/09/2026 04:21:42 GMT,02/10/2026 03:55:12 GMT,2026-02-09T04:21:42.173Z,2026-02-10T03:55:12.728Z,Over 10.5 Julian Strawther Points O/U CLE Cavaliers @ DEN Nuggets,,Basketball,NBA
639062598335027421,Draftkings Sportsbook,parlay,SETTLED_LOSS,1.9433962264150944,,,15,-15.00,02/09/2026 18:50:33 GMT,02/10/2026 03:44:35 GMT,2026-02-09T18:50:33.123Z,2026-02-10T03:44:35.241Z,Over 4.5 Derik Queen Assists O/U SAC Kings @ NO Pelicans | Over 1.5 Jalen Smith Three Pointers Made O/U CHI Bulls @ BKN Nets,,Basketball,NBA
639062800467958059,Draftkings Sportsbook,straight,SETTLED_LOSS,5.54,,,4.33,-4.33,02/10/2026 00:27:27 GMT,02/10/2026 03:19:25 GMT,2026-02-10T00:27:27.897Z,2026-02-10T03:19:25.739Z,20+ Cameron Thomas Points MIL Bucks @ ORL Magic,,Basketball,NBA
639062780083608016,Draftkings Sportsbook,parlay,SETTLED_LOSS,35.52,,,5,-5.00,02/09/2026 23:53:29 GMT,02/10/2026 03:11:00 GMT,2026-02-09T23:53:29.285Z,2026-02-10T03:11:00.000Z,11+ Jalen Duren Rebounds DET Pistons @ CHA Hornets | 15+ Bobby Portis Points MIL Bucks @ ORL Magic | 20+ Andrew Wiggins Points UTA Jazz @ MIA Heat | 15+ Isaiah Collier Points UTA Jazz @ MIA Heat,,Basketball,NBA
639062705894873238,Draftkings Sportsbook,straight,SETTLED_CASH_OUT,3,,,120,0.00,02/09/2026 21:49:50 GMT,02/09/2026 21:50:26 GMT,2026-02-09T21:49:50.246Z,2026-02-09T21:50:26.899Z,Petros Tsitsipas Moneyline Mario Gonzalez Fernandez vs Petros Tsitsipas,,other,other
PlacedBet:vr2fmbzjB2Gkk6TB/quxkJQqRJ8=,theScore Bet,straight,SETTLED_CASH_OUT,1.5263157894736843,,,300,0.00,02/09/2026 21:49:48 GMT,02/09/2026 21:50:21 GMT,2026-02-09T21:49:48.376Z,2026-02-09T21:50:21.543Z,M. Gonzalez Fernandez Match Winner Mario Gonzalez Fernandez vs Petros Tsitsipas,,other,other
PlacedBet:A2EYEcCCtvWTzZIEeT49Seq2Dnw=,theScore Bet,straight,SETTLED_WIN,2,,,125,125.00,02/09/2026 18:33:09 GMT,02/09/2026 20:54:32 GMT,2026-02-09T18:33:09.660Z,2026-02-09T20:54:32.940Z,N. Schachter +3.5 Games Handicap Enzo Kohlmann de Freitas vs Noah Schachter,,Tennis,TENNIS
639062587934129338,Draftkings Sportsbook,straight,SETTLED_LOSS,2.35,,,110,-110.00,02/09/2026 18:33:14 GMT,02/09/2026 20:53:27 GMT,2026-02-09T18:33:14.373Z,2026-02-09T20:53:27.410Z,Enzo Kohlmann De Freitas -3.5 Live Games Spread Enzo Kohlmann De Freitas vs Noah Schachter,,other,other
639061974311779085,Draftkings Sportsbook,straight,SETTLED_WIN,1.8695652173913042,,,20,17.39,02/09/2026 01:30:31 GMT,02/09/2026 03:25:54 GMT,2026-02-09T01:30:31.684Z,2026-02-09T03:25:54.772Z,20+ Live Hunter Henry Receiving Yards SEA Seahawks @ NE Patriots,,American Football,NFL
O/0094602/0000738,Fanduel Sportsbook,straight,SETTLED_LOSS,2.98,3.032051042650563,-0.0172,101.01,-101.01,02/07/2026 16:44:12 GMT,02/09/2026 03:25:18 GMT,2026-02-07T16:44:12.000Z,2026-02-09T03:25:18.000Z,New England Patriots Moneyline Seattle Seahawks @ New England Patriots,,American Football,NFL
639061881831469191,Draftkings Sportsbook,parlay,SETTLED_LOSS,51,,,5,-5.00,02/08/2026 22:56:23 GMT,02/09/2026 02:40:23 GMT,2026-02-08T22:56:23.393Z,2026-02-09T02:40:23.000Z,Under 5.5 Nick Emmanwori Tackles + Assists O/U SEA Seahawks @ NE Patriots | 1+ K'lavon Chaisson Total Sacks SEA Seahawks @ NE Patriots | 10+ Rhamondre Stevenson Rushing Yards - 1st Quarter SEA Seahawks @ NE Patriots | 36+ Drake Maye Rushing Yards SEA Seahawks @ NE Patriots | Hunter Henry Anytime TD Scorer SEA Seahawks @ NE Patriots,,American Football,NFL
639061632035505982,Draftkings Sportsbook,parlay,SETTLED_LOSS,13.35,,,25,-25.00,02/08/2026 16:00:04 GMT,02/09/2026 02:40:23 GMT,2026-02-08T16:00:04.022Z,2026-02-09T02:40:23.000Z,230+ Drake Maye Passing Yards SEA Seahawks @ NE Patriots | 4+ Hunter Henry Receptions SEA Seahawks @ NE Patriots | 70+ Stefon Diggs Receiving Yards SEA Seahawks @ NE Patriots | Over 0.5 TreVeyon Henderson Receptions O/U SEA Seahawks @ NE Patriots,,American Football,NFL
639061265434260782,Draftkings Sportsbook,parlay,SETTLED_LOSS,7.06,,,25,-25.00,02/08/2026 05:49:03 GMT,02/09/2026 02:40:23 GMT,2026-02-08T05:49:03.477Z,2026-02-09T02:40:23.000Z,Kayshon Boutte Anytime TD Scorer SEA Seahawks @ NE Patriots | Over 30.5 Kayshon Boutte Receiving Yards O/U SEA Seahawks @ NE Patriots,,American Football,NFL
639061721495935132,Draftkings Sportsbook,parlay,SETTLED_LOSS,2.04,,,25,-25.00,02/08/2026 18:29:09 GMT,02/09/2026 02:40:23 GMT,2026-02-08T18:29:09.838Z,2026-02-09T02:40:23.000Z,1+ Sam Darnold Interceptions Thrown SEA Seahawks @ NE Patriots | NE Patriots +13.5 Spread Alternate SEA Seahawks @ NE Patriots,,American Football,NFL
639061269259986945,Draftkings Sportsbook,straight,SETTLED_LOSS,6.5,,,5,-5.00,02/08/2026 05:55:25 GMT,02/09/2026 02:40:23 GMT,2026-02-08T05:55:25.739Z,2026-02-09T02:40:23.000Z,NE Patriots D/ST Anytime TD Scorer SEA Seahawks @ NE Patriots,,American Football,NFL
639061713419404354,Draftkings Sportsbook,straight,SETTLED_WIN,2.02,,,50,51.00,02/08/2026 18:15:41 GMT,02/09/2026 02:40:23 GMT,2026-02-08T18:15:41.646Z,2026-02-09T02:40:23.000Z,Drake Maye Drake Maye v Sam Darnold - Passing Yards Moneyline SEA Seahawks @ NE Patriots,,American Football,NFL
20EXEMEHP3,BetMGM,straight,SETTLED_WIN,4,4.670656934306569,-0.1436,25,75.00,02/08/2026 21:41:35 GMT,02/09/2026 02:30:00 GMT,2026-02-08T21:41:35.143Z,2026-02-09T02:30:00.000Z,Yes Mack Hollins to record 50+ receiving yards Seattle Seahawks @ New England Patriots,,American Football,NFL
639061712587417706,Draftkings Sportsbook,straight,SETTLED_LOSS,23,8.692307692307692,1.6460,5,-5.00,02/08/2026 18:14:19 GMT,02/08/2026 21:39:05 GMT,2026-02-08T18:14:19.546Z,2026-02-08T21:39:05.865Z,Yes Kyshawn George Double-Double MIA Heat @ WAS Wizards,,Basketball,NBA
639061611044873234,Draftkings Sportsbook,straight,SETTLED_WIN,1.925925925925926,,,20,18.51,02/08/2026 15:25:03 GMT,02/08/2026 20:57:00 GMT,2026-02-08T15:25:03.840Z,2026-02-08T20:57:00.000Z,Under 69.5 Nicolai Hojgaard Round Score - Round 4 Matsuyama v Hojgaard v McNealy - R4,,Golf,GOLF
20EX4F59KX,BetMGM,straight,SETTLED_WIN,1.8,1.746786884368348,0.0305,25,20.00,02/08/2026 16:15:54 GMT,02/08/2026 20:40:00 GMT,2026-02-08T16:15:54.393Z,2026-02-08T20:40:00.000Z,Over 7.5 Mitchell Robinson (NYK): Rebounds New York Knicks at Boston Celtics,,Basketball,NBA
639061649699717250,Draftkings Sportsbook,parlay,SETTLED_LOSS,2.04,,,20,-20.00,02/08/2026 16:29:29 GMT,02/08/2026 20:13:03 GMT,2026-02-08T16:29:29.294Z,2026-02-08T20:13:03.437Z,BOS Celtics Moneyline NY Knicks @ BOS Celtics | 2+ Derrick White Three Pointers Made NY Knicks @ BOS Celtics,,Basketball,NBA
20EUY8NDAH,BetMGM,straight,SETTLED_LOSS,1.8333333333333335,2.460583941605839,-0.2549,20,-20.00,02/07/2026 19:52:21 GMT,02/08/2026 05:43:11 GMT,2026-02-07T19:52:21.510Z,2026-02-08T05:43:11.134Z,Under 22.5 Jerami Grant (POR) : Total points and rebounds Memphis Grizzlies at Portland Trail Blazers,,Basketball,NBA
639061165257477774,Draftkings Sportsbook,parlay,SETTLED_CASH_OUT,2.8600000000000003,3.1283932668605607,-0.0858,50,81.63,02/08/2026 03:02:05 GMT,02/08/2026 05:42:19 GMT,2026-02-08T03:02:05.191Z,2026-02-08T05:42:19.973Z,UCLA Moneyline Washington @ UCLA | Houston -1.5 Spread Houston @ BYU,,Basketball,NCAAM
639061151502500486,Draftkings Sportsbook,straight,SETTLED_WIN,1.9615384615384617,1.887769361631462,0.0391,20,19.23,02/08/2026 02:39:10 GMT,02/08/2026 05:30:42 GMT,2026-02-08T02:39:10.476Z,2026-02-08T05:30:42.308Z,Under 3.5 Blake Wesley Assists O/U MEM Grizzlies @ POR Trail Blazers,,Basketball,NBA
639061048964512808,Draftkings Sportsbook,parlay,SETTLED_LOSS,29.77,30.47730817898958,-0.0232,10,-10.00,02/07/2026 23:48:16 GMT,02/08/2026 04:00:00 GMT,2026-02-07T23:48:16.653Z,2026-02-08T04:00:00.000Z,Illinois Moneyline Illinois @ Michigan State | Over 167.5 Total Florida @ Texas A&M | Tennessee Moneyline Tennessee @ Kentucky | Houston Moneyline Houston @ BYU | Stanford -6.5 Spread Alternate - NCAAB Georgia Tech @ Stanford,,Basketball,NCAAM
639061047639110844,Draftkings Sportsbook,parlay,SETTLED_LOSS,8.5,,,5,-5.00,02/07/2026 23:46:03 GMT,02/08/2026 03:44:25 GMT,2026-02-07T23:46:03.769Z,2026-02-08T03:44:25.923Z,10+ Nick Richards Rebounds DEN Nuggets @ CHI Bulls | 10+ Nick Richards Points DEN Nuggets @ CHI Bulls,,Basketball,NBA
20EUL4NN2J,BetMGM,straight,SETTLED_WIN,1.9523809523809523,1.7948587857263656,0.0878,18.85,17.95,02/07/2026 14:28:29 GMT,02/08/2026 03:40:00 GMT,2026-02-07T14:28:29.607Z,2026-02-08T03:40:00.000Z,Under 10.5 Onyeka Okongwu (ATL): Total assists and rebounds Charlotte Hornets at Atlanta Hawks,,Basketball,NBA
639060948699456492,Draftkings Sportsbook,parlay,SETTLED_LOSS,18.64,19.437944644708388,-0.0411,25,-25.00,02/07/2026 21:01:10 GMT,02/08/2026 03:38:22 GMT,2026-02-07T21:01:10.050Z,2026-02-08T03:38:22.738Z,Miami OH -1.5 Spread Miami OH @ Marshall | North Carolina +5.5 Spread Duke @ North Carolina | Texas A&M +6.5 Spread Florida @ Texas A&M | Houston Moneyline Houston @ BYU | Stanford Moneyline Georgia Tech @ Stanford,,Basketball,NCAAM
639061084156949779,Draftkings Sportsbook,straight,SETTLED_CASH_OUT,3.29,2.1515360483091936,0.5291,180,54.40,02/08/2026 00:46:54 GMT,02/08/2026 01:42:44 GMT,2026-02-08T00:46:54.218Z,2026-02-08T01:42:44.786Z,3+ Immanuel Quickley Three Pointers Made IND Pacers @ TOR Raptors,,Basketball,NBA
639060970195548304,Draftkings Sportsbook,straight,SETTLED_WIN,1.9523809523809523,,,20,19.04,02/07/2026 21:37:00 GMT,02/07/2026 23:23:07 GMT,2026-02-07T21:37:00.055Z,2026-02-07T23:23:07.213Z,Over 170.5 Live Total Alternate - NCAAB Alabama @ Auburn,,Basketball,NCAAM
20EUNA36HD,BetMGM,parlay,SETTLED_LOSS,52.5,,,5,-5.00,02/07/2026 15:38:43 GMT,02/07/2026 23:00:00 GMT,2026-02-07T15:38:43.253Z,2026-02-07T23:00:00.000Z,Yes Bilal Coulibaly to score 15+ points Washington Wizards @ Brooklyn Nets | Yes Egor Demin to score 15+ points Washington Wizards @ Brooklyn Nets | Yes Tari Eason to record 10+ rebounds Houston Rockets @ Oklahoma City Thunder,,Basketball,NBA
639060855003121583,Draftkings Sportsbook,parlay,SETTLED_WIN,2.98,,,20,39.75,02/07/2026 18:24:59 GMT,02/07/2026 21:24:59 GMT,2026-02-07T18:24:59.839Z,2026-02-07T21:24:59.839Z,Akshay Bhatia Live Matchup - Round 3 Akshay Bhatia vs Ryo Hisatsune | Chris Gotterup Live Matchup - Round 3 Pierceson Coody vs Chris Gotterup | Jake Knapp Live Matchup - Round 3 Sahith Theegala vs Jake Knapp,,Golf,GOLF
639060728431395488,Draftkings Sportsbook,straight,SETTLED_WIN,1.9523809523809523,1.8464442323926344,0.0574,20.5,19.52,02/07/2026 14:54:04 GMT,02/07/2026 21:02:21 GMT,2026-02-07T14:54:04.614Z,2026-02-07T21:02:21.947Z,Under 162.5 Total Sacred Heart @ Manhattan,,Basketball,NCAAM
639060792122031333,Draftkings Sportsbook,parlay,SETTLED_LOSS,1.9433962264150944,2.0445628251657055,-0.0495,20,-20.00,02/07/2026 16:40:13 GMT,02/07/2026 21:00:00 GMT,2026-02-07T16:40:13.048Z,2026-02-07T21:00:00.000Z,Over 141.5 Total Alternate - NCAAB Oregon @ Purdue | Vanderbilt Moneyline Oklahoma @ Vanderbilt,,Basketball,NCAAM
639060716299156813,Draftkings Sportsbook,straight,SETTLED_CASH_OUT,2.44,,,350,26.46,02/07/2026 14:33:49 GMT,02/07/2026 18:34:15 GMT,2026-02-07T14:33:49.203Z,2026-02-07T18:34:15.042Z,10+ Jalen Smith Rebounds DEN Nuggets @ CHI Bulls,,Basketball,NBA
O/0094602/0000737,Fanduel Sportsbook,straight,SETTLED_CASH_OUT,1.7692307692307692,,,487,0.00,02/07/2026 14:33:53 GMT,02/07/2026 18:34:05 GMT,2026-02-07T14:33:53.000Z,2026-02-07T18:34:05.000Z,Jalen Smith Under 9.5 Jalen Smith - Rebounds Denver Nuggets @ Chicago Bulls,,Basketball,NBA
639060303313642118,Draftkings Sportsbook,parlay,SETTLED_LOSS,11,,,10,-10.00,02/07/2026 03:05:31 GMT,02/07/2026 05:32:27 GMT,2026-02-07T03:05:31.610Z,2026-02-07T05:32:27.042Z,Yes GG Jackson Double-Double MEM Grizzlies @ POR Trail Blazers | Over 2.5 Cedric Coward Assists O/U MEM Grizzlies @ POR Trail Blazers,,Basketball,NBA
639060310593858585,Draftkings Sportsbook,straight,SETTLED_WIN,1.8695652173913042,,,25,21.73,02/07/2026 03:17:38 GMT,02/07/2026 05:27:46 GMT,2026-02-07T03:17:38.614Z,2026-02-07T05:27:46.807Z,Over 25.5 Live Kawhi Leonard Points O/U LA Clippers @ SAC Kings,,Basketball,NBA
20ETE66N2Z,BetMGM,straight,SETTLED_WIN,2.15,,,15,17.25,02/06/2026 18:14:20 GMT,02/07/2026 04:10:00 GMT,2026-02-06T18:14:20.670Z,2026-02-07T04:10:00.000Z,Over 11.5 Kevin Porter Jr. (MIL): Total assists and rebounds Indiana Pacers at Milwaukee Bucks,,Basketball,NBA
20ETF5YRLE,BetMGM,straight,SETTLED_WIN,2.1,1.7528189187541903,0.1981,20,22.00,02/06/2026 18:45:48 GMT,02/07/2026 04:00:00 GMT,2026-02-06T18:45:48.137Z,2026-02-07T04:00:00.000Z,Yes Kevin Porter Jr. to record 5+ rebounds Indiana Pacers @ Milwaukee Bucks,,Basketball,NBA
639060199227589255,Draftkings Sportsbook,parlay,SETTLED_LOSS,12.03,12.55453983187782,-0.0418,10,-10.00,02/07/2026 00:12:03 GMT,02/07/2026 03:42:00 GMT,2026-02-07T00:12:03.841Z,2026-02-07T03:42:00.000Z,16+ Donovan Clingan Rebounds MEM Grizzlies @ POR Trail Blazers | Yes Josh Hart Double-Double NY Knicks @ DET Pistons,,Basketball,NBA
639059959770950902,Draftkings Sportsbook,parlay,SETTLED_LOSS,4.85,,,10,-10.00,02/06/2026 17:32:57 GMT,02/07/2026 03:35:53 GMT,2026-02-06T17:32:57.444Z,2026-02-07T03:35:53.840Z,25+ Pascal Siakam Points IND Pacers @ MIL Bucks | 5+ Pascal Siakam Assists IND Pacers @ MIL Bucks,,Basketball,NBA
639060198225474884,Draftkings Sportsbook,parlay,SETTLED_LOSS,10.83,,,10,-10.00,02/07/2026 00:10:22 GMT,02/07/2026 03:30:00 GMT,2026-02-07T00:10:22.580Z,2026-02-07T03:30:00.000Z,20+ Ryan Rollins Points IND Pacers @ MIL Bucks | 3+ Duncan Robinson Three Pointers Made NY Knicks @ DET Pistons | 18+ Bam Adebayo Points MIA Heat @ BOS Celtics | Over 5.5 Derrick White Assists O/U MIA Heat @ BOS Celtics,,Basketball,NBA
639059887740095088,Draftkings Sportsbook,parlay,SETTLED_LOSS,3.06,,,25,-25.00,02/06/2026 15:32:53 GMT,02/07/2026 03:20:10 GMT,2026-02-06T15:32:53.938Z,2026-02-07T03:20:10.549Z,UConn Moneyline UConn @ St. Johns | Under 67.5 Total 1st Half UConn @ St. Johns,,Basketball,NCAAM
639060274220081846,Draftkings Sportsbook,straight,SETTLED_LOSS,2,,,25,-25.00,02/07/2026 02:17:01 GMT,02/07/2026 03:20:07 GMT,2026-02-07T02:17:01.288Z,2026-02-07T03:20:07.294Z,UConn -1.5 Live Spread UConn @ St. Johns,,Basketball,NCAAM
639059886298048529,Draftkings Sportsbook,parlay,SETTLED_WIN,4.7,,,25,92.50,02/06/2026 15:30:28 GMT,02/06/2026 22:33:00 GMT,2026-02-06T15:30:28.251Z,2026-02-06T22:33:00.000Z,Ben Griffin Matchup (3 Way) - Round 2 Sam Burns vs Ben Griffin | Jake Knapp Matchup (3 Way) - Round 2 Daniel Berger vs Jake Knapp,,Golf,GOLF
639059409998374169,Draftkings Sportsbook,straight,SETTLED_LOSS,1.9345794392523366,2.089564994317022,-0.0742,30,-30.00,02/06/2026 02:16:40 GMT,02/06/2026 05:59:41 GMT,2026-02-06T02:16:40.933Z,2026-02-06T05:59:41.826Z,2+ Quentin Grimes Three Pointers Made PHI 76ers @ LA Lakers,,Basketball,NBA
20ES2R59XM,BetMGM,straight,SETTLED_WIN,1.9090909090909092,1.581177352830896,0.2074,20,18.18,02/05/2026 19:04:16 GMT,02/06/2026 05:40:21 GMT,2026-02-05T19:04:16.950Z,2026-02-06T05:40:21.105Z,Under 20.5 Brandin Podziemski (GSW): Total points and assists Golden State Warriors at Phoenix Suns,,Basketball,NBA
20ESGX223G,BetMGM,straight,SETTLED_LOSS,1.6666666666666665,1.5058040090629738,0.1068,25,-25.00,02/06/2026 02:37:27 GMT,02/06/2026 05:17:36 GMT,2026-02-06T02:37:27.460Z,2026-02-06T05:17:36.108Z,Under 4.5 Moses Moody (GSW) : Rebounds Golden State Warriors at Phoenix Suns,,Basketball,NBA
639059372411139791,Draftkings Sportsbook,parlay,SETTLED_LOSS,5.8,,,15,-15.00,02/06/2026 01:14:01 GMT,02/06/2026 04:07:51 GMT,2026-02-06T01:14:01.126Z,2026-02-06T04:07:51.649Z,12+ Keldon Johnson Points SA Spurs @ DAL Mavericks | 3+ Devin Vassell Three Pointers Made SA Spurs @ DAL Mavericks,,Basketball,NBA
20ERWNXGHD,BetMGM,straight,SETTLED_LOSS,1.8,1.9045987124711996,-0.0549,20,-20.00,02/05/2026 15:50:17 GMT,02/06/2026 03:40:00 GMT,2026-02-05T15:50:17.610Z,2026-02-06T03:40:00.000Z,Under 4.5 Isaiah Collier (UTA): Rebounds Utah Jazz at Atlanta Hawks,,Basketball,NBA
639059233497696383,Draftkings Sportsbook,straight,SETTLED_LOSS,2.17,2.3438095976432285,-0.0742,15,-15.00,02/05/2026 21:22:29 GMT,02/06/2026 02:46:38 GMT,2026-02-05T21:22:29.795Z,2026-02-06T02:46:38.909Z,8+ Alexandre Sarr Rebounds WAS Wizards @ DET Pistons,,Basketball,NBA
PlacedBet:7o81rWkjHiXo8/dXUZcD2MiutS0=,theScore Bet,straight,SETTLED_LOSS,2.45,2.831149613869353,-0.1346,150,-150.00,02/05/2026 19:48:23 GMT,02/06/2026 02:30:11 GMT,2026-02-05T19:48:23.523Z,2026-02-06T02:30:11.813Z,Over 3.5 Ausar Thompson Total Assists Washington Wizards @ Detroit Pistons,,Basketball,NBA
O/0094602/0000736,Fanduel Sportsbook,straight,SETTLED_WIN,1.78125,1.5461050219085741,0.1521,200,156.25,02/05/2026 19:48:19 GMT,02/06/2026 02:28:30 GMT,2026-02-05T19:48:19.000Z,2026-02-06T02:28:30.000Z,Ausar Thompson Under 3.5 Ausar Thompson - Assists Washington Wizards @ Detroit Pistons,,Basketball,NBA
PlacedBet:timXPQ6WC0oafy0Q5i1j6dqbmWk=,theScore Bet,straight,SETTLED_WIN,2.25,1.8454106280193239,0.2192,100,125.00,02/05/2026 19:25:27 GMT,02/06/2026 02:14:53 GMT,2026-02-05T19:25:27.619Z,2026-02-06T02:14:53.638Z,Over 2.5 Keldon Johnson 1st Quarter Total Points San Antonio Spurs @ Dallas Mavericks,,Basketball,NBA
O/0094602/0000735,Fanduel Sportsbook,straight,SETTLED_LOSS,2.26,2.182857142857143,0.0353,100,-100.00,02/05/2026 19:25:23 GMT,02/06/2026 02:04:05 GMT,2026-02-05T19:25:23.000Z,2026-02-06T02:04:05.000Z,Keldon Johnson Under 2.5 Keldon Johnson - 1st Qtr Points San Antonio Spurs @ Dallas Mavericks,,Basketball,NBA
639058969558560429,Draftkings Sportsbook,straight,SETTLED_LOSS,1.925925925925926,,,20,-20.00,02/05/2026 14:02:36 GMT,02/05/2026 22:33:00 GMT,2026-02-05T14:02:36.422Z,2026-02-05T22:33:00.000Z,Over 2.5 Viktor Hovland Bogeys or Worse - Round 1 Viktor Hovland v Hideki Matsuyama v Collin Morikawa - R1,,Golf,GOLF
639058967746554499,Draftkings Sportsbook,straight,SETTLED_WIN,1.78125,,,15,11.71,02/05/2026 13:59:34 GMT,02/05/2026 18:04:00 GMT,2026-02-05T13:59:34.958Z,2026-02-05T18:04:00.000Z,Over 69.5 Wyndham Clark Round Score - Round 1 Ben Griffin v Wyndham Clark v Matt Fitzpatrick - R1,,Golf,GOLF
PlacedBet:EYXHwduxWfNjrWv8zzJsqRA+dfg=,theScore Bet,straight,SETTLED_WIN,1.3125,1.277041602465331,0.0278,400,125.00,02/04/2026 06:04:26 GMT,02/05/2026 06:29:16 GMT,2026-02-04T06:04:26.834Z,2026-02-05T06:29:16.172Z,Under 0.5 Matty Beniers Total Goals Seattle Kraken @ Los Angeles Kings,,Ice Hockey,NHL
639058393730776500,Draftkings Sportsbook,straight,SETTLED_WIN,1.900900900900901,2.0060452182323782,-0.0524,25,22.52,02/04/2026 22:02:53 GMT,02/05/2026 06:05:47 GMT,2026-02-04T22:02:53.908Z,2026-02-05T06:05:47.822Z,Under 1.5 Kris Dunn Steals O/U CLE Cavaliers @ LA Clippers,,Basketball,NBA
639058546625911844,Draftkings Sportsbook,parlay,SETTLED_WIN,2.2199999999999998,2.5026274988563704,-0.1129,10,12.24,02/05/2026 02:17:43 GMT,02/05/2026 05:14:30 GMT,2026-02-05T02:17:43.619Z,2026-02-05T05:14:30.957Z,Stanford +4.5 Spread Alternate - NCAAB Clemson @ Stanford | 1+ Keldon Johnson Three Pointers Made OKC Thunder @ SA Spurs,,Basketball,NCAAM | NBA
O/0094602/0000734,Fanduel Sportsbook,straight,SETTLED_CASH_OUT,2.02,2.108713153423359,-0.0421,400,-37.99,02/05/2026 04:56:19 GMT,02/05/2026 05:10:29 GMT,2026-02-05T04:56:19.000Z,2026-02-05T05:10:29.000Z,Grayson Allen To Record 4+ Rebounds Golden State Warriors @ Phoenix Suns,,Basketball,NBA
O/0094602/0000733,Fanduel Sportsbook,straight,SETTLED_CASH_OUT,4.9,4.60956618464961,0.0630,110,-60.72,02/04/2026 06:04:23 GMT,02/05/2026 05:10:29 GMT,2026-02-04T06:04:23.000Z,2026-02-05T05:10:29.000Z,Matty Beniers Any Time Goal Scorer Seattle Kraken @ Los Angeles Kings,,Ice Hockey,NHL
639058354707022628,Draftkings Sportsbook,straight,SETTLED_LOSS,4.5,2.39338655364216,0.8802,15,-15.00,02/04/2026 20:57:52 GMT,02/05/2026 05:09:53 GMT,2026-02-04T20:57:52.234Z,2026-02-05T05:09:53.265Z,5+ Cason Wallace Rebounds OKC Thunder @ SA Spurs,,Basketball,NBA
20EPEHP3Y0,BetMGM,straight,SETTLED_WIN,1.7692307692307692,1.7296709186721781,0.0229,20,15.38,02/04/2026 15:13:27 GMT,02/05/2026 05:01:02 GMT,2026-02-04T15:13:27.253Z,2026-02-05T05:01:02.729Z,Over 2.5 Cedric Coward (MEM): Assists Memphis Grizzlies at Sacramento Kings,,Basketball,NBA
20EPPWYR63,BetMGM,straight,SETTLED_LOSS,2.05,1.9358546533729752,0.0590,15,-15.00,02/04/2026 20:12:10 GMT,02/05/2026 05:01:02 GMT,2026-02-04T20:12:10.707Z,2026-02-05T05:01:02.728Z,Under 14.5 Ty Jerome (CLE): Points Memphis Grizzlies at Sacramento Kings,,Basketball,NBA
26050126000029405,Fanatics,straight,SETTLED_LOSS,1.9523809523809523,,,133,-133.00,02/04/2026 19:26:29 GMT,02/05/2026 04:57:12 GMT,2026-02-04T19:26:29.809Z,2026-02-05T04:57:12.189Z,Under 16.5 Oklahoma City Thunder Three Pointers Made OU Oklahoma City Thunder at San Antonio Spurs,,Basketball,NBA
639058299944751745,Draftkings Sportsbook,straight,SETTLED_WIN,2.45,,,110,159.50,02/04/2026 19:26:33 GMT,02/05/2026 04:55:37 GMT,2026-02-04T19:26:33.064Z,2026-02-05T04:55:37.962Z,15+ OKC Thunder Total Three Pointers Made OKC Thunder @ SA Spurs,,Basketball,NBA
639058354404047502,Draftkings Sportsbook,straight,SETTLED_WIN,2.62,1.9029724508451402,0.3768,15,24.30,02/04/2026 20:57:19 GMT,02/05/2026 04:34:57 GMT,2026-02-04T20:57:19.679Z,2026-02-05T04:34:57.271Z,4+ Cason Wallace Assists OKC Thunder @ SA Spurs,,Basketball,NBA
20EPEP04GT,BetMGM,straight,SETTLED_VOID,2.25,,,15,0.00,02/04/2026 15:19:04 GMT,02/05/2026 04:06:49 GMT,2026-02-04T15:19:04.873Z,2026-02-05T04:06:49.480Z,Over 10.5 Sam Hauser (BOS) : Points Boston Celtics at Houston Rockets,,Basketball,NBA
20ER2Z8C5J,BetMGM,straight,SETTLED_LOSS,2.15,1.7593395578275508,0.2220,15,-15.00,02/05/2026 02:07:45 GMT,02/05/2026 04:06:49 GMT,2026-02-05T02:07:45.363Z,2026-02-05T04:06:49.477Z,Under 2.5 Malik Monk (SAC): Assists Memphis Grizzlies at Sacramento Kings,,Basketball,NBA
639058468857758297,Draftkings Sportsbook,parlay,SETTLED_LOSS,49,,,5,-5.00,02/05/2026 00:08:05 GMT,02/05/2026 03:38:27 GMT,2026-02-05T00:08:05.805Z,2026-02-05T03:38:27.764Z,Yes Baylor Scheierman Double-Double BOS Celtics @ HOU Rockets | 10+ Amen Thompson Points BOS Celtics @ HOU Rockets | HOU Rockets Moneyline BOS Celtics @ HOU Rockets,,Basketball,NBA
639058222624352088,Draftkings Sportsbook,straight,SETTLED_WIN,2.2800000000000002,2.1075354837285647,0.0818,25,32.00,02/04/2026 17:17:42 GMT,02/05/2026 03:22:57 GMT,2026-02-04T17:17:42.279Z,2026-02-05T03:22:57.168Z,Over 2.5 Collin Murray-Boyles Assists O/U MIN Timberwolves @ TOR Raptors,,Basketball,NBA
20EPRS5681,BetMGM,straight,SETTLED_WIN,3.5,2.8903091525105435,0.2109,4.94,12.35,02/04/2026 20:41:13 GMT,02/05/2026 03:20:10 GMT,2026-02-04T20:41:13.167Z,2026-02-05T03:20:10.501Z,Yes Neemias Queta to record 10+ rebounds Boston Celtics @ Houston Rockets,,Basketball,NBA
20EPS8U84F,BetMGM,straight,SETTLED_LOSS,1.7692307692307692,1.581177352830896,0.1189,25,-25.00,02/04/2026 20:56:32 GMT,02/05/2026 03:20:10 GMT,2026-02-04T20:56:32.883Z,2026-02-05T03:20:10.501Z,Under 21.5 Derrick White (BOS) : Points Boston Celtics at Houston Rockets,,Basketball,NBA
639058394182380495,Draftkings Sportsbook,straight,SETTLED_WIN,2.3600000000000003,2.774603174603175,-0.1494,25,34.00,02/04/2026 22:03:37 GMT,02/05/2026 03:18:54 GMT,2026-02-04T22:03:37.198Z,2026-02-05T03:18:54.110Z,7+ Kevin Porter Jr. Assists NO Pelicans @ MIL Bucks,,Basketball,NBA
20EPW8ALL3,BetMGM,straight,SETTLED_WIN,2.25,1.9386222163633187,0.1606,15,18.75,02/04/2026 22:32:34 GMT,02/05/2026 03:10:00 GMT,2026-02-04T22:32:34.740Z,2026-02-05T03:10:00.000Z,Over 2.5 OG Anunoby (NYK): Assists Denver Nuggets at New York Knicks,,Basketball,NBA
639058299441434923,Draftkings Sportsbook,straight,SETTLED_CASH_OUT,2.45,,,500,0.00,02/04/2026 19:25:43 GMT,02/04/2026 19:25:55 GMT,2026-02-04T19:25:43.805Z,2026-02-04T19:25:55.075Z,15+ OKC Thunder Total Three Pointers Made OKC Thunder @ SA Spurs,,Basketball,NBA
639057690513902005,Draftkings Sportsbook,straight,SETTLED_LOSS,2.13,2.066806749301531,0.0306,10,-10.00,02/04/2026 02:30:52 GMT,02/04/2026 06:10:41 GMT,2026-02-04T02:30:52.654Z,2026-02-04T06:10:41.039Z,Under 5.5 Robert Williams Points O/U PHO Suns @ POR Trail Blazers,,Basketball,NBA
20ENR84EBM,BetMGM,straight,SETTLED_WIN,2,1.9583217217116176,0.0213,10,10.00,02/04/2026 03:20:22 GMT,02/04/2026 05:48:01 GMT,2026-02-04T03:20:22.737Z,2026-02-04T05:48:01.394Z,Over 13.5 Toumani Camara (POR) : Total points and assists Phoenix Suns at Portland Trail Blazers,,Basketball,NBA
26048875000039605,Fanatics,straight,SETTLED_LOSS,1.8,,,470,-470.00,02/03/2026 22:35:22 GMT,02/04/2026 05:18:42 GMT,2026-02-03T22:35:22.463Z,2026-02-04T05:18:42.897Z,Under 17.5 Golden State Warriors Three Pointers Made OU Philadelphia 76ers at Golden State Warriors,,Basketball,NBA
639057549187085793,Draftkings Sportsbook,straight,SETTLED_WIN,3.2,,,260,572.00,02/03/2026 22:35:19 GMT,02/04/2026 05:17:44 GMT,2026-02-03T22:35:19.684Z,2026-02-04T05:17:44.174Z,18+ GS Warriors Total Three Pointers Made PHI 76ers @ GS Warriors,,Basketball,NBA
639057690098863917,Draftkings Sportsbook,parlay,SETTLED_CASH_OUT,5.42,,,15,-12.38,02/04/2026 02:30:10 GMT,02/04/2026 04:48:10 GMT,2026-02-04T02:30:10.791Z,2026-02-04T04:48:10.141Z,Over 2.5 Shaedon Sharpe Three Pointers Made O/U PHO Suns @ POR Trail Blazers | Under 15.5 Collin Gillespie Points O/U PHO Suns @ POR Trail Blazers,,Basketball,NBA
20ENDNKTKD,BetMGM,straight,SETTLED_LOSS,3.2,3.0060085348659746,0.0645,10,-10.00,02/03/2026 21:42:57 GMT,02/04/2026 04:10:00 GMT,2026-02-03T21:42:57.553Z,2026-02-04T04:10:00.000Z,Under 53.5 First quarter totals Boston Celtics at Dallas Mavericks,,Basketball,NBA
20EN0D89YJ,BetMGM,straight,SETTLED_LOSS,3.06,2.365881135020067,0.2934,25,-25.00,02/03/2026 14:37:10 GMT,02/04/2026 04:10:00 GMT,2026-02-03T14:37:10.577Z,2026-02-04T04:10:00.000Z,Over 1.5 Shai Gilgeous-Alexander (OKC): Three-pointers made Orlando Magic at Oklahoma City Thunder,,Basketball,NBA
20EN0LH5SA,BetMGM,straight,SETTLED_WIN,2.3899999999999997,1.7635882635882636,0.3552,25,34.91,02/03/2026 14:44:30 GMT,02/04/2026 04:10:00 GMT,2026-02-03T14:44:30.647Z,2026-02-04T04:10:00.000Z,Over 12.5 Ryan Rollins (MIL): Total assists and rebounds Chicago Bulls at Milwaukee Bucks,,Basketball,NBA
20EN1U3K8J,BetMGM,straight,SETTLED_WIN,2.35,,,10.65,14.38,02/03/2026 15:23:08 GMT,02/04/2026 03:10:00 GMT,2026-02-03T15:23:08.227Z,2026-02-04T03:10:00.000Z,Under 1.5 Jay Huff (IND): Blocks Utah Jazz at Indiana Pacers,,Basketball,NBA
20EN1RZWCP,BetMGM,straight,SETTLED_LOSS,2.1,1.8880682673275866,0.1122,25,-25.00,02/03/2026 15:20:27 GMT,02/04/2026 03:10:00 GMT,2026-02-03T15:20:27.023Z,2026-02-04T03:10:00.000Z,Over 4.5 Cade Cunningham (Det): Rebounds Denver Nuggets at Detroit Pistons,,Basketball,NBA
639057259305837971,Draftkings Sportsbook,straight,SETTLED_WIN,1.9174311926605505,1.504780876494024,0.2742,15,13.76,02/03/2026 14:32:11 GMT,02/04/2026 02:29:00 GMT,2026-02-03T14:32:11.172Z,2026-02-04T02:29:00.878Z,Over 1.5 Jay Huff Three Pointers Made O/U UTA Jazz @ IND Pacers,,Basketball,NBA
O/0094602/0000732,Fanduel Sportsbook,straight,SETTLED_CASH_OUT,2.34,2.5912328767123283,-0.0970,390,0.00,02/04/2026 00:41:09 GMT,02/04/2026 00:41:24 GMT,2026-02-04T00:41:09.000Z,2026-02-04T00:41:24.000Z,Payton Pritchard Over 22.5 Payton Pritchard - Alt Pts + Ast Boston Celtics @ Dallas Mavericks,,Basketball,NBA
O/0094602/0000731,Fanduel Sportsbook,straight,SETTLED_CASH_OUT,1.9803921568627452,2.0213187986895487,-0.0202,500,0.00,02/03/2026 21:47:17 GMT,02/03/2026 21:49:53 GMT,2026-02-03T21:47:17.000Z,2026-02-03T21:49:53.000Z,Matas Buzelis Under 28.5 Matas Buzelis - Pts + Reb + Ast Chicago Bulls @ Milwaukee Bucks,,Basketball,NBA
26048827000049705,Fanatics,straight,SETTLED_CASH_OUT,2.05,1.9791262055325891,0.0358,470,0.00,02/03/2026 21:47:25 GMT,02/03/2026 21:49:50 GMT,2026-02-03T21:47:25.091Z,2026-02-03T21:49:50.948Z,29+ Matas Buzelis - Points + Rebounds + Assists Chicago Bulls at Milwaukee Bucks,,Basketball,NBA
639057438486595428,Draftkings Sportsbook,straight,SETTLED_CASH_OUT,3.19,2.288877140727625,0.3937,100,0.00,02/03/2026 19:30:49 GMT,02/03/2026 19:32:58 GMT,2026-02-03T19:30:49.421Z,2026-02-03T19:32:58.353Z,5+ Cody Williams Rebounds UTA Jazz @ IND Pacers,,Basketball,NBA
20EN01U1YJ,BetMGM,straight,SETTLED_CASH_OUT,2.05,1.7635882635882636,0.1624,15,0.00,02/03/2026 14:25:29 GMT,02/03/2026 16:11:55 GMT,2026-02-03T14:25:29.150Z,2026-02-03T16:11:55.903Z,Over 12.5 Ryan Rollins (MIL): Total assists and rebounds Chicago Bulls at Milwaukee Bucks,,Basketball,NBA
26047793000019805,Fanatics,straight,SETTLED_WIN,2.35,,,200,270.00,02/03/2026 04:33:03 GMT,02/03/2026 13:06:28 GMT,2026-02-03T04:33:03.694Z,2026-02-03T13:06:28.366Z,Under 65.5 Sichuan Blue Whales Total Points Shanxi Loongs at Sichuan Blue Whales,,other,other
639056899870877992,Draftkings Sportsbook,straight,SETTLED_LOSS,1.8,,,260,-260.00,02/03/2026 04:33:08 GMT,02/03/2026 13:06:22 GMT,2026-02-03T04:33:08.248Z,2026-02-03T13:06:22.340Z,Over 64.5 Sichuan: Team Total Points Shanxi Loongs @ Sichuan,,other,other
20EM1G05ZW,BetMGM,straight,SETTLED_LOSS,1.7407407407407407,1.6321955543711402,0.0665,25,-25.00,02/02/2026 22:08:28 GMT,02/03/2026 06:10:00 GMT,2026-02-02T22:08:28.900Z,2026-02-03T06:10:00.000Z,Over 7.5 Kris Dunn (LAC): Points Philadelphia 76ers at Los Angeles Clippers,,Basketball,NBA
PlacedBet:BhT0f839Vp++jVjsGgiN/GZHtL0=,theScore Bet,straight,SETTLED_CASH_OUT,2.35,3.0142857142857142,-0.2204,400,0.00,02/03/2026 05:44:15 GMT,02/03/2026 05:44:33 GMT,2026-02-03T05:44:15.628Z,2026-02-03T05:44:33.361Z,10+ Royce O'Neale Total Rebounds And Assists Phoenix Suns @ Portland Trail Blazers,,Basketball,NBA
639056889399408567,Draftkings Sportsbook,straight,SETTLED_CASH_OUT,2.4299999999999997,2.3905115332490294,0.0165,500,73.23,02/03/2026 04:15:38 GMT,02/03/2026 04:17:27 GMT,2026-02-03T04:15:38.859Z,2026-02-03T04:17:27.663Z,6+ Josh Hart Assists NY Knicks @ WAS Wizards,,Basketball,NBA
O/0094602/0000730,Fanduel Sportsbook,straight,SETTLED_CASH_OUT,1.8,1.7191598027694375,0.0470,599,0.00,02/03/2026 04:15:51 GMT,02/03/2026 04:17:20 GMT,2026-02-03T04:15:51.000Z,2026-02-03T04:17:20.000Z,Josh Hart Under 5.5 Josh Hart - Assists New York Knicks @ Washington Wizards,,Basketball,NBA
20EM07C3GF,BetMGM,straight,SETTLED_CASH_OUT,1.9523809523809523,1.8030071192472272,0.0828,25,0.00,02/02/2026 21:27:35 GMT,02/03/2026 03:10:00 GMT,2026-02-02T21:27:35.347Z,2026-02-03T03:10:00.000Z,Under 10.5 Andrew Nembhard (IND): Total assists and rebounds Houston Rockets at Indiana Pacers,,Basketball,NBA
O/0094602/0000729,Fanduel Sportsbook,parlay,SETTLED_LOSS,101.02,,,10,-10.00,02/03/2026 00:04:15 GMT,02/03/2026 02:40:28 GMT,2026-02-03T00:04:15.000Z,2026-02-03T02:40:28.000Z,Reed Sheppard To Record 6+ Rebounds Houston Rockets @ Indiana Pacers | Andrew Nembhard To Record 6+ Rebounds Houston Rockets @ Indiana Pacers | Minnesota Timberwolves Moneyline Minnesota Timberwolves @ Memphis Grizzlies,,Basketball,NBA
20ELSRAB6B,BetMGM,straight,SETTLED_LOSS,2.25,2.286054832347304,-0.0158,10,-10.00,02/02/2026 18:00:04 GMT,02/02/2026 23:10:00 GMT,2026-02-02T18:00:04.310Z,2026-02-02T23:10:00.000Z,Over 4.5 Derik Queen (NOP): Assists New Orleans Pelicans at Charlotte Hornets,,Basketball,NBA
639056688258252249,Draftkings Sportsbook,straight,SETTLED_CASH_OUT,1.9803921568627452,2.367391013828362,-0.1635,500,0.00,02/02/2026 22:40:24 GMT,02/02/2026 22:40:47 GMT,2026-02-02T22:40:24.435Z,2026-02-02T22:40:47.988Z,4+ Reed Sheppard Rebounds HOU Rockets @ IND Pacers,,Basketball,NBA
O/0094602/0000728,Fanduel Sportsbook,straight,SETTLED_CASH_OUT,2.24,2.2138148370236492,0.0118,500,0.00,02/02/2026 22:40:14 GMT,02/02/2026 22:40:38 GMT,2026-02-02T22:40:14.000Z,2026-02-02T22:40:38.000Z,Reed Sheppard To Record 4+ Assists Houston Rockets @ Indiana Pacers,,Basketball,NBA
O/0094602/0000727,Fanduel Sportsbook,straight,SETTLED_CASH_OUT,2.02,2.0360135730626974,-0.0079,1000,0.00,02/02/2026 22:13:34 GMT,02/02/2026 22:14:01 GMT,2026-02-02T22:13:34.000Z,2026-02-02T22:14:01.000Z,Anthony Edwards 4+ Made Threes Minnesota Timberwolves @ Memphis Grizzlies,,Basketball,NBA
639056672237444269,Draftkings Sportsbook,straight,SETTLED_CASH_OUT,1.970873786407767,1.9652383192661917,0.0029,695.24,0.00,02/02/2026 22:13:44 GMT,02/02/2026 22:13:51 GMT,2026-02-02T22:13:44.604Z,2026-02-02T22:13:51.955Z,Under 3.5 Anthony Edwards Three Pointers Made O/U MIN Timberwolves @ MEM Grizzlies,,Basketball,NBA
O/0094602/0000726,Fanduel Sportsbook,straight,SETTLED_WIN,2.1399999999999997,1.8963655141704698,0.1285,132,150.48,02/02/2026 06:40:12 GMT,02/02/2026 15:07:05 GMT,2026-02-02T06:40:12.000Z,2026-02-02T15:07:05.000Z,Fiona Ferro (-2.5) Set 1 Game Handicap 2.5 Brenda Fruhvirtova v Fiona Ferro,,Tennis,TENNIS
639056112061193182,Draftkings Sportsbook,straight,SETTLED_LOSS,1.9523809523809523,2.1156163241347348,-0.0772,145,-145.00,02/02/2026 06:40:06 GMT,02/02/2026 15:06:34 GMT,2026-02-02T06:40:06.192Z,2026-02-02T15:06:34.412Z,Brenda Fruhvirtova +2.5 1st Set Game Spread Brenda Fruhvirtova vs Fiona Ferro,,Tennis,TENNIS
639056053095551528,Draftkings Sportsbook,straight,SETTLED_WIN,1.2857142857142856,1.3533129872571847,-0.0500,370,105.71,02/02/2026 05:01:50 GMT,02/02/2026 14:25:18 GMT,2026-02-02T05:01:50.166Z,2026-02-02T14:25:18.725Z,Over 7.5 Total Games - 1st Set Maja Chwalinska vs Ana Bogdan,,Tennis,TENNIS
O/0094602/0000725,Fanduel Sportsbook,straight,SETTLED_LOSS,4.8,3.8303516600483074,0.2531,100,-100.00,02/02/2026 05:01:19 GMT,02/02/2026 14:18:35 GMT,2026-02-02T05:01:19.000Z,2026-02-02T14:18:35.000Z,Under 7.5 Set 1 Total Games Over/Under 7.5 Maja Chwalinska v Ana Bogdan,,Tennis,TENNIS
O/0094602/0000724,Fanduel Sportsbook,straight,SETTLED_LOSS,3.05,2.651037307360569,0.1505,460,-460.00,02/02/2026 00:32:02 GMT,02/02/2026 04:35:36 GMT,2026-02-02T00:32:02.000Z,2026-02-02T04:35:36.000Z,Julian Champagnie Under 4.5 Julian Champagnie - Alt Rebounds Orlando Magic @ San Antonio Spurs,,Basketball,NBA
20EKRZUBWY,BetMGM,straight,SETTLED_WIN,1.6451612903225805,1.6056798326372466,0.0246,900,580.65,02/02/2026 00:31:45 GMT,02/02/2026 03:15:47 GMT,2026-02-02T00:31:45.993Z,2026-02-02T03:15:47.683Z,Over 4.5 Julian Champagnie (SAS) : Rebounds Orlando Magic at San Antonio Spurs,,Basketball,NBA
20EKMXCH8G,BetMGM,straight,SETTLED_CASH_OUT,2.45,2.3096062992125987,0.0608,20,0.00,02/01/2026 22:53:21 GMT,02/02/2026 02:19:45 GMT,2026-02-01T22:53:21.637Z,2026-02-02T02:19:45.629Z,Over 1.5 Donovan Clingan (POR): Blocks Cleveland Cavaliers at Portland Trail Blazers,,Basketball,NBA
20EKPUTRG6,BetMGM,straight,SETTLED_CASH_OUT,1.6666666666666665,1.6686930091185412,-0.0012,874.19,0.00,02/01/2026 23:55:58 GMT,02/02/2026 02:19:45 GMT,2026-02-01T23:55:58.660Z,2026-02-02T02:19:45.628Z,Under 2.5 Tyus Jones (ORL): Assists Orlando Magic at San Antonio Spurs,,Basketball,NBA
20EKR32CS9,BetMGM,straight,SETTLED_CASH_OUT,2.15,1.9343573313364322,0.1115,570,0.00,02/02/2026 00:03:19 GMT,02/02/2026 02:19:45 GMT,2026-02-02T00:03:19.150Z,2026-02-02T02:19:45.627Z,Over 1.5 Rui Hachimura (LAL) : Three-pointers made Los Angeles Lakers at New York Knicks,,Basketball,NBA
O/0094602/0000723,Fanduel Sportsbook,straight,SETTLED_LOSS,2.34,2.543188405797101,-0.0799,38,-38.00,01/30/2026 17:49:53 GMT,01/31/2026 03:57:19 GMT,2026-01-30T17:49:53.000Z,2026-01-31T03:57:19.000Z,Under 55.5 3rd Quarter Alternate Total Points Cleveland Cavaliers @ Phoenix Suns,,Basketball,NBA
26042830000039805,Fanatics,straight,SETTLED_WIN,1.8,1.6480090157776108,0.0922,50,40.00,01/30/2026 17:50:08 GMT,01/31/2026 03:45:28 GMT,2026-01-30T17:50:08.212Z,2026-01-31T03:45:28.572Z,Over 55.5 3rd Quarter - Total Points Cleveland Cavaliers at Phoenix Suns,,Basketball,NBA
1083b8e3-66bb-4288-b5a3-4528d4440caf,Onyx,parlay,SETTLED_LOSS,30,,,25,0.00,01/05/2026 00:47:18 GMT,01/05/2026 04:46:16 GMT,2026-01-05T00:47:18.272Z,2026-01-05T04:46:16.903Z,DeAndre Hopkins Under 22.5 Player Receiving Yards Baltimore Ravens @ Pittsburgh Steelers | Jaylen Warren Over 1.5 Player Receptions Baltimore Ravens @ Pittsburgh Steelers | Lamar Jackson Under 208.5 Player Passing Yards Baltimore Ravens @ Pittsburgh Steelers | Derrick Henry Anytime Touchdown Scorer Baltimore Ravens @ Pittsburgh Steelers | Aaron Rodgers Under 0.5 Player Rushing Yards Baltimore Ravens @ Pittsburgh Steelers | Under 24.5 1st Half Total Points Baltimore Ravens @ Pittsburgh Steelers | Derrick Henry Over 79.5 Player Rushing Yards Baltimore Ravens @ Pittsburgh Steelers | Baltimore Ravens Moneyline Baltimore Ravens @ Pittsburgh Steelers,,American Football,NFL
157c89ad-6904-4a38-9e98-7f2f36388a60,Onyx,parlay,SETTLED_LOSS,21,,,25,0.00,12/22/2025 17:38:11 GMT,12/23/2025 04:33:17 GMT,2025-12-22T17:38:11.870Z,2025-12-23T04:33:17.367Z,Christian McCaffrey First Touchdown Scorer San Francisco 49ers @ Indianapolis Colts | Philip Rivers Under 0.5 Player Passing Touchdowns San Francisco 49ers @ Indianapolis Colts | George Kittle Over 49.5 Player Receiving Yards San Francisco 49ers @ Indianapolis Colts | San Francisco 49ers -9.5 Point Spread San Francisco 49ers @ Indianapolis Colts,,American Football,NFL
f09c8710-2182-424a-a5f4-d602872582a8,Onyx,parlay,SETTLED_LOSS,11,,,25,0.00,12/19/2025 06:02:33 GMT,12/20/2025 04:46:30 GMT,2025-12-19T06:02:33.328Z,2025-12-20T04:46:30.989Z,Germie Bernard Over 59.5 Player Receiving Yards Alabama @ Oklahoma | Oklahoma Over 20.5 Team Total Alabama @ Oklahoma | John Mateer Over 39.5 Player Rushing Yards Alabama @ Oklahoma | John Mateer Anytime Touchdown Scorer Alabama @ Oklahoma | Oklahoma Moneyline Alabama @ Oklahoma,,American Football,NCAAFB
4d19299d-20b1-4a7f-aac1-58fdc6e0f849,Onyx,parlay,SETTLED_LOSS,30,,,25,0.00,12/18/2025 22:59:55 GMT,12/19/2025 06:47:29 GMT,2025-12-18T22:59:55.910Z,2025-12-19T06:47:29.464Z,Jaxon Smith-Njigba Over 89.5 Player Receiving Yards Los Angeles Rams @ Seattle Seahawks | Matthew Stafford Under 33.5 Player Passing Attempts Los Angeles Rams @ Seattle Seahawks | Terrance Ferguson Over 0.5 Player Touchdowns Los Angeles Rams @ Seattle Seahawks | Blake Corum Over 39.5 Player Rushing Yards Los Angeles Rams @ Seattle Seahawks,,American Football,NFL
05f47903-99f2-42cc-bdbb-625ec8c6c1cf,Onyx,parlay,SETTLED_LOSS,70.57,,,5,0.00,12/17/2025 23:15:50 GMT,12/18/2025 03:41:24 GMT,2025-12-17T23:15:50.331Z,2025-12-18T03:41:24.616Z,Dean Wade Over 6.5 Player Points Cleveland Cavaliers @ Chicago Bulls | Donte DiVincenzo Over 15.5 Player Points Memphis Grizzlies @ Minnesota Timberwolves | Josh Giddey Over 0.5 Player Triple Double Cleveland Cavaliers @ Chicago Bulls | Jaylon Tyson Over 0.5 Player Double Double Cleveland Cavaliers @ Chicago Bulls,,Basketball,NBA
9452da70-2f77-49be-bed7-c5670714f20d,Onyx,parlay,SETTLED_LOSS,14.8,,,25,0.00,12/17/2025 05:27:55 GMT,12/18/2025 03:18:10 GMT,2025-12-17T05:27:55.724Z,2025-12-18T03:18:10.212Z,Santi Aldama Under 10.5 Player Rebounds + Assists Memphis Grizzlies @ Minnesota Timberwolves | Naz Reid Under 6.5 Player Rebounds Memphis Grizzlies @ Minnesota Timberwolves | Tre Jones Over 2.5 Player Rebounds Cleveland Cavaliers @ Chicago Bulls | Rudy Gobert Over 9.5 Player Rebounds Memphis Grizzlies @ Minnesota Timberwolves | Jaylon Tyson Over 19.5 Player Points + Rebounds + Assists Cleveland Cavaliers @ Chicago Bulls,,Basketball,NBA
fdafe5cb-2477-426e-bfc7-81902b03bb83,Onyx,parlay,SETTLED_LOSS,17,,,25,0.00,12/16/2025 22:39:57 GMT,12/17/2025 04:14:51 GMT,2025-12-16T22:39:57.930Z,2025-12-17T04:14:51.119Z,Stephon Castle Over 23.5 Player Points + Rebounds San Antonio Spurs @ New York Knicks | Mikal Bridges Over 14.5 Player Points San Antonio Spurs @ New York Knicks | San Antonio Spurs Moneyline San Antonio Spurs @ New York Knicks | Devin Vassell Over 3.5 Player Made Threes San Antonio Spurs @ New York Knicks,,Basketball,NBA
29e3c982-3c8c-4efa-9b61-22ee5ec2f732,Onyx,parlay,SETTLED_LOSS,101,,,5,0.00,12/16/2025 22:27:17 GMT,12/17/2025 04:14:51 GMT,2025-12-16T22:27:17.369Z,2025-12-17T04:14:51.109Z,Stephon Castle Over 7.5 Player Assists San Antonio Spurs @ New York Knicks | Stephon Castle Over 7.5 Player Rebounds San Antonio Spurs @ New York Knicks | Josh Hart Over 7.5 Player Rebounds San Antonio Spurs @ New York Knicks | San Antonio Spurs Moneyline San Antonio Spurs @ New York Knicks | Josh Hart Over 7.5 Player Assists San Antonio Spurs @ New York Knicks,,Basketball,NBA
cf420047-b014-4c86-9efe-82391bdb4252,Onyx,parlay,SETTLED_LOSS,19.16,,,25,0.00,12/16/2025 15:23:27 GMT,12/17/2025 02:23:19 GMT,2025-12-16T15:23:27.900Z,2025-12-17T02:23:19.488Z,Louisville Moneyline Louisville @ Tennessee | Zuby Ejiofor Over 7.5 Player Rebounds DePaul @ St. John's | Nate Ament Over 5.5 Player Rebounds Louisville @ Tennessee | Alex Karaban Over 13.5 Player Points Butler @ Connecticut | Arizona -30.5 Point Spread Abilene Christian @ Arizona,,Basketball,NCAAM
87d2a876-0471-4d66-a91a-65f3662a1123,Onyx,parlay,SETTLED_LOSS,21,,,25,0.00,12/15/2025 23:11:10 GMT,12/16/2025 04:20:24 GMT,2025-12-15T23:11:10.347Z,2025-12-16T04:20:24.339Z,Tua Tagovailoa Under 199.5 Player Passing + Rushing Yards Miami Dolphins @ Pittsburgh Steelers | Aaron Rodgers Under 0.5 Player Rushing Yards Miami Dolphins @ Pittsburgh Steelers | Malik Washington Under 3.5 Player Receptions Miami Dolphins @ Pittsburgh Steelers | Greg Dulcich Over 1.5 Player Receptions Miami Dolphins @ Pittsburgh Steelers | Pittsburgh Steelers Moneyline Miami Dolphins @ Pittsburgh Steelers | Jaylen Warren Over 14.5 Player Receiving Yards Miami Dolphins @ Pittsburgh Steelers,,American Football,NFL
16866d53-0a15-4d59-a76e-72ee202df138,Onyx,parlay,SETTLED_LOSS,13,,,25,0.00,12/16/2025 01:00:02 GMT,12/16/2025 04:20:24 GMT,2025-12-16T01:00:02.631Z,2025-12-16T04:20:24.325Z,Kenneth Gainwell Over 3.5 Player Receptions Miami Dolphins @ Pittsburgh Steelers | De'Von Achane Under 84.5 Player Rushing Yards Miami Dolphins @ Pittsburgh Steelers | De'Von Achane Over 0.5 Player Touchdowns Miami Dolphins @ Pittsburgh Steelers | DK Metcalf Over 49.5 Player Receiving Yards Miami Dolphins @ Pittsburgh Steelers | De'Von Achane Over 3.5 Player Receptions Miami Dolphins @ Pittsburgh Steelers,,American Football,NFL
49d8e37e-01e5-4c1f-ba5d-668cfd6c02f5,Onyx,parlay,SETTLED_LOSS,50.07,,,5,0.00,12/15/2025 21:39:08 GMT,12/16/2025 02:50:45 GMT,2025-12-15T21:39:08.744Z,2025-12-16T02:50:45.542Z,Anthony Davis Over 24.5 Player Points Dallas Mavericks @ Utah Jazz | Nikola Jokic Over 28.5 Player Points Houston Rockets @ Denver Nuggets | Jabari Smith Jr. Over 2.5 Player Made Threes Houston Rockets @ Denver Nuggets | Jamal Murray Over 0.5 Player Double Double Houston Rockets @ Denver Nuggets | Jalen Duren Over 0.5 Player Double Double Detroit Pistons @ Boston Celtics,,Basketball,NBA
1f206df4-23f8-498e-a92f-98d9168187c4,Onyx,straight,SETTLED_LOSS,1.6666666666666665,,,10,-10.00,12/15/2025 03:23:00 GMT,12/15/2025 04:41:38 GMT,2025-12-15T03:23:00.836Z,2025-12-15T04:41:38.318Z,Jake Ferguson Over 24.5 Player Receiving Yards Minnesota Vikings @ Dallas Cowboys,,American Football,NFL
O/0094602/0000722,Fanduel Sportsbook,parlay,SETTLED_LOSS,27.2,,,10,-10.00,12/14/2025 17:46:03 GMT,12/14/2025 20:42:24 GMT,2025-12-14T17:46:03.000Z,2025-12-14T20:42:24.000Z,Stefon Diggs Over 52.5 Stefon Diggs - Receiving Yds Buffalo Bills @ New England Patriots | Dalton Kincaid 3+ Receptions Dalton Kincaid - Alt Receptions Buffalo Bills @ New England Patriots | Harold Fannin Jr. 4+ Receptions Harold Fannin Jr. - Alt Receptions Cleveland Browns @ Chicago Bears | Lamar Jackson Over 13.5 Lamar Jackson - Longest Rush Baltimore Ravens @ Cincinnati Bengals | Saquon Barkley Over 17.5 Saquon Barkley - Longest Rush Las Vegas Raiders @ Philadelphia Eagles | Brenton Strange Over 42.5 Brenton Strange - Receiving Yds New York Jets @ Jacksonville Jaguars,,American Football,NFL
60831fb8-89d7-4e50-8d64-ccf3be6d7d58,Onyx,parlay,SETTLED_LOSS,25.02,31.05498974093807,-0.1943,25,0.00,11/18/2025 23:06:10 GMT,11/19/2025 03:41:00 GMT,2025-11-18T23:06:10.361Z,2025-11-19T03:41:00.453Z,Jalen Johnson Over 5.5 Player Assists Detroit Pistons @ Atlanta Hawks | Stephen Curry Over 26.5 Player Points Golden State Warriors @ Orlando Magic | Kansas Under 31.5 1st Half Team Total Kansas @ Duke | Kentucky -3.5 Point Spread Michigan State @ Kentucky | Buffalo Moneyline Vermont @ Buffalo,,Basketball,NBA | NCAAM
948f10ce-2479-465b-b98a-e68df8e26edc,Onyx,parlay,SETTLED_LOSS,13.77,,,25,0.00,11/17/2025 06:23:29 GMT,11/18/2025 05:20:48 GMT,2025-11-17T06:23:29.340Z,2025-11-18T05:20:48.702Z,Josh Hart Over 8.5 Player Rebounds New York Knicks @ Miami Heat | Jaime Jaquez Jr. Over 6.5 Player Rebounds New York Knicks @ Miami Heat | Jaime Jaquez Jr. Over 5.5 Player Assists New York Knicks @ Miami Heat | Josh Hart Over 6.5 Player Assists New York Knicks @ Miami Heat | Dallas Cowboys Moneyline Dallas Cowboys @ Las Vegas Raiders,,Basketball | American Football,NBA | NFL
095f4235-d38c-4fa2-b23f-0879c9d797bb,Onyx,parlay,SETTLED_LOSS,29,,,25,0.00,11/17/2025 00:48:54 GMT,11/17/2025 05:10:16 GMT,2025-11-17T00:48:54.381Z,2025-11-17T05:10:16.263Z,A.J. Brown Over 4.5 Player Receptions Detroit Lions @ Philadelphia Eagles | Jameson Williams Over 3.5 Player Receptions Detroit Lions @ Philadelphia Eagles | Jahmyr Gibbs Anytime Touchdown Scorer Detroit Lions @ Philadelphia Eagles | Amon-Ra St. Brown Over 0.5 Player Touchdowns Detroit Lions @ Philadelphia Eagles | Detroit Lions -6.5 Point Spread Detroit Lions @ Philadelphia Eagles,,American Football,NFL
3112214a-9dbe-4614-92fd-937885196384,Onyx,parlay,SETTLED_LOSS,29.57,37.949092418365154,-0.2208,10,-10.00,11/15/2025 22:14:24 GMT,11/17/2025 02:37:19 GMT,2025-11-15T22:14:24.943Z,2025-11-17T02:37:19.853Z,Los Angeles Rams Moneyline Seattle Seahawks @ Los Angeles Rams | Kansas City Chiefs Moneyline Kansas City Chiefs @ Denver Broncos | Detroit Lions Moneyline Detroit Lions @ Philadelphia Eagles | Chicago Bears Moneyline Chicago Bears @ Minnesota Vikings | Miami Dolphins Moneyline Washington Commanders @ Miami Dolphins | Georgia Moneyline Texas @ Georgia,,American Football,NFL | NCAAFB
83420aec-3b69-4050-8abd-da989c42a8eb,Onyx,parlay,SETTLED_LOSS,268.63,,,5,0.00,11/16/2025 16:53:19 GMT,11/17/2025 00:43:59 GMT,2025-11-16T16:53:19.535Z,2025-11-17T00:43:59.079Z,Cooper Kupp Over 0.5 Player Touchdowns Seattle Seahawks @ Los Angeles Rams | Rico Dowdle Anytime Touchdown Scorer Carolina Panthers @ Atlanta Falcons | Theo Johnson Anytime Touchdown Scorer Green Bay Packers @ New York Giants | Quentin Johnston Anytime Touchdown Scorer Los Angeles Chargers @ Jacksonville Jaguars | Tee Higgins Over 0.5 Player Touchdowns Cincinnati Bengals @ Pittsburgh Steelers,,American Football,NFL
454a25ef-764c-4c71-ac05-602240813301,Onyx,parlay,SETTLED_LOSS,32.79,,,25,0.00,11/16/2025 19:41:22 GMT,11/17/2025 00:43:59 GMT,2025-11-16T19:41:22.900Z,2025-11-17T00:43:59.068Z,Terrance Ferguson Over 20.5 Player Receiving Yards Seattle Seahawks @ Los Angeles Rams | Kareem Hunt Over 0.5 Player Touchdowns Kansas City Chiefs @ Denver Broncos | Travis Kelce Over 42.5 Player Receiving Yards Kansas City Chiefs @ Denver Broncos | Jaxon Smith-Njigba Under 96.5 Player Receiving Yards Seattle Seahawks @ Los Angeles Rams | Kyren Williams Over 56.5 Player Rushing Yards Seattle Seahawks @ Los Angeles Rams | San Francisco 49ers Moneyline San Francisco 49ers @ Arizona Cardinals,,American Football,NFL
69641c69-e5b2-422d-adff-45f8e974cdd0,Onyx,parlay,SETTLED_LOSS,12.64,15.350471384007554,-0.1766,25,0.00,11/16/2025 16:39:55 GMT,11/16/2025 22:50:00 GMT,2025-11-16T16:39:55.780Z,2025-11-16T22:50:00.740Z,Jakobi Meyers Over 44.5 Player Receiving Yards Los Angeles Chargers @ Jacksonville Jaguars | Dalton Schultz Over 3.5 Player Receptions Houston Texans @ Tennessee Titans | Caleb Williams Over 23.5 Player Rushing Yards Chicago Bears @ Minnesota Vikings | Dawson Knox Over 2.5 Player Receptions Tampa Bay Buccaneers @ Buffalo Bills,,American Football,NFL
db09beee-68a7-4c56-b5e6-a565d1793004,Underdog,parlay,SETTLED_PUSH,63.29,,,10,0.00,11/08/2025 22:08:11 GMT,11/11/2025 04:15:00 GMT,2025-11-08T22:08:11.000Z,2025-11-11T04:15:00.000Z,Higher 20.5 Joel Embiid Points O/U TOR @ PHI | Higher 7.5 Andrew Nembhard Assists O/U IND @ DEN | Higher 39.5 Luther Burden Receiving Yards O/U NYG @ CHI | Higher 7.5 Xavier McKinney Tackles + Assists O/U PHI @ GB,,Basketball | American Football,NBA | NFL
1c723c58-3650-48e6-98bb-101ac1b32da0,Underdog,parlay,SETTLED_LOSS,11.2,,,25,-25.00,11/09/2025 05:11:17 GMT,11/10/2025 03:30:00 GMT,2025-11-09T05:11:17.000Z,2025-11-10T03:30:00.000Z,Higher 3.5 Derrick White 1Q Points O/U BOS @ ORL | Higher 1.5 VJ Edgecombe 3-Pointers Made O/U DET @ PHI | Higher 4.5 Adem Bona Rebounds O/U DET @ PHI | Higher 6.5 Ausar Thompson Rebounds O/U DET @ PHI,,Basketball,NBA
f977481d-3701-47de-9478-da92b078fe1b,Underdog,parlay,SETTLED_LOSS,4.74,,,100,-100.00,11/09/2025 04:41:05 GMT,11/10/2025 00:05:00 GMT,2025-11-09T04:41:05.000Z,2025-11-10T00:05:00.000Z,Lower 1.5 Kyle Williams Receptions O/U NE @ TB | Lower 2.5 Ray-Ray McCloud III Receptions O/U NYG @ CHI | Lower 1.5 Emari Demercado Receptions O/U ARI @ SEA,,American Football,NFL
f49d8988-82e2-4ee1-8b61-2c86e1b98a32,Underdog,parlay,SETTLED_LOSS,2.13,,,25,-25.00,11/07/2025 21:19:17 GMT,11/09/2025 21:00:00 GMT,2025-11-07T21:19:17.000Z,2025-11-09T21:00:00.000Z,Higher 21.5 TreVeyon Henderson Receiving Yards O/U NE @ TB | Higher 39.5 Kyle Monangai Rush Yards O/U NYG @ CHI,,American Football,NFL
2a7d6ba1-075a-4697-b972-4e141c1073e4,Underdog,parlay,SETTLED_LOSS,28.44,,,25,-25.00,11/09/2025 05:17:36 GMT,11/09/2025 21:00:00 GMT,2025-11-09T05:17:36.000Z,2025-11-09T21:00:00.000Z,Higher 24.5 Adonai Mitchell Receiving Yards O/U CLE @ NYJ | Higher 34.5 Luther Burden Receiving Yards O/U NYG @ CHI | Higher 2.5 Devaughn Vele Receptions O/U NO @ CAR,,American Football,NFL
d50e2fb2-4b93-4719-9337-dafd751ceeab,Underdog,parlay,SETTLED_LOSS,20.1,,,10,-10.00,11/08/2025 23:14:48 GMT,11/09/2025 03:30:00 GMT,2025-11-08T23:14:48.000Z,2025-11-09T03:30:00.000Z,Higher 24.5 Immanuel Quickley Points O/U TOR @ PHI | Higher 19.5 Deandre Ayton Points O/U LAL @ ATL,,Basketball,NBA
5a8a775e-4b9f-4b9a-ad54-8aba78013485,Underdog,parlay,SETTLED_PUSH,19.41,,,10,0.00,11/07/2025 23:02:25 GMT,11/08/2025 04:00:00 GMT,2025-11-07T23:02:25.000Z,2025-11-08T04:00:00.000Z,Higher 3.5 Tari Eason 3-Pointers Made O/U HOU @ SAS | Higher 14.5 Zaccharie Risacher Points O/U TOR @ ATL | Higher 1.5 Myles Turner 3-Pointers Made O/U CHI @ MIL,,Basketball,NBA
c59af200-bb75-4597-9463-0ee388667e01,Underdog,parlay,SETTLED_PUSH,19.03,,,10,0.00,11/07/2025 15:26:58 GMT,11/08/2025 03:00:00 GMT,2025-11-07T15:26:58.000Z,2025-11-08T03:00:00.000Z,Higher 34.5 Paolo Banchero Points O/U BOS @ ORL | Higher 34.5 Jaylen Brown Points O/U BOS @ ORL,,Basketball,NBA
71d00ebf-d940-44ac-897c-c0a3dce38169,Underdog,parlay,SETTLED_PUSH,50.72,,,10,0.00,11/06/2025 21:30:10 GMT,11/07/2025 04:15:00 GMT,2025-11-06T21:30:10.000Z,2025-11-07T04:15:00.000Z,Higher 0.5 Brock Bowers Rush + Rec TDs O/U LV @ DEN | Higher 11.5 Brock Bowers Receptions O/U LV @ DEN | Higher 2.5 RJ Harvey Receptions O/U LV @ DEN,,American Football,NFL
6e21f652-09d7-47f0-9080-31666230d917,Underdog,parlay,SETTLED_PUSH,35.65,76.04072607153743,-0.5312,10,0.00,11/03/2025 23:34:05 GMT,11/04/2025 06:30:00 GMT,2025-11-03T23:34:05.000Z,2025-11-04T06:30:00.000Z,Higher 3.5 Sam Hauser 3-Pointers Made O/U UTA @ BOS | Higher 19.5 Jalen Duren Points O/U DET @ MEM | Higher 19.5 Domantas Sabonis Points O/U SAC @ DEN | Higher 13.5 Jaime Jaquez Jr. Points O/U MIA @ LAC,,Basketball,NBA
b96d99aa-80c4-40ff-b1aa-67a629f9fec2,Underdog,parlay,SETTLED_LOSS,8.41,,,50,-50.00,11/02/2025 15:30:24 GMT,11/02/2025 21:00:00 GMT,2025-11-02T15:30:24.000Z,2025-11-02T21:00:00.000Z,Higher 14.5 Roman Wilson Receiving Yards O/U IND @ PIT | Higher 37.5 Darnell Mooney Receiving Yards O/U ATL @ NE | Higher 59.5 Kayshon Boutte Receiving Yards O/U ATL @ NE,,American Football,NFL
e633d730-e073-4f06-a6d3-b4e282ae3700,Underdog,parlay,SETTLED_LOSS,2.37,3.148491620111732,-0.2473,100,-100.00,11/02/2025 15:24:38 GMT,11/02/2025 21:00:00 GMT,2025-11-02T15:24:38.000Z,2025-11-02T21:00:00.000Z,Higher 0.5 Jahmyr Gibbs Rush + Rec TDs O/U MIN @ DET | Higher 0.5 TreVeyon Henderson Rush + Rec TDs O/U ATL @ NE,,American Football,NFL
4d87c100-93ef-486c-81d6-da0a8a3745d6,Underdog,parlay,SETTLED_LOSS,2.04,,,25,-25.00,10/31/2025 03:31:09 GMT,11/01/2025 02:30:00 GMT,2025-10-31T03:31:09.000Z,2025-11-01T02:30:00.000Z,Higher 19.5 Jaylen Brown Points O/U BOS @ PHI | Higher 3.5 Evan Mobley Assists O/U TOR @ CLE,,Basketball,NBA
e5c63558-ddfc-431e-8f72-3ce7a929f16d,Underdog,parlay,SETTLED_LOSS,11.54,,,20,-20.00,10/31/2025 18:48:21 GMT,11/01/2025 02:00:00 GMT,2025-10-31T18:48:21.000Z,2025-11-01T02:00:00.000Z,Higher 6.5 Payton Pritchard Assists O/U BOS @ PHI | Higher 25.5 Jalen Johnson Points + Assists O/U ATL @ IND | Higher 7.5 Kevin Huerter Points O/U NYK @ CHI | Higher 19.5 Karl-Anthony Towns Points O/U NYK @ CHI | Higher 3.5 Jeremiah Fears Assists O/U NOP @ LAC,,Basketball,NBA
7b56a3f2-89d7-4041-9d7a-173d47b36e95,Underdog,parlay,SETTLED_PUSH,45.42,,,10,0.00,10/31/2025 19:23:27 GMT,11/01/2025 02:00:00 GMT,2025-10-31T19:23:27.000Z,2025-11-01T02:00:00.000Z,Higher 0.5 Josh Minott Double Doubles O/U BOS @ PHI | Higher 0.5 Kelly Oubre Double Doubles O/U BOS @ PHI,,Basketball,NBA
75886093-328d-48f6-b5a7-03cb03ae72c6,Underdog,parlay,SETTLED_PUSH,11.23,,,10,0.00,10/30/2025 19:59:38 GMT,10/31/2025 03:30:00 GMT,2025-10-30T19:59:38.000Z,2025-10-31T03:30:00.000Z,Higher 2.5 Victor Wembanyama 3-Pointers Made O/U MIA @ SAS | Higher 1.5 Kel'el Ware 3-Pointers Made O/U MIA @ SAS,,Basketball,NBA
01d66880-e9ac-49a4-93cf-dda31821408a,Underdog,parlay,SETTLED_PUSH,31.76,,,10,0.00,10/30/2025 21:32:34 GMT,10/31/2025 03:15:00 GMT,2025-10-30T21:32:34.000Z,2025-10-31T03:15:00.000Z,Higher 18.5 Derrick Henry Longest Rush O/U BAL @ MIA | Higher 39.5 Justice Hill Receiving Yards O/U BAL @ MIA | Higher 99.5 Jaylen Waddle Receiving Yards O/U BAL @ MIA,,American Football,NFL
08229ecf-7548-4ef4-bbc2-a975edf24a91,Underdog,parlay,SETTLED_LOSS,4.61,,,50,-50.00,10/30/2025 21:59:52 GMT,10/31/2025 03:15:00 GMT,2025-10-30T21:59:52.000Z,2025-10-31T03:15:00.000Z,Higher 4.5 Ifeatu Melifonwu Tackles + Assists O/U BAL @ MIA | Higher 29.5 Lamar Jackson Rush Yards O/U BAL @ MIA | Higher 0.5 Derrick Henry Rush + Rec TDs O/U BAL @ MIA,,American Football,NFL
024898e2-6df8-4768-a682-f0395e32da91,Underdog,parlay,SETTLED_WIN,3,,,10,20.07,10/29/2025 01:57:24 GMT,10/31/2025 03:15:00 GMT,2025-10-29T01:57:24.000Z,2025-10-31T03:15:00.000Z,Lower 23.5 Kawhi Leonard Points O/U LAC @ GSW | Higher 0.0 De'Von Achane Rush + Rec Yards O/U BAL @ MIA,,Basketball | American Football,NBA | NFL
824d34cf-9c74-46c8-8bfa-6a731d53e940,Underdog,parlay,SETTLED_LOSS,44.72,32.81772652518393,0.3627,5,-5.00,10/30/2025 21:30:02 GMT,10/31/2025 03:00:00 GMT,2025-10-30T21:30:02.000Z,2025-10-31T03:00:00.000Z,Higher 7.5 Cole Anthony Assists O/U GSW @ MIL | Higher 7.5 Julian Champagnie Rebounds O/U MIA @ SAS,,Basketball,NBA
aaa0cad8-5e83-4e86-b8c0-a632451150fd,Underdog,parlay,SETTLED_PUSH,27.21,,,10,0.00,10/30/2025 21:38:35 GMT,10/31/2025 02:00:00 GMT,2025-10-30T21:38:35.000Z,2025-10-31T02:00:00.000Z,Higher 7.5 LaMelo Ball Assists O/U ORL @ CHA | Higher 7.5 Paolo Banchero Assists O/U ORL @ CHA | Higher 7.5 Paolo Banchero Rebounds O/U ORL @ CHA | Higher 7.5 LaMelo Ball Rebounds O/U ORL @ CHA,,Basketball,NBA
8509c9dd-93bd-4331-8797-dc633e9225a5,Underdog,parlay,SETTLED_PUSH,2,,,10,0.00,10/30/2025 02:56:06 GMT,10/30/2025 05:56:06 GMT,2025-10-30T02:56:06.000Z,2025-10-30T05:56:06.000Z,Higher 26.5 Lauri Markkanen Points O/U POR @ UTA | Lower 21.5 Ja Morant Points O/U MEM @ PHX,,Basketball,NBA
1c5e1904-d9b7-4816-8bb9-9416cb0ea8a7,Underdog,parlay,SETTLED_LOSS,2.97,,,25,-25.00,10/30/2025 01:22:52 GMT,10/30/2025 04:30:00 GMT,2025-10-30T01:22:52.000Z,2025-10-30T04:30:00.000Z,Higher 5.5 Austin Reaves Assists O/U LAL @ MIN | Higher 13.5 Jaden McDaniels Points O/U LAL @ MIN | Higher 5.5 Austin Reaves Rebounds O/U LAL @ MIN,,Basketball,NBA
54da0c6d-74fc-4e0b-b3e2-21eede9af087,Underdog,parlay,SETTLED_WIN,2.01,3.114074528823132,-0.3545,25,24.60,10/29/2025 15:36:19 GMT,10/30/2025 02:00:00 GMT,2025-10-29T15:36:19.000Z,2025-10-30T02:00:00.000Z,Lower 7.5 Sandro Mamukelashvili Rebounds O/U HOU @ TOR | Higher 8.5 Josh Minott Points O/U CLE @ BOS,,Basketball,NBA
1e63bd35-e731-47fc-bfa4-486d54a6177a,Underdog,parlay,SETTLED_LOSS,3,4.08,-0.2647,5,-5.00,10/28/2025 19:30:26 GMT,10/29/2025 06:00:00 GMT,2025-10-28T19:30:26.000Z,2025-10-29T06:00:00.000Z,Higher 14.5 Kyshawn George Points O/U PHI @ WAS | Higher 24.5 Stephen Curry Points O/U LAC @ GSW,,Basketball,NBA
353c3980-90c2-4dbb-9970-6c4433abe7a6,Underdog,parlay,SETTLED_LOSS,18.84,,,20,-20.00,10/28/2025 22:30:53 GMT,10/29/2025 03:00:00 GMT,2025-10-28T22:30:53.000Z,2025-10-29T03:00:00.000Z,Higher 22.5 Joel Embiid Points O/U PHI @ WAS | Higher 5.5 Kyshawn George Assists O/U PHI @ WAS | Higher 9.5 Josh Hart Rebounds O/U NYK @ MIL,,Basketball,NBA
6c5d1293-c349-461d-b732-ecaa16c5368f,Underdog,parlay,SETTLED_WIN,1.36,,,250,87.30,10/28/2025 19:42:46 GMT,10/29/2025 03:00:00 GMT,2025-10-28T19:42:46.000Z,2025-10-29T03:00:00.000Z,Lower 0.5 Shohei Ohtani Home Runs O/U TOR @ LAD | Higher 24.5 Giannis Antetokounmpo Points O/U NYK @ MIL,,Baseball | Basketball,MLB | NBA
PlacedBet:qPbvu9RbpMhTsPnU5/jTh0g7/N8=,theScore Bet,parlay,SETTLED_LOSS,27.490909090909092,33.352890277777774,-0.1758,10,0.00,03/19/2025 16:06:47 GMT,03/21/2025 01:39:41 GMT,2025-03-19T16:06:47.403Z,2025-03-21T01:39:41.980Z,BYU Moneyline VCU Rams @ BYU Cougars | Arkansas Moneyline Arkansas Razorbacks @ Kansas Jayhawks | Yale +7.5 Game Spread Yale Bulldogs @ Texas A&M Aggies | Drake Moneyline Drake Bulldogs @ Missouri Tigers,,Basketball,NCAAM
886439044,PrizePicks,parlay,SETTLED_LOSS,1.6,,,65,-65.00,02/12/2025 16:23:51 GMT,02/13/2025 04:10:00 GMT,2025-02-12T16:23:51.033Z,2025-02-13T04:10:00.000Z,Over 2.5 Austin Reaves Rebounds LAL vs. UTA | Over 1.5 Klay Thompson 3-PT Made DAL vs. GSW | Over 1.5 CJ McCollum 3-PT Made NOP vs. SAC,,Basketball,NBA
883563188,PrizePicks,parlay,SETTLED_WIN,1.3,,,50,15.00,02/11/2025 12:21:42 GMT,02/12/2025 06:10:00 GMT,2025-02-11T12:21:42.102Z,2025-02-12T06:10:00.000Z,Over 14.5 Ja Morant Points MEM vs. PHX | Over 8.5 Jalen Duren Rebounds DET vs. CHI,,Basketball,NBA
881176231,PrizePicks,parlay,SETTLED_WIN,2,2.6568160317501537,-0.2472,25,50.00,02/10/2025 15:53:17 GMT,02/11/2025 06:40:00 GMT,2025-02-10T15:53:17.306Z,2025-02-11T06:40:00.000Z,Over 5.5 Anthony Black Points ORL vs. ATL | Over 23.5 Walker Kessler Pts+Rebs+Asts UTA vs. LAL,,Basketball,NBA
878093258,PrizePicks,round_robin_6,SETTLED_LOSS,17,,,25,0.00,02/09/2025 17:58:23 GMT,02/10/2025 02:42:00 GMT,2025-02-09T17:58:23.738Z,2025-02-10T02:42:00.000Z,Over 0.5 Kareem Hunt Receptions KC vs. PHI | Over 12.5 Noah Gray Receiving Yards KC vs. PHI | Over 0.5 Grant Calcaterra Receiving Yards PHI vs. KC | Over 27.5 Jalen Hurts Pass Attempts PHI vs. KC | Over 6 Patrick Mahomes Rush Attempts KC vs. PHI | Under 199.5 Saquon Barkley + Travis Kelce Rush+Rec Yds (Combo) PHI vs. KC,,American Football,NFL
877478795,PrizePicks,parlay,SETTLED_LOSS,10,,,25,0.00,02/09/2025 14:24:03 GMT,02/10/2025 02:42:00 GMT,2025-02-09T14:24:03.704Z,2025-02-10T02:42:00.000Z,Over 0.5 Patrick Mahomes Pass Yards KC vs. PHI | Over 38.5 Jalen Hurts Rush Yards PHI vs. KC | Over 62.5 Travis Kelce Receiving Yards KC vs. PHI | Under 5.5 Xavier Worthy Receptions KC vs. PHI,,American Football,NFL
878146079,PrizePicks,parlay,SETTLED_LOSS,49,,,5,-5.00,02/09/2025 18:09:26 GMT,02/10/2025 02:42:00 GMT,2025-02-09T18:09:26.693Z,2025-02-10T02:42:00.000Z,Over 0.5 Kareem Hunt Anytime TDs KC vs. PHI | Over 0.5 DeAndre Hopkins Anytime TDs KC vs. PHI | Over 0.5 Saquon Barkley Anytime TDs PHI vs. KC | Over 0.5 DeVonta Smith Anytime TDs PHI vs. KC,,American Football,NFL
877747677,PrizePicks,parlay,SETTLED_LOSS,3,,,100,0.00,02/09/2025 16:27:14 GMT,02/10/2025 02:42:00 GMT,2025-02-09T16:27:14.893Z,2025-02-10T02:42:00.000Z,Over 22.5 Isiah Pacheco Rush Yards KC vs. PHI | Over 71.5 A.J. Brown Receiving Yards PHI vs. KC,,American Football,NFL
872690889,PrizePicks,round_robin_5,SETTLED_LOSS,58,,,5,-5.00,02/07/2025 02:42:20 GMT,02/07/2025 06:04:00 GMT,2025-02-07T02:42:20.730Z,2025-02-07T06:04:00.000Z,Over 28 DeMar DeRozan Pts+Rebs+Asts SAC vs. POR | Over 9.5 Buddy Hield Points GSW vs. LAL | Over 8.5 Austin Reaves Assists LAL vs. GSW | Over 8.5 Domantas Sabonis Assists SAC vs. POR | Over 9.5 Jaxson Hayes Rebounds LAL vs. GSW,,Basketball,NBA
1ZW4YUMFH3,BetMGM,parlay,SETTLED_LOSS,4.640000000000001,3.8789220496374117,0.1962,25,-25.00,12/15/2024 21:15:19 GMT,12/16/2024 00:25:00 GMT,2024-12-15T21:15:19.887Z,2024-12-16T00:25:00.000Z,Eagles Money Line Pittsburgh Steelers at Philadelphia Eagles | Cardinals Money Line New England Patriots at Arizona Cardinals | Detroit Lions -2.5 Spread Buffalo Bills at Detroit Lions,,American Football,NFL
1ZW4RRU4L4,BetMGM,parlay,SETTLED_LOSS,4.62,5.633743152611968,-0.1799,25,-25.00,12/15/2024 18:00:51 GMT,12/15/2024 21:03:00 GMT,2024-12-15T18:00:51.330Z,2024-12-15T21:03:00.000Z,New York Jets -3 Spread New York Jets at Jacksonville Jaguars | Under 24.5 1st Half Totals Kansas City Chiefs at Cleveland Browns | Bengals Money Line Cincinnati Bengals at Tennessee Titans | Washington Commanders -2.5 Spread Washington Commanders at New Orleans Saints,,American Football,NFL
1ZUE4G1ZP6,BetMGM,parlay,SETTLED_CASH_OUT,7.88,8.333243810771917,-0.0544,25,0.00,11/30/2024 15:44:42 GMT,11/30/2024 23:30:00 GMT,2024-11-30T15:44:42.763Z,2024-11-30T23:30:00.000Z,Kansas Money Line Kansas at Baylor | Clemson -2.5 Spread South Carolina at Clemson | SMU Money Line California at SMU | USC +7.5 Spread Notre Dame at USC,,American Football,NCAAFB
1ZUE677D2F,BetMGM,parlay,SETTLED_LOSS,12.69,14.300077033683143,-0.1126,25,-25.00,11/30/2024 16:39:43 GMT,11/30/2024 20:00:00 GMT,2024-11-30T16:39:43.027Z,2024-11-30T20:00:00.000Z,Kansas Money Line Kansas at Baylor | Vanderbilt +10.5 Spread Tennessee at Vanderbilt | Clemson Money Line South Carolina at Clemson | USC +7.5 Spread Notre Dame at USC | SMU Money Line California at SMU,,American Football,NCAAFB
1ZU4RXZ09Z,BetMGM,parlay,SETTLED_LOSS,11.01,12.572800585088169,-0.1243,25,0.00,11/23/2024 23:57:07 GMT,11/24/2024 03:30:00 GMT,2024-11-23T23:57:07.640Z,2024-11-24T03:30:00.000Z,Notre Dame -6.5 Spread Army at Notre Dame (Neutral Venue) | Alabama Money Line Alabama at Oklahoma | Auburn Money Line Texas A&M at Auburn | Kansas State -6.5 Spread Cincinnati U at Kansas State | Santa Clara -1.5 Spread Stanford at Santa Clara,,American Football | Basketball,NCAAFB | NCAAM
1ZU4JWW5KR,BetMGM,parlay,SETTLED_LOSS,3.2,3.829666174240657,-0.1644,25,-25.00,11/23/2024 20:44:06 GMT,11/23/2024 23:50:00 GMT,2024-11-23T20:44:06.310Z,2024-11-23T23:50:00.000Z,Colorado -2.5 Spread Colorado at Kansas | Notre Dame Money Line Army at Notre Dame (Neutral Venue) | Alabama Money Line Alabama at Oklahoma | Kansas St Money Line Cincinnati U at Kansas State,,American Football,NCAAFB
1ZU4ACHHE0,BetMGM,parlay,SETTLED_LOSS,5.18,5.8524913194064725,-0.1149,25,-25.00,11/23/2024 16:12:11 GMT,11/23/2024 20:00:00 GMT,2024-11-23T16:12:11.817Z,2024-11-23T20:00:00.000Z,Ohio State -2.5 Spread Indiana at Ohio State | Rutgers -2.5 Spread Illinois at Rutgers | SMU Money Line SMU at Virginia | Arizona State -2.5 Spread BYU at Arizona State,,American Football,NCAAFB
PlacedBet:MFmJmLV4AGyPwhElGQZErp8MbhQ=,theScore Bet,parlay,SETTLED_LOSS,3,3.3821052631578947,-0.1130,10,0.00,09/27/2024 22:07:51 GMT,09/28/2024 03:32:50 GMT,2024-09-27T22:07:51.204Z,2024-09-28T03:32:50.793Z,Miami (FL) -13.5 Match Spread Virginia Tech Hokies @ Miami (FL) Hurricanes | Rutgers -1.5 Game Spread Washington Huskies @ Rutgers Scarlet Knights,,American Football,NCAAFB
23503675000040505,Fanatics,straight,SETTLED_LOSS,2,,,10,-10.00,12/16/2023 18:35:18 GMT,12/16/2023 19:53:36 GMT,2023-12-16T18:35:18.086Z,2023-12-16T19:53:36.967Z,Indiana -1.5 Spread -1.5 Kansas at Indiana,,Basketball,NCAAM
1ZB5U9FUT5,BetMGM,parlay,SETTLED_LOSS,4.71,4.907864028409078,-0.0403,50,0.00,12/01/2023 16:09:43 GMT,12/02/2023 05:00:00 GMT,2023-12-01T16:09:43.763Z,2023-12-02T05:00:00.000Z,Houston U Money Line Houston U at Xavier | Celtics Money Line Philadelphia 76ers at Boston Celtics | Washington +9 Spread Oregon at Washington (Neutral Venue) | Purdue Money Line Purdue at Northwestern,,Basketball | American Football,NCAAM | NBA | NCAAFB
1ZB52EEURY,BetMGM,straight,SETTLED_WIN,1.8695652173913042,1.963572565832994,-0.0479,50,43.48,12/01/2023 02:54:04 GMT,12/01/2023 06:10:00 GMT,2023-12-01T02:54:04.310Z,2023-12-01T06:10:00.000Z,Golden State Warriors -1.5 Spread Los Angeles Clippers at Golden State Warriors,,Basketball,NBA
1ZB4Z3Y636,BetMGM,parlay,SETTLED_WIN,6,,,50,250.00,12/01/2023 01:07:32 GMT,12/01/2023 04:15:00 GMT,2023-12-01T01:07:32.870Z,2023-12-01T04:15:00.000Z,D.K. Metcalf Score anytime (Game) Player TDs Seattle Seahawks vs. Dallas Cowboys | D.K. Metcalf 45+ Receiving yds (Game) Player stats Seattle Seahawks vs. Dallas Cowboys | B. Cooks 35+ Receiving yds (Game) Player stats Seattle Seahawks vs. Dallas Cowboys,,American Football,NFL
1ZB30SUZCJ,BetMGM,straight,SETTLED_WIN,1.9090909090909092,2.0604618213009824,-0.0735,40,36.36,11/30/2023 15:53:44 GMT,12/01/2023 04:15:00 GMT,2023-11-30T15:53:44.823Z,2023-12-01T04:15:00.000Z,Seattle Seahawks +9 Spread Seattle Seahawks at Dallas Cowboys,,American Football,NFL
1ZAW1L3SYB,BetMGM,straight,SETTLED_LOSS,2.3,2.38240700924933,-0.0346,10,0.00,11/25/2023 16:52:03 GMT,11/25/2023 20:12:00 GMT,2023-11-25T16:52:03.943Z,2023-11-25T20:12:00.000Z,Ohio State Money Line Ohio State at Michigan,,American Football,NCAAFB
1ZAU21T65G,BetMGM,parlay,SETTLED_LOSS,3,,,10,-10.00,11/25/2023 00:01:45 GMT,11/25/2023 03:01:45 GMT,2023-11-25T00:01:45.910Z,2023-11-25T03:01:45.910Z,Alabama Money Line Alabama at Ohio St. (Neutral Venue) | Texas Money Line Texas Tech at Texas | Oregon State +14 Spread Oregon State at Oregon,,Basketball | American Football,NCAAM | NCAAFB
PlacedBet:PKklyvbg57lGH/zgZGeIB3w7RpY=,theScore Bet,parlay,SETTLED_LOSS,9.7371,,,50,0.00,11/23/2023 19:35:04 GMT,11/24/2023 00:49:55 GMT,2023-11-23T19:35:04.404Z,2023-11-24T00:49:55.859Z,Yes Brian Robinson Jr. To Score A Touchdown Washington Commanders @ Dallas Cowboys | Over 19.5 Tony Pollard Total Receiving Yards Washington Commanders @ Dallas Cowboys | Over 90.5 CeeDee Lamb Total Receiving Yards Washington Commanders @ Dallas Cowboys,,American Football,NFL
PlacedBet:PEzBxoqnm0AtViofk0ddUKYAkNI=,theScore Bet,parlay,SETTLED_LOSS,46.75,,,1.15,-1.15,11/23/2023 19:36:45 GMT,11/23/2023 22:10:30 GMT,2023-11-23T19:36:45.851Z,2023-11-23T22:10:30.305Z,Yes Brian Robinson Jr. First Touchdown Scorer Washington Commanders @ Dallas Cowboys | Yes Christian McCaffrey First Touchdown Scorer San Francisco 49ers @ Seattle Seahawks,,American Football,NFL
PlacedBet:u4sV6a1FWe7BCE2pj/iCbOyq2jQ=,theScore Bet,parlay,SETTLED_LOSS,13.1926,,,50,0.00,11/23/2023 16:52:52 GMT,11/23/2023 20:48:21 GMT,2023-11-23T16:52:52.974Z,2023-11-23T20:48:21.752Z,Over 43.5 Sam LaPorta Total Receiving Yards Green Bay Packers @ Detroit Lions | Over 68.5 David Montgomery Total Rushing Yards Green Bay Packers @ Detroit Lions | DET Lions Moneyline Green Bay Packers @ Detroit Lions | Over 42.5 Romeo Doubs Total Receiving Yards Green Bay Packers @ Detroit Lions | Under 33.5 Jared Goff Total Passing Attempts Green Bay Packers @ Detroit Lions,,American Football,NFL
PlacedBet:1VK/jiYdkqI0gXmqdvqFXFOM9t8=,theScore Bet,parlay,SETTLED_LOSS,9.42572463768116,11.641468369638027,-0.1903,50,0.00,11/22/2023 19:46:45 GMT,11/23/2023 02:34:45 GMT,2023-11-22T19:46:45.916Z,2023-11-23T02:34:45.941Z,DEN Nuggets -3.5 Match Spread Denver Nuggets @ Orlando Magic | BOS Bruins Moneyline Boston Bruins @ Florida Panthers | IND Pacers -2.5 Match Spread Toronto Raptors @ Indiana Pacers | BOS Celtics Moneyline Milwaukee Bucks @ Boston Celtics,,Basketball | Ice Hockey,NBA | NHL
PlacedBet:HrMpd7kpRJxARjCGQwjW/rvlZuQ=,theScore Bet,straight,SETTLED_LOSS,3.1,3.2533540127665765,-0.0471,23,-23.00,11/21/2023 04:26:04 GMT,11/21/2023 06:45:15 GMT,2023-11-21T04:26:04.972Z,2023-11-21T06:45:15.139Z,UCLA Moneyline UCLA Bruins @ Marquette Golden Eagles,,Basketball,NCAAM
PlacedBet:mWgbZn3Dy7DMtgrHQ+B/E9GKKdg=,theScore Bet,parlay,SETTLED_LOSS,7.4349,,,50,0.00,11/21/2023 00:52:34 GMT,11/21/2023 04:25:39 GMT,2023-11-21T00:52:34.735Z,2023-11-21T04:25:39.879Z,Yes D'Andre Swift To Score A Touchdown Philadelphia Eagles @ Kansas City Chiefs | Over 18.5 Marquez Valdes-Scantling Total Receiving Yards Philadelphia Eagles @ Kansas City Chiefs | Over 13.5 D'Andre Swift Rushing Attempts Philadelphia Eagles @ Kansas City Chiefs,,American Football,NFL
PlacedBet:NQXtlwPJT9i6ewF1pqhruJ+iHY8=,theScore Bet,straight,SETTLED_WIN,2.25,2.324977947777256,-0.0322,10,12.50,11/21/2023 00:16:15 GMT,11/21/2023 04:22:20 GMT,2023-11-21T00:16:15.405Z,2023-11-21T04:22:20.532Z,PHI Eagles Moneyline Philadelphia Eagles @ Kansas City Chiefs,,American Football,NFL
639220106213418903,Draftkings Sportsbook,parlay,PLACED,416.5,,,1,0.00,08/11/2026 02:03:42 GMT,,2026-08-11T02:03:42.003Z,,Jahmyr Gibbs Offensive Player of the Year NFL 2026/27 - Awards | Caleb Downs Defensive Rookie of the Year NFL 2026/27 - Awards | Jordyn Tyson Offensive Rookie of the Year NFL 2026/27 - Awards,,American Football,NFL
